utc,mempool,rpc_ms_or_fail
2026-10-09T12:24:35Z,22723,94
2026-10-09T12:24:36Z,22455,92
2026-10-09T12:24:37Z,21083,109
2026-10-09T12:24:38Z,20563,92
2026-10-09T12:24:39Z,19085,192
2026-10-09T12:24:40Z,17682,167
2026-10-09T12:24:41Z,17782,168
2026-10-09T12:24:42Z,19057,164
2026-10-09T12:24:43Z,18834,170
2026-10-09T12:24:44Z,18309,193
2026-10-09T12:24:45Z,18356,163
2026-10-09T12:24:46Z,19039,165
2026-10-09T12:24:47Z,19839,167
2026-10-09T12:24:48Z,20173,171
2026-10-09T12:24:49Z,19188,162
2026-10-09T12:24:50Z,22090,158
2026-10-09T12:24:51Z,19776,119
2026-10-09T12:24:52Z,19861,126
2026-10-09T12:24:53Z,19916,159
2026-10-09T12:24:54Z,19796,381
2026-10-09T12:24:55Z,19796,90
2026-10-09T12:24:56Z,22555,92
2026-10-09T12:24:57Z,22555,88
2026-10-09T12:24:58Z,23475,109
2026-10-09T12:24:59Z,20276,104
2026-10-09T12:25:00Z,19553,196
2026-10-09T12:25:01Z,19905,114
2026-10-09T12:25:02Z,19597,126
2026-10-09T12:25:03Z,18427,162
2026-10-09T12:25:04Z,19874,179
2026-10-09T12:25:05Z,20457,158
2026-10-09T12:25:06Z,19246,156
2026-10-09T12:25:07Z,20079,101
2026-10-09T12:25:08Z,20016,104
2026-10-09T12:25:09Z,20645,108
2026-10-09T12:25:10Z,19653,151
2026-10-09T12:25:11Z,19122,151
2026-10-09T12:25:12Z,20208,113
2026-10-09T12:25:13Z,19911,134
2026-10-09T12:25:14Z,18830,148
2026-10-09T12:25:15Z,18598,119
2026-10-09T12:25:16Z,18914,88
2026-10-09T12:25:17Z,18276,154
2026-10-09T12:25:18Z,19264,151
2026-10-09T12:25:19Z,19250,160
2026-10-09T12:25:20Z,18175,153
2026-10-09T12:25:21Z,17433,153
2026-10-09T12:25:22Z,17141,146
2026-10-09T12:25:23Z,18458,156
2026-10-09T12:25:24Z,17008,213
2026-10-09T12:25:25Z,18466,513
2026-10-09T12:25:26Z,19464,452
2026-10-09T12:25:27Z,19681,451
2026-10-09T12:25:28Z,19131,448
2026-10-09T12:25:29Z,19062,445
2026-10-09T12:25:30Z,20052,444
2026-10-09T12:25:31Z,20216,442
2026-10-09T12:25:32Z,19654,447
2026-10-09T12:25:33Z,19122,449
2026-10-09T12:25:34Z,19890,452
2026-10-09T12:25:35Z,19478,440
2026-10-09T12:25:36Z,19971,436
2026-10-09T12:25:37Z,19334,437
2026-10-09T12:25:38Z,19947,440
2026-10-09T12:25:39Z,20018,446
2026-10-09T12:25:40Z,20266,442
2026-10-09T12:25:41Z,20324,444
2026-10-09T12:25:42Z,21362,440
2026-10-09T12:25:43Z,20980,441
2026-10-09T12:25:44Z,20844,468
2026-10-09T12:25:45Z,21009,436
2026-10-09T12:25:46Z,21264,434
2026-10-09T12:25:47Z,20608,434
2026-10-09T12:25:48Z,21625,435
2026-10-09T12:25:49Z,21209,434
2026-10-09T12:25:50Z,22052,433
2026-10-09T12:25:51Z,20695,108
2026-10-09T12:25:52Z,20669,434
2026-10-09T12:25:53Z,19848,433
2026-10-09T12:25:54Z,19788,445
2026-10-09T12:25:55Z,20579,435
2026-10-09T12:25:56Z,20091,432
2026-10-09T12:25:57Z,20090,92
2026-10-09T12:25:58Z,20066,429
2026-10-09T12:25:59Z,20979,429
2026-10-09T12:26:00Z,20690,152
2026-10-09T12:26:01Z,22579,95
2026-10-09T12:26:02Z,19755,428
2026-10-09T12:26:03Z,19237,152
2026-10-09T12:26:04Z,18499,440
2026-10-09T12:26:05Z,20143,93
2026-10-09T12:26:06Z,18251,430
2026-10-09T12:26:07Z,18236,431
2026-10-09T12:26:08Z,18263,426
2026-10-09T12:26:09Z,19288,425
2026-10-09T12:26:10Z,20453,422
2026-10-09T12:26:11Z,22143,99
2026-10-09T12:26:12Z,21187,105
2026-10-09T12:26:13Z,20987,141
2026-10-09T12:26:14Z,20680,141
2026-10-09T12:26:15Z,19681,87
2026-10-09T12:26:16Z,20139,89
2026-10-09T12:26:17Z,20139,121
2026-10-09T12:26:18Z,20269,176
2026-10-09T12:26:19Z,19423,108
2026-10-09T12:26:20Z,18550,420
2026-10-09T12:26:21Z,19138,500
2026-10-09T12:26:22Z,19886,424
2026-10-09T12:26:23Z,20538,420
2026-10-09T12:26:24Z,20278,509
2026-10-09T12:26:25Z,20180,96
2026-10-09T12:26:26Z,19974,92
2026-10-09T12:26:27Z,19873,419
2026-10-09T12:26:28Z,19204,420
2026-10-09T12:26:29Z,19922,421
2026-10-09T12:26:30Z,20145,420
2026-10-09T12:26:31Z,21062,113
2026-10-09T12:26:32Z,21058,113
2026-10-09T12:26:33Z,20907,135
2026-10-09T12:26:34Z,20907,165
2026-10-09T12:26:35Z,22347,102
2026-10-09T12:26:36Z,20799,111
2026-10-09T12:26:37Z,19191,94
2026-10-09T12:26:38Z,19837,93
2026-10-09T12:26:39Z,19555,92
2026-10-09T12:26:40Z,19699,417
2026-10-09T12:26:41Z,20536,414
2026-10-09T12:26:42Z,20194,416
2026-10-09T12:26:43Z,19781,98
2026-10-09T12:26:44Z,18495,475
2026-10-09T12:26:45Z,19646,417
2026-10-09T12:26:46Z,19314,411
2026-10-09T12:26:47Z,19721,410
2026-10-09T12:26:48Z,20790,409
2026-10-09T12:26:49Z,20211,409
2026-10-09T12:26:50Z,21135,409
2026-10-09T12:26:51Z,19749,107
2026-10-09T12:26:52Z,20075,92
2026-10-09T12:26:53Z,21158,98
2026-10-09T12:26:54Z,20296,128
2026-10-09T12:26:55Z,20268,92
2026-10-09T12:26:56Z,20282,91
2026-10-09T12:26:57Z,19960,214
2026-10-09T12:26:58Z,20338,93
2026-10-09T12:26:59Z,20425,92
2026-10-09T12:27:00Z,19930,143
2026-10-09T12:27:01Z,20084,158
2026-10-09T12:27:02Z,20673,94
2026-10-09T12:27:03Z,19499,109
2026-10-09T12:27:04Z,20369,125
2026-10-09T12:27:05Z,20629,110
2026-10-09T12:27:06Z,20095,140
2026-10-09T12:27:07Z,20455,91
2026-10-09T12:27:08Z,20235,107
2026-10-09T12:27:09Z,20078,87
2026-10-09T12:27:10Z,19695,91
2026-10-09T12:27:11Z,18653,405
2026-10-09T12:27:12Z,19944,401
2026-10-09T12:27:13Z,20222,403
2026-10-09T12:27:14Z,19696,105
2026-10-09T12:27:15Z,20242,111
2026-10-09T12:27:16Z,20934,106
2026-10-09T12:27:17Z,20230,401
2026-10-09T12:27:18Z,19008,405
2026-10-09T12:27:19Z,20084,397
2026-10-09T12:27:20Z,20639,395
2026-10-09T12:27:21Z,20593,398
2026-10-09T12:27:22Z,20995,402
2026-10-09T12:27:23Z,20598,398
2026-10-09T12:27:24Z,20821,402
2026-10-09T12:27:25Z,20265,401
2026-10-09T12:27:26Z,20436,391
2026-10-09T12:27:27Z,20447,389
2026-10-09T12:27:28Z,20131,392
2026-10-09T12:27:29Z,20155,390
2026-10-09T12:27:30Z,20381,415
2026-10-09T12:27:31Z,19855,408
2026-10-09T12:27:32Z,20839,387
2026-10-09T12:27:33Z,20019,387
2026-10-09T12:27:34Z,20370,436
2026-10-09T12:27:35Z,20279,416
2026-10-09T12:27:36Z,20638,378
2026-10-09T12:27:37Z,20734,377
2026-10-09T12:27:38Z,20196,112
2026-10-09T12:27:39Z,19278,379
2026-10-09T12:27:40Z,20629,95
2026-10-09T12:27:41Z,21267,171
2026-10-09T12:27:42Z,20424,137
2026-10-09T12:27:43Z,20970,91
2026-10-09T12:27:44Z,21769,108
2026-10-09T12:27:45Z,22993,100
2026-10-09T12:27:46Z,22566,90
2026-10-09T12:27:47Z,23923,104
2026-10-09T12:27:48Z,23681,119
2026-10-09T12:27:49Z,22942,88
2026-10-09T12:27:50Z,19851,92
2026-10-09T12:27:51Z,20053,110
2026-10-09T12:27:52Z,19739,371
2026-10-09T12:27:53Z,20273,377
2026-10-09T12:27:54Z,20180,380
2026-10-09T12:27:55Z,20567,454
2026-10-09T12:27:56Z,20026,371
2026-10-09T12:27:57Z,19640,371
2026-10-09T12:27:58Z,20398,370
2026-10-09T12:27:59Z,20205,370
2026-10-09T12:28:00Z,21725,372
2026-10-09T12:28:01Z,21545,373
2026-10-09T12:28:02Z,21346,373
2026-10-09T12:28:03Z,19481,367
2026-10-09T12:28:04Z,19672,379
2026-10-09T12:28:05Z,20369,444
2026-10-09T12:28:06Z,19919,445
2026-10-09T12:28:07Z,20631,375
2026-10-09T12:28:08Z,20902,162
2026-10-09T12:28:09Z,19380,371
2026-10-09T12:28:10Z,20334,365
2026-10-09T12:28:11Z,20263,369
2026-10-09T12:28:12Z,19541,366
2026-10-09T12:28:13Z,21047,361
2026-10-09T12:28:14Z,20064,393
2026-10-09T12:28:15Z,19611,446
2026-10-09T12:28:16Z,19666,362
2026-10-09T12:28:17Z,20539,359
2026-10-09T12:28:18Z,19939,367
2026-10-09T12:28:19Z,19582,373
2026-10-09T12:28:20Z,19947,104
2026-10-09T12:28:21Z,20195,112
2026-10-09T12:28:22Z,20199,113
2026-10-09T12:28:23Z,20589,89
2026-10-09T12:28:24Z,21122,102
2026-10-09T12:28:25Z,21186,136
2026-10-09T12:28:26Z,20349,91
2026-10-09T12:28:27Z,21766,97
2026-10-09T12:28:28Z,21680,93
2026-10-09T12:28:29Z,21298,117
2026-10-09T12:28:30Z,22101,110
2026-10-09T12:28:31Z,20514,92
2026-10-09T12:28:32Z,18818,96
2026-10-09T12:28:33Z,19643,92
2026-10-09T12:28:34Z,19253,145
2026-10-09T12:28:35Z,18380,198
2026-10-09T12:28:36Z,19756,100
2026-10-09T12:28:37Z,19561,99
2026-10-09T12:28:38Z,19818,96
2026-10-09T12:28:39Z,19802,109
2026-10-09T12:28:40Z,19248,98
2026-10-09T12:28:41Z,20279,95
2026-10-09T12:28:42Z,20694,120
2026-10-09T12:28:43Z,19551,120
2026-10-09T12:28:44Z,19495,170
2026-10-09T12:28:45Z,20056,353
2026-10-09T12:28:46Z,18812,349
2026-10-09T12:28:47Z,18983,348
2026-10-09T12:28:48Z,18682,352
2026-10-09T12:28:49Z,19739,351
2026-10-09T12:28:50Z,19132,348
2026-10-09T12:28:51Z,18866,348
2026-10-09T12:28:52Z,19747,346
2026-10-09T12:28:53Z,19399,345
2026-10-09T12:28:54Z,20394,360
2026-10-09T12:28:55Z,20643,346
2026-10-09T12:28:56Z,20874,351
2026-10-09T12:28:57Z,20228,346
2026-10-09T12:28:58Z,20076,344
2026-10-09T12:28:59Z,18844,347
2026-10-09T12:29:00Z,19336,342
2026-10-09T12:29:01Z,19104,344
2026-10-09T12:29:02Z,19227,346
2026-10-09T12:29:03Z,20214,419
2026-10-09T12:29:04Z,20135,362
2026-10-09T12:29:05Z,20874,348
2026-10-09T12:29:06Z,20852,422
2026-10-09T12:29:07Z,19390,343
2026-10-09T12:29:08Z,19873,344
2026-10-09T12:29:09Z,18768,416
2026-10-09T12:29:10Z,18635,343
2026-10-09T12:29:11Z,21163,109
2026-10-09T12:29:12Z,22887,87
2026-10-09T12:29:13Z,23836,87
2026-10-09T12:29:14Z,24361,103
2026-10-09T12:29:15Z,24361,100
2026-10-09T12:29:16Z,24361,112
2026-10-09T12:29:17Z,24361,90
2026-10-09T12:29:18Z,26691,121
2026-10-09T12:29:19Z,26691,107
2026-10-09T12:29:20Z,26691,99
2026-10-09T12:29:21Z,22843,119
2026-10-09T12:29:22Z,22843,88
2026-10-09T12:29:23Z,23814,135
2026-10-09T12:29:24Z,19897,140
2026-10-09T12:29:25Z,19515,331
2026-10-09T12:29:26Z,19755,337
2026-10-09T12:29:27Z,20337,129
2026-10-09T12:29:28Z,20337,98
2026-10-09T12:29:29Z,20337,109
2026-10-09T12:29:30Z,20337,109
2026-10-09T12:29:31Z,25007,92
2026-10-09T12:29:32Z,25007,129
2026-10-09T12:29:33Z,25007,125
2026-10-09T12:29:34Z,25007,157
2026-10-09T12:29:35Z,25007,132
2026-10-09T12:29:36Z,25007,97
2026-10-09T12:29:37Z,25007,92
2026-10-09T12:29:38Z,25007,118
2026-10-09T12:29:39Z,30907,86
2026-10-09T12:29:40Z,30907,88
2026-10-09T12:29:41Z,30907,87
2026-10-09T12:29:42Z,30907,98
2026-10-09T12:29:43Z,30907,135
2026-10-09T12:29:44Z,30907,139
2026-10-09T12:29:45Z,30907,104
2026-10-09T12:29:46Z,30907,99
2026-10-09T12:29:47Z,32107,169
2026-10-09T12:29:48Z,32107,118
2026-10-09T12:29:49Z,32107,99
2026-10-09T12:29:50Z,32107,102
2026-10-09T12:29:51Z,32107,93
2026-10-09T12:29:52Z,32107,96
2026-10-09T12:29:53Z,32107,87
2026-10-09T12:29:54Z,32107,117
2026-10-09T12:29:55Z,32107,103
2026-10-09T12:29:56Z,30117,89
2026-10-09T12:29:57Z,30117,123
2026-10-09T12:29:58Z,30117,117
2026-10-09T12:29:59Z,21054,140
2026-10-09T12:30:00Z,21054,299
2026-10-09T12:30:01Z,21054,301
2026-10-09T12:30:02Z,21054,299
2026-10-09T12:30:03Z,21865,104
2026-10-09T12:30:04Z,21865,402
2026-10-09T12:30:05Z,21865,88
2026-10-09T12:30:06Z,21849,299
2026-10-09T12:30:07Z,21849,300
2026-10-09T12:30:08Z,21849,97
2026-10-09T12:30:09Z,21849,117
2026-10-09T12:30:10Z,21000,294
2026-10-09T12:30:11Z,21000,292
2026-10-09T12:30:12Z,21000,292
2026-10-09T12:30:13Z,21000,301
2026-10-09T12:30:14Z,23283,121
2026-10-09T12:30:15Z,23283,131
2026-10-09T12:30:16Z,19571,286
2026-10-09T12:30:17Z,19571,103
2026-10-09T12:30:18Z,19571,91
2026-10-09T12:30:19Z,19571,129
2026-10-09T12:30:20Z,19571,109
2026-10-09T12:30:21Z,19571,131
2026-10-09T12:30:22Z,22475,135
2026-10-09T12:30:23Z,22475,99
2026-10-09T12:30:24Z,22475,117
2026-10-09T12:30:25Z,22475,111
2026-10-09T12:30:26Z,22475,88
2026-10-09T12:30:27Z,22475,93
2026-10-09T12:30:28Z,22475,113
2026-10-09T12:30:29Z,22475,96
2026-10-09T12:30:30Z,25920,103
2026-10-09T12:30:31Z,25920,109
2026-10-09T12:30:32Z,17890,87
2026-10-09T12:30:33Z,17884,122
2026-10-09T12:30:34Z,17884,105
2026-10-09T12:30:35Z,18997,99
2026-10-09T12:30:36Z,18997,94
2026-10-09T12:30:37Z,18997,120
2026-10-09T12:30:38Z,18997,173
2026-10-09T12:30:39Z,18997,109
2026-10-09T12:30:40Z,18997,105
2026-10-09T12:30:41Z,20795,111
2026-10-09T12:30:42Z,20795,94
2026-10-09T12:30:43Z,20795,121
2026-10-09T12:30:44Z,20795,170
2026-10-09T12:30:45Z,20795,151
2026-10-09T12:30:46Z,22431,249
2026-10-09T12:30:47Z,22431,129
2026-10-09T12:30:48Z,22431,101
2026-10-09T12:30:49Z,22431,104
2026-10-09T12:30:50Z,22431,121
2026-10-09T12:30:51Z,21902,122
2026-10-09T12:30:52Z,21902,116
2026-10-09T12:30:53Z,20839,93
2026-10-09T12:30:54Z,18370,158
2026-10-09T12:30:55Z,18370,141
2026-10-09T12:30:56Z,18710,114
2026-10-09T12:30:57Z,17666,93
2026-10-09T12:30:58Z,16467,136
2026-10-09T12:30:59Z,16693,167
2026-10-09T12:31:00Z,16476,106
2026-10-09T12:31:01Z,15622,171
2026-10-09T12:31:02Z,15915,167
2026-10-09T12:31:03Z,16529,163
2026-10-09T12:31:04Z,16543,185
2026-10-09T12:31:05Z,16352,138
2026-10-09T12:31:06Z,16579,126
2026-10-09T12:31:07Z,16831,102
2026-10-09T12:31:08Z,16591,182
2026-10-09T12:31:09Z,16192,318
2026-10-09T12:31:10Z,17925,99
2026-10-09T12:31:11Z,18098,93
2026-10-09T12:31:12Z,17540,118
2026-10-09T12:31:13Z,17715,147
2026-10-09T12:31:14Z,17612,159
2026-10-09T12:31:15Z,16675,120
2026-10-09T12:31:16Z,17520,205
2026-10-09T12:31:17Z,17196,131
2026-10-09T12:31:18Z,18857,110
2026-10-09T12:31:19Z,18857,139
2026-10-09T12:31:20Z,19184,107
2026-10-09T12:31:21Z,19184,88
2026-10-09T12:31:22Z,19184,111
2026-10-09T12:31:23Z,19506,117
2026-10-09T12:31:24Z,17962,117
2026-10-09T12:31:25Z,17730,133
2026-10-09T12:31:26Z,17611,99
2026-10-09T12:31:27Z,17033,112
2026-10-09T12:31:28Z,17909,128
2026-10-09T12:31:29Z,16727,188
2026-10-09T12:31:30Z,17425,138
2026-10-09T12:31:31Z,16847,114
2026-10-09T12:31:32Z,17287,135
2026-10-09T12:31:33Z,16989,114
2026-10-09T12:31:34Z,17386,137
2026-10-09T12:31:35Z,17536,124
2026-10-09T12:31:36Z,17358,130
2026-10-09T12:31:37Z,17358,110
2026-10-09T12:31:38Z,17358,111
2026-10-09T12:31:39Z,17358,112
2026-10-09T12:31:40Z,17358,94
2026-10-09T12:31:41Z,17358,99
2026-10-09T12:31:42Z,21576,146
2026-10-09T12:31:43Z,21576,141
2026-10-09T12:31:44Z,21576,160
2026-10-09T12:31:45Z,21576,97
2026-10-09T12:31:46Z,21576,89
2026-10-09T12:31:47Z,22061,185
2026-10-09T12:31:48Z,22061,105
2026-10-09T12:31:49Z,22061,98
2026-10-09T12:31:50Z,21240,112
2026-10-09T12:31:51Z,21240,114
2026-10-09T12:31:52Z,17932,106
2026-10-09T12:31:53Z,17376,136
2026-10-09T12:31:54Z,17176,129
2026-10-09T12:31:55Z,16955,123
2026-10-09T12:31:56Z,17185,109
2026-10-09T12:31:57Z,18225,118
2026-10-09T12:31:58Z,18225,109
2026-10-09T12:31:59Z,18225,111
2026-10-09T12:32:00Z,19768,96
2026-10-09T12:32:01Z,17484,102
2026-10-09T12:32:02Z,17249,127
2026-10-09T12:32:03Z,17346,139
2026-10-09T12:32:04Z,17814,159
2026-10-09T12:32:05Z,17672,111
2026-10-09T12:32:06Z,17286,222
2026-10-09T12:32:07Z,17506,200
2026-10-09T12:32:08Z,18580,135
2026-10-09T12:32:09Z,18189,92
2026-10-09T12:32:10Z,17767,118
2026-10-09T12:32:11Z,17244,106
2026-10-09T12:32:12Z,17619,96
2026-10-09T12:32:13Z,17871,99
2026-10-09T12:32:14Z,18011,100
2026-10-09T12:32:15Z,18011,145
2026-10-09T12:32:16Z,18815,110
2026-10-09T12:32:17Z,18342,109
2026-10-09T12:32:18Z,18044,115
2026-10-09T12:32:19Z,17695,156
2026-10-09T12:32:20Z,17830,152
2026-10-09T12:32:21Z,17740,246
2026-10-09T12:32:22Z,17689,198
2026-10-09T12:32:23Z,18021,201
2026-10-09T12:32:24Z,17473,201
2026-10-09T12:32:25Z,17238,219
2026-10-09T12:32:26Z,16525,208
2026-10-09T12:32:27Z,16885,111
2026-10-09T12:32:28Z,17555,123
2026-10-09T12:32:29Z,17887,207
2026-10-09T12:32:30Z,17816,113
2026-10-09T12:32:31Z,17500,116
2026-10-09T12:32:32Z,17719,94
2026-10-09T12:32:33Z,17611,159
2026-10-09T12:32:34Z,17389,104
2026-10-09T12:32:35Z,17836,127
2026-10-09T12:32:36Z,17750,90
2026-10-09T12:32:37Z,18328,132
2026-10-09T12:32:38Z,18432,121
2026-10-09T12:32:39Z,17738,121
2026-10-09T12:32:40Z,18144,120
2026-10-09T12:32:41Z,18709,157
2026-10-09T12:32:42Z,19383,110
2026-10-09T12:32:43Z,19135,129
2026-10-09T12:32:44Z,18697,169
2026-10-09T12:32:45Z,19987,157
2026-10-09T12:32:46Z,18428,95
2026-10-09T12:32:47Z,18615,111
2026-10-09T12:32:48Z,17788,89
2026-10-09T12:32:49Z,18430,96
2026-10-09T12:32:50Z,18543,133
2026-10-09T12:32:51Z,18572,146
2026-10-09T12:32:52Z,18781,93
2026-10-09T12:32:53Z,17834,143
2026-10-09T12:32:54Z,17337,141
2026-10-09T12:32:55Z,17476,188
2026-10-09T12:32:56Z,18114,200
2026-10-09T12:32:57Z,18241,189
2026-10-09T12:32:58Z,17749,188
2026-10-09T12:32:59Z,18249,193
2026-10-09T12:33:00Z,18160,189
2026-10-09T12:33:01Z,18484,187
2026-10-09T12:33:02Z,18632,187
2026-10-09T12:33:03Z,18559,263
2026-10-09T12:33:04Z,18616,213
2026-10-09T12:33:05Z,18071,265
2026-10-09T12:33:06Z,18472,264
2026-10-09T12:33:07Z,18701,185
2026-10-09T12:33:08Z,18757,182
2026-10-09T12:33:09Z,19170,180
2026-10-09T12:33:10Z,19221,178
2026-10-09T12:33:11Z,20451,178
2026-10-09T12:33:12Z,19834,183
2026-10-09T12:33:13Z,19413,183
2026-10-09T12:33:14Z,20551,208
2026-10-09T12:33:15Z,19954,180
2026-10-09T12:33:16Z,19567,255
2026-10-09T12:33:17Z,19813,173
2026-10-09T12:33:18Z,19064,170
2026-10-09T12:33:19Z,18926,169
2026-10-09T12:33:20Z,19567,170
2026-10-09T12:33:21Z,19047,167
2026-10-09T12:33:22Z,19784,173
2026-10-09T12:33:23Z,19971,245
2026-10-09T12:33:24Z,19626,179
2026-10-09T12:33:25Z,19448,167
2026-10-09T12:33:26Z,19055,259
2026-10-09T12:33:27Z,20476,176
2026-10-09T12:33:28Z,20042,173
2026-10-09T12:33:29Z,20079,168
2026-10-09T12:33:30Z,19226,167
2026-10-09T12:33:31Z,19979,167
2026-10-09T12:33:32Z,20105,244
2026-10-09T12:33:33Z,20539,240
2026-10-09T12:33:34Z,20181,247
2026-10-09T12:33:35Z,20218,239
2026-10-09T12:33:36Z,20612,240
2026-10-09T12:33:37Z,20118,239
2026-10-09T12:33:38Z,20461,235
2026-10-09T12:33:39Z,20101,157
2026-10-09T12:33:40Z,20462,237
2026-10-09T12:33:41Z,21024,164
2026-10-09T12:33:42Z,19617,159
2026-10-09T12:33:43Z,20650,156
2026-10-09T12:33:44Z,21413,163
2026-10-09T12:33:45Z,21247,232
2026-10-09T12:33:46Z,20073,228
2026-10-09T12:33:47Z,21267,150
2026-10-09T12:33:48Z,21424,154
2026-10-09T12:33:49Z,21759,155
2026-10-09T12:33:50Z,20554,149
2026-10-09T12:33:51Z,21014,146
2026-10-09T12:33:52Z,20496,222
2026-10-09T12:33:53Z,21217,150
2026-10-09T12:33:54Z,20607,171
2026-10-09T12:33:55Z,20990,141
2026-10-09T12:33:56Z,20248,222
2026-10-09T12:33:57Z,20467,141
2026-10-09T12:33:58Z,21070,143
2026-10-09T12:33:59Z,21148,147
2026-10-09T12:34:00Z,20125,139
2026-10-09T12:34:01Z,20739,142
2026-10-09T12:34:02Z,21311,137
2026-10-09T12:34:03Z,20765,137
2026-10-09T12:34:04Z,20788,176
2026-10-09T12:34:05Z,20811,136
2026-10-09T12:34:06Z,20275,213
2026-10-09T12:34:07Z,21218,133
2026-10-09T12:34:08Z,20769,138
2026-10-09T12:34:09Z,20705,132
2026-10-09T12:34:10Z,21284,132
2026-10-09T12:34:11Z,20591,142
2026-10-09T12:34:12Z,21292,132
2026-10-09T12:34:13Z,21222,128
2026-10-09T12:34:14Z,21360,262
2026-10-09T12:34:15Z,20171,209
2026-10-09T12:34:16Z,20168,204
2026-10-09T12:34:17Z,20138,131
2026-10-09T12:34:18Z,20052,127
2026-10-09T12:34:19Z,20198,124
2026-10-09T12:34:20Z,20158,138
2026-10-09T12:34:21Z,20352,135
2026-10-09T12:34:22Z,20606,127
2026-10-09T12:34:23Z,20164,121
2026-10-09T12:34:24Z,21147,224
2026-10-09T12:34:25Z,20815,124
2026-10-09T12:34:26Z,21396,202
2026-10-09T12:34:27Z,20490,197
2026-10-09T12:34:28Z,20863,117
2026-10-09T12:34:29Z,20826,118
2026-10-09T12:34:30Z,20833,192
2026-10-09T12:34:31Z,20740,114
2026-10-09T12:34:32Z,20710,112
2026-10-09T12:34:33Z,21224,190
2026-10-09T12:34:34Z,20861,125
2026-10-09T12:34:35Z,20824,117
2026-10-09T12:34:36Z,20591,188
2026-10-09T12:34:37Z,20461,190
2026-10-09T12:34:38Z,20559,108
2026-10-09T12:34:39Z,20623,106
2026-10-09T12:34:40Z,20855,115
2026-10-09T12:34:41Z,20645,184
2026-10-09T12:34:42Z,23133,108
2026-10-09T12:34:43Z,21591,108
2026-10-09T12:34:44Z,20891,141
2026-10-09T12:34:45Z,21053,1106
2026-10-09T12:34:47Z,20465,220
2026-10-09T12:34:48Z,21723,178
2026-10-09T12:34:49Z,20511,108
2026-10-09T12:34:50Z,20356,110
2026-10-09T12:34:51Z,19591,177
2026-10-09T12:34:52Z,19426,115
2026-10-09T12:34:53Z,19886,122
2026-10-09T12:34:54Z,19895,189
2026-10-09T12:34:55Z,19274,107
2026-10-09T12:34:56Z,19324,176
2026-10-09T12:34:57Z,19687,211
2026-10-09T12:34:58Z,19434,1090
2026-10-09T12:35:00Z,20218,167
2026-10-09T12:35:01Z,19613,1095
2026-10-09T12:35:03Z,19624,167
2026-10-09T12:35:04Z,20162,122
2026-10-09T12:35:05Z,19889,168
2026-10-09T12:35:06Z,19434,165
2026-10-09T12:35:07Z,19828,162
2026-10-09T12:35:08Z,19588,1090
2026-10-09T12:35:10Z,20118,1083
2026-10-09T12:35:12Z,20689,157
2026-10-09T12:35:13Z,20769,157
2026-10-09T12:35:14Z,20157,163
2026-10-09T12:35:15Z,19854,156
2026-10-09T12:35:16Z,19904,158
2026-10-09T12:35:17Z,19924,1077
2026-10-09T12:35:19Z,21419,154
2026-10-09T12:35:20Z,21419,1075
2026-10-09T12:35:22Z,22656,92
2026-10-09T12:35:23Z,24013,149
2026-10-09T12:35:24Z,20711,1080
2026-10-09T12:35:26Z,20974,1075
2026-10-09T12:35:28Z,19886,1079
2026-10-09T12:35:30Z,19698,1073
2026-10-09T12:35:32Z,19539,1071
2026-10-09T12:35:34Z,20480,155
2026-10-09T12:35:35Z,20769,1066
2026-10-09T12:35:37Z,20811,1066
2026-10-09T12:35:39Z,20568,1063
2026-10-09T12:35:41Z,20630,140
2026-10-09T12:35:42Z,20269,1074
2026-10-09T12:35:44Z,20038,159
2026-10-09T12:35:45Z,21020,1064
2026-10-09T12:35:47Z,22230,1059
2026-10-09T12:35:49Z,20199,131
2026-10-09T12:35:50Z,20215,1052
2026-10-09T12:35:52Z,20557,1053
2026-10-09T12:35:54Z,21282,1051
2026-10-09T12:35:56Z,21384,1049
2026-10-09T12:35:58Z,22369,1045
2026-10-09T12:36:00Z,21215,1050
2026-10-09T12:36:02Z,22711,1041
2026-10-09T12:36:04Z,23320,1046
2026-10-09T12:36:06Z,23862,1043
2026-10-09T12:36:08Z,23572,1038
2026-10-09T12:36:10Z,23589,115
2026-10-09T12:36:11Z,22091,1037
2026-10-09T12:36:13Z,19685,1048
2026-10-09T12:36:15Z,19285,1030
2026-10-09T12:36:17Z,20903,1034
2026-10-09T12:36:19Z,20103,1027
2026-10-09T12:36:21Z,21941,1025
2026-10-09T12:36:23Z,22705,1038
2026-10-09T12:36:25Z,24414,1023
2026-10-09T12:36:27Z,24736,1018
2026-10-09T12:36:29Z,24177,1017
2026-10-09T12:36:31Z,22546,1019
2026-10-09T12:36:33Z,19587,1062
2026-10-09T12:36:35Z,19934,1019
2026-10-09T12:36:37Z,21741,1014
2026-10-09T12:36:39Z,23069,1009
2026-10-09T12:36:41Z,24198,1013
2026-10-09T12:36:43Z,27328,1023
2026-10-09T12:36:45Z,19099,1004
2026-10-09T12:36:47Z,19849,1005
2026-10-09T12:36:49Z,18589,1001
2026-10-09T12:36:50Z,19418,1000
2026-10-09T12:36:51Z,19418,999
2026-10-09T12:36:52Z,21877,997
2026-10-09T12:36:53Z,21877,1006
2026-10-09T12:36:55Z,24060,1074
2026-10-09T12:36:57Z,24060,994
2026-10-09T12:36:58Z,24060,95
2026-10-09T12:36:59Z,26902,997
2026-10-09T12:37:00Z,26902,996
2026-10-09T12:37:01Z,26902,992
2026-10-09T12:37:02Z,25030,993
2026-10-09T12:37:03Z,25030,999
2026-10-09T12:37:04Z,22316,990
2026-10-09T12:37:05Z,17775,1069
2026-10-09T12:37:07Z,18754,991
2026-10-09T12:37:08Z,18074,992
2026-10-09T12:37:09Z,19333,994
2026-10-09T12:37:10Z,19217,989
2026-10-09T12:37:11Z,19330,995
2026-10-09T12:37:12Z,21172,988
2026-10-09T12:37:13Z,20914,1016
2026-10-09T12:37:15Z,21980,1066
2026-10-09T12:37:17Z,22754,989
2026-10-09T12:37:18Z,19538,994
2026-10-09T12:37:19Z,19208,995
2026-10-09T12:37:20Z,18626,987
2026-10-09T12:37:21Z,19104,985
2026-10-09T12:37:22Z,19744,990
2026-10-09T12:37:23Z,19040,987
2026-10-09T12:37:24Z,19179,981
2026-10-09T12:37:25Z,19054,983
2026-10-09T12:37:26Z,19618,981
2026-10-09T12:37:27Z,19958,981
2026-10-09T12:37:28Z,19228,989
2026-10-09T12:37:29Z,19438,983
2026-10-09T12:37:30Z,20937,983
2026-10-09T12:37:31Z,19311,982
2026-10-09T12:37:32Z,20176,975
2026-10-09T12:37:33Z,19231,996
2026-10-09T12:37:34Z,18536,979
2026-10-09T12:37:35Z,18360,975
2026-10-09T12:37:36Z,18542,973
2026-10-09T12:37:37Z,19753,973
2026-10-09T12:37:38Z,19916,978
2026-10-09T12:37:39Z,19019,976
2026-10-09T12:37:40Z,20390,982
2026-10-09T12:37:41Z,20996,976
2026-10-09T12:37:42Z,20244,974
2026-10-09T12:37:43Z,20277,992
2026-10-09T12:37:44Z,20592,973
2026-10-09T12:37:45Z,20819,1061
2026-10-09T12:37:47Z,19998,999
2026-10-09T12:37:48Z,20795,981
2026-10-09T12:37:49Z,21849,976
2026-10-09T12:37:50Z,21408,973
2026-10-09T12:37:51Z,20043,972
2026-10-09T12:37:52Z,20099,971
2026-10-09T12:37:53Z,20464,980
2026-10-09T12:37:54Z,20603,972
2026-10-09T12:37:55Z,20074,976
2026-10-09T12:37:56Z,20245,972
2026-10-09T12:37:57Z,19856,982
2026-10-09T12:37:58Z,19519,975
2026-10-09T12:37:59Z,19362,972
2026-10-09T12:38:00Z,19921,975
2026-10-09T12:38:01Z,19382,972
2026-10-09T12:38:02Z,19148,980
2026-10-09T12:38:03Z,19598,1005
2026-10-09T12:38:04Z,19399,967
2026-10-09T12:38:05Z,20128,967
2026-10-09T12:38:06Z,20724,965
2026-10-09T12:38:07Z,20220,965
2026-10-09T12:38:08Z,20238,965
2026-10-09T12:38:09Z,20646,967
2026-10-09T12:38:10Z,21266,969
2026-10-09T12:38:11Z,20976,966
2026-10-09T12:38:12Z,23757,963
2026-10-09T12:38:13Z,22985,982
2026-10-09T12:38:14Z,19237,977
2026-10-09T12:38:15Z,19928,1043
2026-10-09T12:38:17Z,19658,968
2026-10-09T12:38:18Z,19958,971
2026-10-09T12:38:19Z,20088,962
2026-10-09T12:38:20Z,20313,974
2026-10-09T12:38:21Z,19706,976
2026-10-09T12:38:22Z,20199,162
2026-10-09T12:38:23Z,20616,971
2026-10-09T12:38:24Z,20975,964
2026-10-09T12:38:25Z,22102,982
2026-10-09T12:38:26Z,21685,963
2026-10-09T12:38:27Z,22873,960
2026-10-09T12:38:28Z,22717,965
2026-10-09T12:38:29Z,20904,961
2026-10-09T12:38:30Z,20632,966
2026-10-09T12:38:31Z,20481,960
2026-10-09T12:38:32Z,20317,959
2026-10-09T12:38:33Z,21106,985
2026-10-09T12:38:34Z,20261,970
2026-10-09T12:38:35Z,20889,1059
2026-10-09T12:38:37Z,20322,970
2026-10-09T12:38:38Z,20508,953
2026-10-09T12:38:39Z,20577,954
2026-10-09T12:38:40Z,20859,954
2026-10-09T12:38:41Z,20880,960
2026-10-09T12:38:42Z,21206,950
2026-10-09T12:38:43Z,21232,967
2026-10-09T12:38:44Z,19891,951
2026-10-09T12:38:45Z,21023,1029
2026-10-09T12:38:47Z,20329,960
2026-10-09T12:38:48Z,20969,959
2026-10-09T12:38:49Z,20655,953
2026-10-09T12:38:50Z,20979,951
2026-10-09T12:38:51Z,20418,951
2026-10-09T12:38:52Z,21549,958
2026-10-09T12:38:53Z,20933,995
2026-10-09T12:38:54Z,21616,957
2026-10-09T12:38:55Z,21356,1030
2026-10-09T12:38:57Z,21078,958
2026-10-09T12:38:58Z,20982,950
2026-10-09T12:38:59Z,20669,955
2026-10-09T12:39:00Z,20227,953
2026-10-09T12:39:01Z,19881,951
2026-10-09T12:39:02Z,21657,960
2026-10-09T12:39:03Z,20572,973
2026-10-09T12:39:04Z,20235,951
2026-10-09T12:39:05Z,20989,1038
2026-10-09T12:39:07Z,19717,957
2026-10-09T12:39:08Z,20286,955
2026-10-09T12:39:09Z,20471,954
2026-10-09T12:39:10Z,19801,950
2026-10-09T12:39:11Z,21009,954
2026-10-09T12:39:12Z,20755,951
2026-10-09T12:39:13Z,20958,982
2026-10-09T12:39:14Z,20958,952
2026-10-09T12:39:15Z,20958,953
2026-10-09T12:39:16Z,25055,951
2026-10-09T12:39:17Z,25055,949
2026-10-09T12:39:18Z,25055,951
2026-10-09T12:39:19Z,25608,953
2026-10-09T12:39:20Z,25608,948
2026-10-09T12:39:21Z,20364,948
2026-10-09T12:39:22Z,20841,953
2026-10-09T12:39:23Z,20129,975
2026-10-09T12:39:24Z,20116,951
2026-10-09T12:39:25Z,20930,951
2026-10-09T12:39:26Z,20661,955
2026-10-09T12:39:27Z,20729,949
2026-10-09T12:39:28Z,20751,950
2026-10-09T12:39:29Z,19712,947
2026-10-09T12:39:30Z,19328,947
2026-10-09T12:39:31Z,19219,952
2026-10-09T12:39:32Z,18883,949
2026-10-09T12:39:33Z,19208,973
2026-10-09T12:39:34Z,19531,954
2026-10-09T12:39:35Z,19793,1027
2026-10-09T12:39:37Z,20935,950
2026-10-09T12:39:38Z,19891,956
2026-10-09T12:39:39Z,19682,949
2026-10-09T12:39:40Z,20724,946
2026-10-09T12:39:41Z,19436,947
2026-10-09T12:39:42Z,20131,952
2026-10-09T12:39:43Z,19849,954
2026-10-09T12:39:44Z,19482,955
2026-10-09T12:39:45Z,20113,954
2026-10-09T12:39:46Z,19916,955
2026-10-09T12:39:47Z,20462,946
2026-10-09T12:39:48Z,20425,948
2026-10-09T12:39:49Z,19963,945
2026-10-09T12:39:50Z,20947,945
2026-10-09T12:39:51Z,20265,954
2026-10-09T12:39:52Z,20282,949
2026-10-09T12:39:53Z,20264,971
2026-10-09T12:39:54Z,20557,948
2026-10-09T12:39:55Z,20789,1039
2026-10-09T12:39:57Z,20081,949
2026-10-09T12:39:58Z,20884,953
2026-10-09T12:39:59Z,20740,947
2026-10-09T12:40:00Z,18917,945
2026-10-09T12:40:01Z,20063,948
2026-10-09T12:40:02Z,20693,955
2026-10-09T12:40:03Z,20274,995
2026-10-09T12:40:04Z,20449,214
2026-10-09T12:40:05Z,19549,947
2026-10-09T12:40:06Z,19744,944
2026-10-09T12:40:07Z,20154,941
2026-10-09T12:40:08Z,20624,943
2026-10-09T12:40:09Z,20136,942
2026-10-09T12:40:10Z,22045,942
2026-10-09T12:40:11Z,21595,945
2026-10-09T12:40:12Z,21712,946
2026-10-09T12:40:13Z,21371,965
2026-10-09T12:40:14Z,21378,945
2026-10-09T12:40:15Z,21738,1021
2026-10-09T12:40:17Z,21549,938
2026-10-09T12:40:18Z,22512,940
2026-10-09T12:40:19Z,22487,936
2026-10-09T12:40:20Z,22673,937
2026-10-09T12:40:21Z,22673,937
2026-10-09T12:40:22Z,20252,936
2026-10-09T12:40:23Z,20199,971
2026-10-09T12:40:24Z,19995,938
2026-10-09T12:40:25Z,20255,1020
2026-10-09T12:40:27Z,19703,936
2026-10-09T12:40:28Z,20003,942
2026-10-09T12:40:29Z,20799,940
2026-10-09T12:40:30Z,20018,943
2026-10-09T12:40:31Z,19832,935
2026-10-09T12:40:32Z,20183,940
2026-10-09T12:40:33Z,20471,956
2026-10-09T12:40:34Z,20720,938
2026-10-09T12:40:35Z,20566,1016
2026-10-09T12:40:37Z,20909,933
2026-10-09T12:40:38Z,21368,944
2026-10-09T12:40:39Z,21036,937
2026-10-09T12:40:40Z,22101,934
2026-10-09T12:40:41Z,22101,932
2026-10-09T12:40:42Z,22101,935
2026-10-09T12:40:43Z,24857,959
2026-10-09T12:40:44Z,20478,960
2026-10-09T12:40:45Z,21217,1015
2026-10-09T12:40:47Z,20866,935
2026-10-09T12:40:48Z,20964,938
2026-10-09T12:40:49Z,21008,930
2026-10-09T12:40:50Z,20934,940
2026-10-09T12:40:51Z,19825,949
2026-10-09T12:40:52Z,20143,939
2026-10-09T12:40:53Z,20984,978
2026-10-09T12:40:54Z,20646,935
2026-10-09T12:40:55Z,21115,1011
2026-10-09T12:40:57Z,18901,936
2026-10-09T12:40:58Z,19906,928
2026-10-09T12:40:59Z,21276,926
2026-10-09T12:41:00Z,19794,925
2026-10-09T12:41:01Z,20223,926
2026-10-09T12:41:02Z,20873,928
2026-10-09T12:41:03Z,21393,941
2026-10-09T12:41:04Z,20454,933
2026-10-09T12:41:05Z,21320,1004
2026-10-09T12:41:07Z,20572,924
2026-10-09T12:41:08Z,21437,922
2026-10-09T12:41:09Z,21512,923
2026-10-09T12:41:10Z,20706,924
2026-10-09T12:41:11Z,21655,924
2026-10-09T12:41:12Z,21829,923
2026-10-09T12:41:13Z,21584,935
2026-10-09T12:41:14Z,21646,927
2026-10-09T12:41:15Z,21526,997
2026-10-09T12:41:16Z,20946,918
2026-10-09T12:41:17Z,19805,920
2026-10-09T12:41:18Z,20628,912
2026-10-09T12:41:19Z,20959,913
2026-10-09T12:41:20Z,21004,909
2026-10-09T12:41:21Z,21195,907
2026-10-09T12:41:22Z,20957,909
2026-10-09T12:41:23Z,21787,922
2026-10-09T12:41:24Z,22282,906
2026-10-09T12:41:25Z,22318,914
2026-10-09T12:41:26Z,23394,913
2026-10-09T12:41:27Z,23746,899
2026-10-09T12:41:28Z,25392,900
2026-10-09T12:41:29Z,25974,906
2026-10-09T12:41:30Z,25946,901
2026-10-09T12:41:31Z,26966,907
2026-10-09T12:41:32Z,25547,902
2026-10-09T12:41:33Z,25903,910
2026-10-09T12:41:34Z,26529,896
2026-10-09T12:41:35Z,25838,902
2026-10-09T12:41:36Z,26489,900
2026-10-09T12:41:37Z,26489,897
2026-10-09T12:41:38Z,27044,900
2026-10-09T12:41:39Z,27044,899
2026-10-09T12:41:40Z,28253,896
2026-10-09T12:41:41Z,28655,897
2026-10-09T12:41:42Z,28655,897
2026-10-09T12:41:43Z,30426,928
2026-10-09T12:41:44Z,30426,897
2026-10-09T12:41:45Z,30426,1076
2026-10-09T12:41:47Z,31214,993
2026-10-09T12:41:48Z,31214,995
2026-10-09T12:41:49Z,33157,994
2026-10-09T12:41:50Z,33157,993
2026-10-09T12:41:51Z,33157,989
2026-10-09T12:41:52Z,31696,168
2026-10-09T12:41:53Z,31696,1005
2026-10-09T12:41:54Z,31696,987
2026-10-09T12:41:55Z,32303,1062
2026-10-09T12:41:57Z,36184,14089
2026-10-09T12:42:12Z,36184,91
2026-10-09T12:42:13Z,36184,93
2026-10-09T12:42:14Z,36184,94
2026-10-09T12:42:15Z,35745,94
2026-10-09T12:42:16Z,35745,99
2026-10-09T12:42:17Z,35745,93
2026-10-09T12:42:18Z,35745,103
2026-10-09T12:42:19Z,35745,112
2026-10-09T12:42:20Z,35745,119
2026-10-09T12:42:21Z,36251,99
2026-10-09T12:42:22Z,36251,111
2026-10-09T12:42:23Z,36251,99
2026-10-09T12:42:24Z,36251,89
2026-10-09T12:42:25Z,36251,93
2026-10-09T12:42:26Z,36251,110
2026-10-09T12:42:27Z,36251,111
2026-10-09T12:42:28Z,29922,112
2026-10-09T12:42:29Z,29922,114
2026-10-09T12:42:30Z,29922,126
2026-10-09T12:42:31Z,29922,103
2026-10-09T12:42:32Z,24295,953
2026-10-09T12:42:33Z,24295,92
2026-10-09T12:42:34Z,24295,115
2026-10-09T12:42:35Z,17862,91
2026-10-09T12:42:36Z,5899,4973
2026-10-09T12:42:41Z,5899,945
2026-10-09T12:42:42Z,6117,950
2026-10-09T12:42:43Z,5169,964
2026-10-09T12:42:44Z,3984,952
2026-10-09T12:42:45Z,1631,1022
2026-10-09T12:42:47Z,166,944
2026-10-09T12:42:48Z,168,947
2026-10-09T12:42:49Z,184,944
2026-10-09T12:42:50Z,191,103
2026-10-09T12:42:51Z,191,113
2026-10-09T12:42:52Z,219,99
2026-10-09T12:42:53Z,154,95
2026-10-09T12:42:54Z,139,112
2026-10-09T12:42:55Z,167,105
2026-10-09T12:42:56Z,154,113
2026-10-09T12:42:57Z,152,100
2026-10-09T12:42:58Z,147,107
2026-10-09T12:42:59Z,155,152
2026-10-09T12:43:00Z,141,93
2026-10-09T12:43:01Z,150,107
2026-10-09T12:43:02Z,139,105
2026-10-09T12:43:03Z,149,159
2026-10-09T12:43:04Z,127,92
2026-10-09T12:43:05Z,161,123
2026-10-09T12:43:06Z,152,87
2026-10-09T12:43:07Z,150,109
2026-10-09T12:43:08Z,204,87
2026-10-09T12:43:09Z,187,95
2026-10-09T12:43:10Z,166,163
2026-10-09T12:43:11Z,141,105
2026-10-09T12:43:12Z,126,87
2026-10-09T12:43:13Z,139,126
2026-10-09T12:43:14Z,152,94
2026-10-09T12:43:15Z,153,87
2026-10-09T12:43:16Z,139,89
2026-10-09T12:43:17Z,140,87
2026-10-09T12:43:18Z,147,171
2026-10-09T12:43:19Z,153,154
2026-10-09T12:43:20Z,159,87
2026-10-09T12:43:21Z,171,159
2026-10-09T12:43:22Z,150,181
2026-10-09T12:43:23Z,156,131
2026-10-09T12:43:24Z,140,92
2026-10-09T12:43:25Z,152,162
2026-10-09T12:43:26Z,138,106
2026-10-09T12:43:27Z,155,88
2026-10-09T12:43:28Z,154,87
2026-10-09T12:43:29Z,153,97
2026-10-09T12:43:30Z,162,145
2026-10-09T12:43:31Z,146,110
2026-10-09T12:43:32Z,146,95
2026-10-09T12:43:33Z,154,189
2026-10-09T12:43:34Z,141,87
2026-10-09T12:43:35Z,159,165
2026-10-09T12:43:36Z,140,125
2026-10-09T12:43:37Z,138,110
2026-10-09T12:43:38Z,151,93
2026-10-09T12:43:39Z,155,112
2026-10-09T12:43:40Z,139,151
2026-10-09T12:43:41Z,170,121
2026-10-09T12:43:42Z,140,145
2026-10-09T12:43:43Z,139,112
2026-10-09T12:43:44Z,139,131
2026-10-09T12:43:45Z,144,191
2026-10-09T12:43:46Z,153,91
2026-10-09T12:43:47Z,144,106
2026-10-09T12:43:48Z,147,88
2026-10-09T12:43:49Z,156,155
2026-10-09T12:43:50Z,157,92
2026-10-09T12:43:51Z,154,119
2026-10-09T12:43:52Z,146,165
2026-10-09T12:43:53Z,155,117
2026-10-09T12:43:54Z,165,87
2026-10-09T12:43:55Z,138,87
2026-10-09T12:43:56Z,189,121
2026-10-09T12:43:57Z,137,89
2026-10-09T12:43:58Z,155,87
2026-10-09T12:43:59Z,190,100
2026-10-09T12:44:00Z,162,163
2026-10-09T12:44:01Z,138,98
2026-10-09T12:44:02Z,139,158
2026-10-09T12:44:03Z,138,158
2026-10-09T12:44:04Z,155,156
2026-10-09T12:44:05Z,135,95
2026-10-09T12:44:06Z,154,94
2026-10-09T12:44:07Z,140,128
2026-10-09T12:44:08Z,154,193
2026-10-09T12:44:09Z,167,164
2026-10-09T12:44:10Z,156,128
2026-10-09T12:44:11Z,139,135
2026-10-09T12:44:12Z,135,113
2026-10-09T12:44:13Z,139,495
2026-10-09T12:44:14Z,139,174
2026-10-09T12:44:15Z,154,87
2026-10-09T12:44:16Z,140,93
2026-10-09T12:44:17Z,150,131
2026-10-09T12:44:18Z,150,143
2026-10-09T12:44:19Z,149,98
2026-10-09T12:44:20Z,314,141
2026-10-09T12:44:21Z,153,100
2026-10-09T12:44:22Z,838,107
2026-10-09T12:44:23Z,2072,175
2026-10-09T12:44:24Z,3168,129
2026-10-09T12:44:25Z,3656,101
2026-10-09T12:44:26Z,5505,101
2026-10-09T12:44:27Z,7084,175
2026-10-09T12:44:28Z,7084,116
2026-10-09T12:44:29Z,8948,168
2026-10-09T12:44:30Z,7774,93
2026-10-09T12:44:31Z,9405,98
2026-10-09T12:44:32Z,11219,102
2026-10-09T12:44:33Z,12178,88
2026-10-09T12:44:34Z,14141,116
2026-10-09T12:44:35Z,15117,116
2026-10-09T12:44:36Z,15097,912
2026-10-09T12:44:37Z,16400,907
2026-10-09T12:44:38Z,16327,911
2026-10-09T12:44:39Z,16075,906
2026-10-09T12:44:40Z,17203,907
2026-10-09T12:44:41Z,16621,906
2026-10-09T12:44:42Z,18060,904
2026-10-09T12:44:43Z,19333,931
2026-10-09T12:44:44Z,19463,903
2026-10-09T12:44:45Z,18504,989
2026-10-09T12:44:46Z,19342,904
2026-10-09T12:44:47Z,20038,906
2026-10-09T12:44:48Z,19815,901
2026-10-09T12:44:49Z,20688,902
2026-10-09T12:44:50Z,21813,903
2026-10-09T12:44:51Z,22050,905
2026-10-09T12:44:52Z,21559,907
2026-10-09T12:44:53Z,21591,917
2026-10-09T12:44:54Z,20531,893
2026-10-09T12:44:55Z,21144,899
2026-10-09T12:44:56Z,21309,895
2026-10-09T12:44:57Z,20290,892
2026-10-09T12:44:58Z,20571,892
2026-10-09T12:44:59Z,20132,891
2026-10-09T12:45:00Z,21364,897
2026-10-09T12:45:01Z,21286,895
2026-10-09T12:45:02Z,22190,889
2026-10-09T12:45:03Z,21856,896
2026-10-09T12:45:04Z,21856,891
2026-10-09T12:45:05Z,23464,895
2026-10-09T12:45:06Z,21258,898
2026-10-09T12:45:07Z,21303,899
2026-10-09T12:45:08Z,22062,894
2026-10-09T12:45:09Z,20805,895
2026-10-09T12:45:10Z,21644,900
2026-10-09T12:45:11Z,22261,895
2026-10-09T12:45:12Z,21453,887
2026-10-09T12:45:13Z,21294,902
2026-10-09T12:45:14Z,21612,888
2026-10-09T12:45:15Z,20818,888
2026-10-09T12:45:16Z,21091,897
2026-10-09T12:45:17Z,20999,893
2026-10-09T12:45:18Z,21121,885
2026-10-09T12:45:19Z,20705,888
2026-10-09T12:45:20Z,21335,884
2026-10-09T12:45:21Z,20937,885
2026-10-09T12:45:22Z,20795,888
2026-10-09T12:45:23Z,20884,896
2026-10-09T12:45:24Z,23402,884
2026-10-09T12:45:25Z,20419,964
2026-10-09T12:45:26Z,21261,885
2026-10-09T12:45:27Z,21357,880
2026-10-09T12:45:28Z,20258,885
2026-10-09T12:45:29Z,20572,889
2026-10-09T12:45:30Z,20982,878
2026-10-09T12:45:31Z,20697,883
2026-10-09T12:45:32Z,20264,883
2026-10-09T12:45:33Z,21105,893
2026-10-09T12:45:34Z,20834,883
2026-10-09T12:45:35Z,20964,880
2026-10-09T12:45:36Z,20577,880
2026-10-09T12:45:37Z,20825,877
2026-10-09T12:45:38Z,21456,879
2026-10-09T12:45:39Z,21229,877
2026-10-09T12:45:40Z,21599,879
2026-10-09T12:45:41Z,21609,879
2026-10-09T12:45:42Z,21816,879
2026-10-09T12:45:43Z,21271,896
2026-10-09T12:45:44Z,22578,885
2026-10-09T12:45:45Z,22002,960
2026-10-09T12:45:46Z,22572,880
2026-10-09T12:45:47Z,25285,882
2026-10-09T12:45:48Z,23875,874
2026-10-09T12:45:49Z,23875,875
2026-10-09T12:45:50Z,23875,875
2026-10-09T12:45:51Z,23875,873
2026-10-09T12:45:52Z,23875,874
2026-10-09T12:45:53Z,23875,901
2026-10-09T12:45:54Z,23875,882
2026-10-09T12:45:55Z,23875,875
2026-10-09T12:45:56Z,31951,875
2026-10-09T12:45:57Z,31951,872
2026-10-09T12:45:58Z,31951,881
2026-10-09T12:45:59Z,31951,886
2026-10-09T12:46:00Z,31951,1002
2026-10-09T12:46:01Z,31951,320
2026-10-09T12:46:02Z,31812,1069
2026-10-09T12:46:04Z,31812,155
2026-10-09T12:46:05Z,31812,1071
2026-10-09T12:46:07Z,31812,1069
2026-10-09T12:46:09Z,31812,104
2026-10-09T12:46:10Z,34679,1060
2026-10-09T12:46:12Z,31460,1060
2026-10-09T12:46:14Z,31460,144
2026-10-09T12:46:15Z,31460,1060
2026-10-09T12:46:17Z,30660,1059
2026-10-09T12:46:19Z,30660,114
2026-10-09T12:46:20Z,30660,101
2026-10-09T12:46:21Z,30660,95
2026-10-09T12:46:22Z,30660,1054
2026-10-09T12:46:24Z,30660,140
2026-10-09T12:46:25Z,30660,1054
2026-10-09T12:46:27Z,30660,168
2026-10-09T12:46:28Z,30660,1057
2026-10-09T12:46:30Z,30660,1051
2026-10-09T12:46:32Z,37470,1072
2026-10-09T12:46:34Z,37483,168
2026-10-09T12:46:35Z,37483,1043
2026-10-09T12:46:37Z,37483,1049
2026-10-09T12:46:39Z,37483,1046
2026-10-09T12:46:41Z,37483,1048
2026-10-09T12:46:43Z,37483,1081
2026-10-09T12:46:45Z,37483,1044
2026-10-09T12:46:47Z,39842,1040
2026-10-09T12:46:49Z,39842,1044
2026-10-09T12:46:51Z,39842,1036
2026-10-09T12:46:53Z,23134,1064
2026-10-09T12:46:55Z,23134,1033
2026-10-09T12:46:57Z,23134,1034
2026-10-09T12:46:59Z,25860,1030
2026-10-09T12:47:01Z,25860,1028
2026-10-09T12:47:03Z,25860,1050
2026-10-09T12:47:05Z,25860,113
2026-10-09T12:47:06Z,25860,102
2026-10-09T12:47:07Z,25860,141
2026-10-09T12:47:08Z,25860,135
2026-10-09T12:47:09Z,25860,105
2026-10-09T12:47:10Z,25860,87
2026-10-09T12:47:11Z,25860,124
2026-10-09T12:47:12Z,25860,92
2026-10-09T12:47:13Z,33878,127
2026-10-09T12:47:14Z,33878,114
2026-10-09T12:47:15Z,18410,124
2026-10-09T12:47:16Z,18410,1015
2026-10-09T12:47:18Z,18983,115
2026-10-09T12:47:19Z,18983,1018
2026-10-09T12:47:21Z,21715,89
2026-10-09T12:47:22Z,21715,96
2026-10-09T12:47:23Z,21715,1013
2026-10-09T12:47:25Z,19733,1007
2026-10-09T12:47:27Z,19178,94
2026-10-09T12:47:28Z,19178,97
2026-10-09T12:47:29Z,18286,1002
2026-10-09T12:47:30Z,19233,98
2026-10-09T12:47:31Z,20094,1000
2026-10-09T12:47:32Z,19603,1001
2026-10-09T12:47:33Z,19530,1027
2026-10-09T12:47:35Z,18696,1077
2026-10-09T12:47:37Z,19584,994
2026-10-09T12:47:38Z,19293,994
2026-10-09T12:47:39Z,18167,994
2026-10-09T12:47:40Z,16489,992
2026-10-09T12:47:41Z,17157,993
2026-10-09T12:47:42Z,18365,93
2026-10-09T12:47:43Z,19387,1001
2026-10-09T12:47:44Z,19114,989
2026-10-09T12:47:45Z,19471,1067
2026-10-09T12:47:47Z,15920,996
2026-10-09T12:47:48Z,16239,991
2026-10-09T12:47:49Z,16638,986
2026-10-09T12:47:50Z,15728,989
2026-10-09T12:47:51Z,16356,987
2026-10-09T12:47:52Z,16711,983
2026-10-09T12:47:53Z,17203,1002
2026-10-09T12:47:54Z,18270,981
2026-10-09T12:47:55Z,17164,1075
2026-10-09T12:47:57Z,16888,980
2026-10-09T12:47:58Z,17420,988
2026-10-09T12:47:59Z,17330,1000
2026-10-09T12:48:00Z,17908,1031
2026-10-09T12:48:02Z,17674,981
2026-10-09T12:48:03Z,17331,994
2026-10-09T12:48:04Z,17556,977
2026-10-09T12:48:05Z,17875,1057
2026-10-09T12:48:07Z,18273,977
2026-10-09T12:48:08Z,18171,981
2026-10-09T12:48:09Z,18795,978
2026-10-09T12:48:10Z,18722,976
2026-10-09T12:48:11Z,19529,977
2026-10-09T12:48:12Z,19259,977
2026-10-09T12:48:13Z,19409,1001
2026-10-09T12:48:14Z,19643,976
2026-10-09T12:48:15Z,19255,1062
2026-10-09T12:48:17Z,20181,972
2026-10-09T12:48:18Z,20553,972
2026-10-09T12:48:19Z,18909,973
2026-10-09T12:48:20Z,19531,976
2026-10-09T12:48:21Z,18754,977
2026-10-09T12:48:22Z,19214,974
2026-10-09T12:48:23Z,18948,986
2026-10-09T12:48:24Z,19456,976
2026-10-09T12:48:25Z,18881,1056
2026-10-09T12:48:27Z,19789,979
2026-10-09T12:48:28Z,19803,979
2026-10-09T12:48:29Z,18916,978
2026-10-09T12:48:30Z,19537,987
2026-10-09T12:48:31Z,19417,979
2026-10-09T12:48:32Z,20107,975
2026-10-09T12:48:33Z,19522,984
2026-10-09T12:48:34Z,19978,980
2026-10-09T12:48:35Z,19998,1049
2026-10-09T12:48:37Z,19970,972
2026-10-09T12:48:38Z,19827,973
2026-10-09T12:48:39Z,19143,971
2026-10-09T12:48:40Z,20178,978
2026-10-09T12:48:41Z,20327,973
2026-10-09T12:48:42Z,19919,971
2026-10-09T12:48:43Z,19911,990
2026-10-09T12:48:44Z,20118,973
2026-10-09T12:48:45Z,20030,1051
2026-10-09T12:48:47Z,19498,985
2026-10-09T12:48:48Z,21092,1009
2026-10-09T12:48:50Z,20125,971
2026-10-09T12:48:51Z,20963,971
2026-10-09T12:48:52Z,22119,970
2026-10-09T12:48:53Z,22119,1000
2026-10-09T12:48:54Z,22119,971
2026-10-09T12:48:55Z,22119,1053
2026-10-09T12:48:57Z,22119,971
2026-10-09T12:48:58Z,22119,970
2026-10-09T12:48:59Z,27860,971
2026-10-09T12:49:00Z,27860,974
2026-10-09T12:49:01Z,27860,971
2026-10-09T12:49:02Z,27860,970
2026-10-09T12:49:03Z,28520,1004
2026-10-09T12:49:04Z,28520,962
2026-10-09T12:49:05Z,18099,964
2026-10-09T12:49:06Z,18226,966
2026-10-09T12:49:07Z,18919,963
2026-10-09T12:49:08Z,18388,960
2026-10-09T12:49:09Z,19187,962
2026-10-09T12:49:10Z,19073,964
2026-10-09T12:49:11Z,19383,960
2026-10-09T12:49:12Z,20245,964
2026-10-09T12:49:13Z,19410,977
2026-10-09T12:49:14Z,19213,962
2026-10-09T12:49:15Z,19384,1040
2026-10-09T12:49:17Z,19867,964
2026-10-09T12:49:18Z,19991,960
2026-10-09T12:49:19Z,20146,1067
2026-10-09T12:49:21Z,19154,965
2026-10-09T12:49:22Z,18832,959
2026-10-09T12:49:23Z,19604,964
2026-10-09T12:49:24Z,19205,960
2026-10-09T12:49:25Z,19547,10071
2026-10-09T12:49:36Z,22007,945
2026-10-09T12:49:37Z,23229,951
2026-10-09T12:49:38Z,20922,952
2026-10-09T12:49:39Z,20459,951
2026-10-09T12:49:40Z,19509,951
2026-10-09T12:49:41Z,20799,948
2026-10-09T12:49:42Z,19583,956
2026-10-09T12:49:43Z,20512,960
2026-10-09T12:49:44Z,20615,957
2026-10-09T12:49:45Z,20580,948
2026-10-09T12:49:46Z,20670,947
2026-10-09T12:49:47Z,20543,945
2026-10-09T12:49:48Z,20623,945
2026-10-09T12:49:49Z,20350,952
2026-10-09T12:49:50Z,21481,948
2026-10-09T12:49:51Z,21290,952
2026-10-09T12:49:52Z,21056,944
2026-10-09T12:49:53Z,20623,972
2026-10-09T12:49:54Z,21420,943
2026-10-09T12:49:55Z,22068,953
2026-10-09T12:49:56Z,20069,951
2026-10-09T12:49:57Z,20293,945
2026-10-09T12:49:58Z,19726,946
2026-10-09T12:49:59Z,20117,948
2026-10-09T12:50:00Z,19388,942
2026-10-09T12:50:01Z,19535,947
2026-10-09T12:50:02Z,19947,946
2026-10-09T12:50:03Z,20255,999
2026-10-09T12:50:04Z,19990,949
2026-10-09T12:50:05Z,19538,1021
2026-10-09T12:50:07Z,20477,942
2026-10-09T12:50:08Z,20434,941
2026-10-09T12:50:09Z,21610,943
2026-10-09T12:50:10Z,21116,942
2026-10-09T12:50:11Z,21175,945
2026-10-09T12:50:12Z,20111,938
2026-10-09T12:50:13Z,19243,952
2026-10-09T12:50:14Z,20865,939
2026-10-09T12:50:15Z,20528,1025
2026-10-09T12:50:17Z,20820,942
2026-10-09T12:50:18Z,20539,959
2026-10-09T12:50:19Z,20165,956
2026-10-09T12:50:20Z,20493,941
2026-10-09T12:50:21Z,20368,945
2026-10-09T12:50:22Z,20278,939
2026-10-09T12:50:23Z,19352,963
2026-10-09T12:50:24Z,19431,938
2026-10-09T12:50:25Z,19953,1012
2026-10-09T12:50:27Z,20204,935
2026-10-09T12:50:28Z,20204,933
2026-10-09T12:50:29Z,20204,931
2026-10-09T12:50:30Z,20204,932
2026-10-09T12:50:31Z,20204,930
2026-10-09T12:50:32Z,20204,932
2026-10-09T12:50:33Z,20204,979
2026-10-09T12:50:34Z,25030,933
2026-10-09T12:50:35Z,25030,1012
2026-10-09T12:50:37Z,25030,937
2026-10-09T12:50:38Z,25030,935
2026-10-09T12:50:39Z,25030,935
2026-10-09T12:50:40Z,25030,938
2026-10-09T12:50:41Z,25030,933
2026-10-09T12:50:42Z,27342,932
2026-10-09T12:50:43Z,27342,951
2026-10-09T12:50:44Z,27342,932
2026-10-09T12:50:45Z,27342,1014
2026-10-09T12:50:47Z,21818,931
2026-10-09T12:50:48Z,17304,933
2026-10-09T12:50:49Z,16131,933
2026-10-09T12:50:50Z,16844,936
2026-10-09T12:50:51Z,15861,937
2026-10-09T12:50:52Z,16589,938
2026-10-09T12:50:53Z,16622,951
2026-10-09T12:50:54Z,17344,936
2026-10-09T12:50:55Z,16874,1010
2026-10-09T12:50:57Z,17399,930
2026-10-09T12:50:58Z,18586,930
2026-10-09T12:50:59Z,18586,930
2026-10-09T12:51:00Z,19081,937
2026-10-09T12:51:01Z,17796,929
2026-10-09T12:51:02Z,17631,931
2026-10-09T12:51:03Z,16753,943
2026-10-09T12:51:04Z,17681,932
2026-10-09T12:51:05Z,17673,1010
2026-10-09T12:51:07Z,18393,949
2026-10-09T12:51:08Z,17085,944
2026-10-09T12:51:09Z,17441,924
2026-10-09T12:51:10Z,17344,924
2026-10-09T12:51:11Z,18280,925
2026-10-09T12:51:12Z,18098,922
2026-10-09T12:51:13Z,19856,932
2026-10-09T12:51:14Z,17494,925
2026-10-09T12:51:15Z,18350,918
2026-10-09T12:51:16Z,18444,909
2026-10-09T12:51:17Z,18473,907
2026-10-09T12:51:18Z,18460,909
2026-10-09T12:51:19Z,18480,909
2026-10-09T12:51:20Z,18639,905
2026-10-09T12:51:21Z,19011,908
2026-10-09T12:51:22Z,18682,907
2026-10-09T12:51:23Z,19214,948
2026-10-09T12:51:24Z,20385,906
2026-10-09T12:51:25Z,20385,908
2026-10-09T12:51:26Z,20310,911
2026-10-09T12:51:27Z,20310,905
2026-10-09T12:51:28Z,20310,905
2026-10-09T12:51:29Z,23736,910
2026-10-09T12:51:30Z,18501,905
2026-10-09T12:51:31Z,18219,916
2026-10-09T12:51:32Z,17822,912
2026-10-09T12:51:33Z,18570,921
2026-10-09T12:51:34Z,18700,896
2026-10-09T12:51:35Z,18638,974
2026-10-09T12:51:36Z,19119,895
2026-10-09T12:51:37Z,18841,903
2026-10-09T12:51:38Z,19064,898
2026-10-09T12:51:39Z,19138,898
2026-10-09T12:51:40Z,19185,894
2026-10-09T12:51:41Z,20012,892
2026-10-09T12:51:42Z,19264,896
2026-10-09T12:51:43Z,20286,925
2026-10-09T12:51:44Z,19759,900
2026-10-09T12:51:45Z,20298,899
2026-10-09T12:51:46Z,19794,895
2026-10-09T12:51:47Z,20183,895
2026-10-09T12:51:48Z,20924,893
2026-10-09T12:51:49Z,20002,895
2026-10-09T12:51:50Z,20404,898
2026-10-09T12:51:51Z,19977,897
2026-10-09T12:51:52Z,19621,897
2026-10-09T12:51:53Z,20326,901
2026-10-09T12:51:54Z,19663,893
2026-10-09T12:51:55Z,20737,977
2026-10-09T12:51:56Z,20737,896
2026-10-09T12:51:57Z,22117,894
2026-10-09T12:51:58Z,22117,894
2026-10-09T12:51:59Z,22347,892
2026-10-09T12:52:00Z,19189,900
2026-10-09T12:52:01Z,19770,894
2026-10-09T12:52:02Z,19589,896
2026-10-09T12:52:03Z,21095,918
2026-10-09T12:52:04Z,21095,894
2026-10-09T12:52:05Z,21095,972
2026-10-09T12:52:06Z,23522,897
2026-10-09T12:52:07Z,23522,896
2026-10-09T12:52:08Z,23550,905
2026-10-09T12:52:09Z,19484,893
2026-10-09T12:52:10Z,19494,896
2026-10-09T12:52:11Z,20374,892
2026-10-09T12:52:12Z,20628,898
2026-10-09T12:52:13Z,20035,902
2026-10-09T12:52:14Z,19766,892
2026-10-09T12:52:15Z,20191,900
2026-10-09T12:52:16Z,19680,894
2026-10-09T12:52:17Z,19145,888
2026-10-09T12:52:18Z,19141,888
2026-10-09T12:52:19Z,19479,892
2026-10-09T12:52:20Z,19566,892
2026-10-09T12:52:21Z,18888,889
2026-10-09T12:52:22Z,20428,7017
2026-10-09T12:52:30Z,20806,215
2026-10-09T12:52:31Z,23126,984
2026-10-09T12:52:32Z,23213,980
2026-10-09T12:52:33Z,23463,992
2026-10-09T12:52:34Z,24055,982
2026-10-09T12:52:35Z,24055,979
2026-10-09T12:52:36Z,19454,980
2026-10-09T12:52:37Z,20062,978
2026-10-09T12:52:38Z,19246,979
2026-10-09T12:52:39Z,19756,979
2026-10-09T12:52:40Z,20334,984
2026-10-09T12:52:41Z,21034,985
2026-10-09T12:52:42Z,20195,978
2026-10-09T12:52:43Z,20863,988
2026-10-09T12:52:44Z,20863,978
2026-10-09T12:52:45Z,20863,1060
2026-10-09T12:52:47Z,20863,981
2026-10-09T12:52:48Z,20863,94
2026-10-09T12:52:49Z,20863,107
2026-10-09T12:52:50Z,25547,987
2026-10-09T12:52:51Z,25547,978
2026-10-09T12:52:52Z,25547,978
2026-10-09T12:52:53Z,25547,1013
2026-10-09T12:52:55Z,25547,141
2026-10-09T12:52:56Z,25547,984
2026-10-09T12:52:57Z,25547,981
2026-10-09T12:52:58Z,25547,979
2026-10-09T12:52:59Z,25547,980
2026-10-09T12:53:00Z,25547,977
2026-10-09T12:53:01Z,25547,96
2026-10-09T12:53:02Z,25547,975
2026-10-09T12:53:03Z,25547,986
2026-10-09T12:53:04Z,25547,976
2026-10-09T12:53:05Z,25547,1058
2026-10-09T12:53:07Z,30787,103
2026-10-09T12:53:08Z,30787,91
2026-10-09T12:53:09Z,30787,976
2026-10-09T12:53:10Z,30787,977
2026-10-09T12:53:11Z,30787,971
2026-10-09T12:53:12Z,30787,968
2026-10-09T12:53:13Z,30787,92
2026-10-09T12:53:14Z,30787,102
2026-10-09T12:53:15Z,30787,103
2026-10-09T12:53:16Z,30787,972
2026-10-09T12:53:17Z,30787,103
2026-10-09T12:53:18Z,30787,111
2026-10-09T12:53:19Z,30787,144
2026-10-09T12:53:20Z,30787,89
2026-10-09T12:53:21Z,30787,97
2026-10-09T12:53:22Z,30787,89
2026-10-09T12:53:23Z,30787,91
2026-10-09T12:53:24Z,30787,89
2026-10-09T12:53:25Z,23274,111
2026-10-09T12:53:26Z,23274,962
2026-10-09T12:53:27Z,23274,969
2026-10-09T12:53:28Z,23274,961
2026-10-09T12:53:29Z,23274,961
2026-10-09T12:53:30Z,23274,87
2026-10-09T12:53:31Z,23274,90
2026-10-09T12:53:32Z,23274,91
2026-10-09T12:53:33Z,23274,126
2026-10-09T12:53:34Z,23274,108
2026-10-09T12:53:35Z,23274,110
2026-10-09T12:53:36Z,23274,101
2026-10-09T12:53:37Z,23274,125
2026-10-09T12:53:38Z,23274,116
2026-10-09T12:53:39Z,23274,104
2026-10-09T12:53:40Z,23274,108
2026-10-09T12:53:41Z,23274,92
2026-10-09T12:53:43Z,23274,99
2026-10-09T12:53:44Z,23274,99
2026-10-09T12:53:45Z,24160,123
2026-10-09T12:53:46Z,24160,136
2026-10-09T12:53:47Z,24160,943
2026-10-09T12:53:48Z,24160,944
2026-10-09T12:53:49Z,24160,937
2026-10-09T12:53:50Z,13969,939
2026-10-09T12:53:51Z,13969,944
2026-10-09T12:53:52Z,12910,938
2026-10-09T12:53:53Z,12910,938
2026-10-09T12:53:54Z,12910,971
2026-10-09T12:53:55Z,12910,938
2026-10-09T12:53:56Z,12910,171
2026-10-09T12:53:57Z,13820,106
2026-10-09T12:53:58Z,13820,143
2026-10-09T12:53:59Z,13820,96
2026-10-09T12:54:00Z,13820,110
2026-10-09T12:54:01Z,13820,99
2026-10-09T12:54:02Z,14661,154
2026-10-09T12:54:03Z,14661,132
2026-10-09T12:54:04Z,14661,108
2026-10-09T12:54:05Z,14661,140
2026-10-09T12:54:06Z,14661,112
2026-10-09T12:54:07Z,14661,109
2026-10-09T12:54:08Z,14661,114
2026-10-09T12:54:09Z,14661,100
2026-10-09T12:54:10Z,15885,127
2026-10-09T12:54:11Z,15885,128
2026-10-09T12:54:12Z,15885,136
2026-10-09T12:54:13Z,15885,155
2026-10-09T12:54:14Z,15885,93
2026-10-09T12:54:15Z,15885,131
2026-10-09T12:54:16Z,15885,92
2026-10-09T12:54:17Z,15885,101
2026-10-09T12:54:18Z,15885,133
2026-10-09T12:54:19Z,15885,107
2026-10-09T12:54:20Z,15885,121
2026-10-09T12:54:21Z,15885,88
2026-10-09T12:54:22Z,15885,110
2026-10-09T12:54:23Z,15885,101
2026-10-09T12:54:24Z,15885,99
2026-10-09T12:54:25Z,22424,116
2026-10-09T12:54:26Z,20014,91
2026-10-09T12:54:27Z,20014,331
2026-10-09T12:54:28Z,20014,105
2026-10-09T12:54:29Z,20014,88
2026-10-09T12:54:30Z,20014,124
2026-10-09T12:54:31Z,20014,111
2026-10-09T12:54:32Z,20014,103
2026-10-09T12:54:33Z,20014,87
2026-10-09T12:54:34Z,22463,125
2026-10-09T12:54:35Z,14766,916
2026-10-09T12:54:36Z,14766,909
2026-10-09T12:54:37Z,14766,906
2026-10-09T12:54:38Z,14766,93
2026-10-09T12:54:39Z,12842,902
2026-10-09T12:54:40Z,12842,95
2026-10-09T12:54:41Z,12842,120
2026-10-09T12:54:42Z,12842,134
2026-10-09T12:54:43Z,12842,113
2026-10-09T12:54:44Z,12842,112
2026-10-09T12:54:45Z,12842,122
2026-10-09T12:54:46Z,13803,104
2026-10-09T12:54:47Z,13803,91
2026-10-09T12:54:48Z,13803,126
2026-10-09T12:54:49Z,12586,92
2026-10-09T12:54:50Z,12586,90
2026-10-09T12:54:51Z,12586,109
2026-10-09T12:54:52Z,12586,97
2026-10-09T12:54:53Z,12586,153
2026-10-09T12:54:54Z,12586,92
2026-10-09T12:54:55Z,12586,149
2026-10-09T12:54:56Z,12586,94
2026-10-09T12:54:57Z,14794,112
2026-10-09T12:54:58Z,14794,137
2026-10-09T12:54:59Z,14794,115
2026-10-09T12:55:00Z,14794,143
2026-10-09T12:55:01Z,14794,91
2026-10-09T12:55:02Z,14794,138
2026-10-09T12:55:03Z,14164,127
2026-10-09T12:55:04Z,14164,94
2026-10-09T12:55:05Z,14164,92
2026-10-09T12:55:06Z,14164,857
2026-10-09T12:55:07Z,14164,858
2026-10-09T12:55:08Z,13674,862
2026-10-09T12:55:09Z,13674,859
2026-10-09T12:55:10Z,11756,856
2026-10-09T12:55:11Z,11756,859
2026-10-09T12:55:12Z,11679,857
2026-10-09T12:55:13Z,11679,864
2026-10-09T12:55:14Z,11679,866
2026-10-09T12:55:15Z,13488,859
2026-10-09T12:55:16Z,13488,859
2026-10-09T12:55:17Z,13488,862
2026-10-09T12:55:18Z,13330,859
2026-10-09T12:55:19Z,13330,858
2026-10-09T12:55:20Z,13330,859
2026-10-09T12:55:21Z,13330,856
2026-10-09T12:55:22Z,12744,855
2026-10-09T12:55:23Z,12744,855
2026-10-09T12:55:24Z,12744,876
2026-10-09T12:55:25Z,12744,855
2026-10-09T12:55:26Z,12744,936
2026-10-09T12:55:27Z,13886,855
2026-10-09T12:55:28Z,13886,855
2026-10-09T12:55:29Z,13886,853
2026-10-09T12:55:30Z,12623,854
2026-10-09T12:55:31Z,12623,862
2026-10-09T12:55:32Z,12623,858
2026-10-09T12:55:33Z,12623,864
2026-10-09T12:55:34Z,12623,864
2026-10-09T12:55:35Z,12623,858
2026-10-09T12:55:36Z,13836,934
2026-10-09T12:55:37Z,11180,852
2026-10-09T12:55:38Z,11190,852
2026-10-09T12:55:39Z,11190,851
2026-10-09T12:55:40Z,11874,851
2026-10-09T12:55:41Z,11874,857
2026-10-09T12:55:42Z,11874,852
2026-10-09T12:55:43Z,11874,852
2026-10-09T12:55:44Z,11874,895
2026-10-09T12:55:45Z,11874,850
2026-10-09T12:55:46Z,13788,932
2026-10-09T12:55:47Z,13788,858
2026-10-09T12:55:48Z,13788,857
2026-10-09T12:55:49Z,13788,854
2026-10-09T12:55:50Z,13788,851
2026-10-09T12:55:51Z,13788,852
2026-10-09T12:55:52Z,13788,852
2026-10-09T12:55:53Z,13788,851
2026-10-09T12:55:54Z,13788,871
2026-10-09T12:55:55Z,13788,850
2026-10-09T12:55:56Z,13788,937
2026-10-09T12:55:57Z,13788,849
2026-10-09T12:55:58Z,13788,854
2026-10-09T12:55:59Z,13788,852
2026-10-09T12:56:00Z,13788,854
2026-10-09T12:56:01Z,13788,854
2026-10-09T12:56:02Z,13788,848
2026-10-09T12:56:03Z,21950,848
2026-10-09T12:56:04Z,18454,880
2026-10-09T12:56:05Z,18454,846
2026-10-09T12:56:06Z,18454,934
2026-10-09T12:56:07Z,18454,848
2026-10-09T12:56:08Z,18454,851
2026-10-09T12:56:09Z,18454,87
2026-10-09T12:56:10Z,18454,88
2026-10-09T12:56:11Z,18454,90
2026-10-09T12:56:12Z,18454,109
2026-10-09T12:56:13Z,18454,94
2026-10-09T12:56:14Z,18454,110
2026-10-09T12:56:15Z,18454,119
2026-10-09T12:56:16Z,18454,88
2026-10-09T12:56:17Z,18454,87
2026-10-09T12:56:18Z,18454,104
2026-10-09T12:56:19Z,18454,107
2026-10-09T12:56:20Z,18454,97
2026-10-09T12:56:21Z,18454,88
2026-10-09T12:56:22Z,18375,460
2026-10-09T12:56:23Z,18375,162
2026-10-09T12:56:24Z,18375,139
2026-10-09T12:56:25Z,18375,124
2026-10-09T12:56:26Z,18375,836
2026-10-09T12:56:27Z,18375,838
2026-10-09T12:56:28Z,18375,108
2026-10-09T12:56:29Z,18375,114
2026-10-09T12:56:30Z,18375,138
2026-10-09T12:56:31Z,18375,113
2026-10-09T12:56:32Z,18375,114
2026-10-09T12:56:33Z,18375,97
2026-10-09T12:56:34Z,22791,102
2026-10-09T12:56:35Z,15823,100
2026-10-09T12:56:36Z,15823,834
2026-10-09T12:56:37Z,15823,822
2026-10-09T12:56:38Z,15823,824
2026-10-09T12:56:39Z,15823,169
2026-10-09T12:56:40Z,15823,121
2026-10-09T12:56:41Z,13221,125
2026-10-09T12:56:42Z,13221,101
2026-10-09T12:56:43Z,13221,108
2026-10-09T12:56:44Z,13221,179
2026-10-09T12:56:45Z,13221,109
2026-10-09T12:56:46Z,13221,90
2026-10-09T12:56:47Z,13221,99
2026-10-09T12:56:48Z,13221,114
2026-10-09T12:56:49Z,13221,98
2026-10-09T12:56:50Z,13221,128
2026-10-09T12:56:51Z,13221,93
2026-10-09T12:56:52Z,13221,97
2026-10-09T12:56:53Z,13221,101
2026-10-09T12:56:54Z,13221,180
2026-10-09T12:56:55Z,13221,95
2026-10-09T12:56:56Z,13221,99
2026-10-09T12:56:57Z,13221,125
2026-10-09T12:56:58Z,13221,96
2026-10-09T12:56:59Z,18900,93
2026-10-09T12:57:00Z,18900,96
2026-10-09T12:57:01Z,18900,91
2026-10-09T12:57:02Z,18900,94
2026-10-09T12:57:03Z,18900,114
2026-10-09T12:57:04Z,18900,172
2026-10-09T12:57:05Z,18900,121
2026-10-09T12:57:06Z,18900,88
2026-10-09T12:57:07Z,18900,99
2026-10-09T12:57:08Z,18900,91
2026-10-09T12:57:09Z,18900,110
2026-10-09T12:57:10Z,18900,91
2026-10-09T12:57:11Z,18900,89
2026-10-09T12:57:12Z,18900,88
2026-10-09T12:57:13Z,18900,90
2026-10-09T12:57:14Z,16127,813
2026-10-09T12:57:15Z,16127,795
2026-10-09T12:57:16Z,16127,886
2026-10-09T12:57:17Z,16127,800
2026-10-09T12:57:18Z,16127,806
2026-10-09T12:57:19Z,16127,112
2026-10-09T12:57:20Z,16127,92
2026-10-09T12:57:21Z,16127,103
2026-10-09T12:57:22Z,16127,153
2026-10-09T12:57:23Z,16127,93
2026-10-09T12:57:24Z,16127,170
2026-10-09T12:57:25Z,16127,102
2026-10-09T12:57:26Z,16127,125
2026-10-09T12:57:27Z,16980,94
2026-10-09T12:57:28Z,16980,128
2026-10-09T12:57:29Z,17469,118
2026-10-09T12:57:30Z,17334,111
2026-10-09T12:57:31Z,17334,95
2026-10-09T12:57:32Z,17334,122
2026-10-09T12:57:33Z,17334,114
2026-10-09T12:57:34Z,17334,172
2026-10-09T12:57:35Z,17334,90
2026-10-09T12:57:36Z,17334,91
2026-10-09T12:57:37Z,17334,90
2026-10-09T12:57:38Z,17334,92
2026-10-09T12:57:39Z,17334,101
2026-10-09T12:57:40Z,15795,104
2026-10-09T12:57:41Z,15795,109
2026-10-09T12:57:42Z,15795,117
2026-10-09T12:57:43Z,15795,114
2026-10-09T12:57:44Z,15795,126
2026-10-09T12:57:45Z,15795,116
2026-10-09T12:57:46Z,15795,108
2026-10-09T12:57:47Z,15795,110
2026-10-09T12:57:48Z,15795,152
2026-10-09T12:57:49Z,15795,143
2026-10-09T12:57:50Z,15795,132
2026-10-09T12:57:51Z,15795,93
2026-10-09T12:57:52Z,15795,89
2026-10-09T12:57:53Z,15795,114
2026-10-09T12:57:54Z,15795,166
2026-10-09T12:57:55Z,15795,121
2026-10-09T12:57:56Z,15795,104
2026-10-09T12:57:57Z,15795,117
2026-10-09T12:57:58Z,15795,92
2026-10-09T12:57:59Z,15795,88
2026-10-09T12:58:00Z,15795,114
2026-10-09T12:58:01Z,15795,90
2026-10-09T12:58:02Z,19222,90
2026-10-09T12:58:03Z,19222,91
2026-10-09T12:58:04Z,19222,154
2026-10-09T12:58:05Z,19222,90
2026-10-09T12:58:06Z,19222,89
2026-10-09T12:58:07Z,19222,99
2026-10-09T12:58:08Z,19222,89
2026-10-09T12:58:09Z,19222,101
2026-10-09T12:58:10Z,13511,100
2026-10-09T12:58:11Z,13511,538
2026-10-09T12:58:12Z,13511,542
2026-10-09T12:58:13Z,13511,539
2026-10-09T12:58:14Z,13511,557
2026-10-09T12:58:15Z,13511,128
2026-10-09T12:58:16Z,13511,96
2026-10-09T12:58:17Z,13511,97
2026-10-09T12:58:18Z,13511,129
2026-10-09T12:58:19Z,13511,118
2026-10-09T12:58:21Z,14528,92
2026-10-09T12:58:22Z,14528,100
2026-10-09T12:58:23Z,14528,100
2026-10-09T12:58:24Z,14528,99
2026-10-09T12:58:25Z,14528,96
2026-10-09T12:58:26Z,14528,97
2026-10-09T12:58:27Z,12215,125
2026-10-09T12:58:28Z,12215,772
2026-10-09T12:58:29Z,12215,114
2026-10-09T12:58:30Z,12215,99
2026-10-09T12:58:31Z,12215,116
2026-10-09T12:58:32Z,12215,127
2026-10-09T12:58:33Z,12215,104
2026-10-09T12:58:34Z,12215,119
2026-10-09T12:58:35Z,12215,89
2026-10-09T12:58:36Z,13547,94
2026-10-09T12:58:37Z,13547,92
2026-10-09T12:58:38Z,13547,102
2026-10-09T12:58:39Z,11098,100
2026-10-09T12:58:40Z,11098,487
2026-10-09T12:58:41Z,11098,489
2026-10-09T12:58:42Z,11098,90
2026-10-09T12:58:43Z,11098,93
2026-10-09T12:58:44Z,12260,143
2026-10-09T12:58:45Z,12260,100
2026-10-09T12:58:46Z,12260,95
2026-10-09T12:58:47Z,12260,97
2026-10-09T12:58:48Z,12260,92
2026-10-09T12:58:49Z,12260,106
2026-10-09T12:58:50Z,12676,103
2026-10-09T12:58:51Z,12676,90
2026-10-09T12:58:52Z,12676,103
2026-10-09T12:58:53Z,12676,98
2026-10-09T12:58:54Z,12676,100
2026-10-09T12:58:55Z,12676,92
2026-10-09T12:58:56Z,12676,105
2026-10-09T12:58:57Z,12676,90
2026-10-09T12:58:58Z,13314,89
2026-10-09T12:58:59Z,13314,102
2026-10-09T12:59:00Z,13314,89
2026-10-09T12:59:01Z,13314,99
2026-10-09T12:59:02Z,10542,94
2026-10-09T12:59:03Z,10542,475
2026-10-09T12:59:04Z,10542,100
2026-10-09T12:59:05Z,10542,91
2026-10-09T12:59:06Z,10542,94
2026-10-09T12:59:07Z,10542,96
2026-10-09T12:59:08Z,10542,100
2026-10-09T12:59:09Z,10542,95
2026-10-09T12:59:10Z,10542,101
2026-10-09T12:59:11Z,12711,90
2026-10-09T12:59:12Z,12711,88
2026-10-09T12:59:13Z,12711,98
2026-10-09T12:59:14Z,12711,153
2026-10-09T12:59:15Z,12711,96
2026-10-09T12:59:16Z,12711,114
2026-10-09T12:59:17Z,12711,95
2026-10-09T12:59:18Z,12711,98
2026-10-09T12:59:19Z,12711,105
2026-10-09T12:59:20Z,12711,142
2026-10-09T12:59:21Z,12711,91
2026-10-09T12:59:22Z,12711,148
2026-10-09T12:59:23Z,12711,152
2026-10-09T12:59:24Z,15360,226
2026-10-09T12:59:25Z,15360,127
2026-10-09T12:59:26Z,15360,105
2026-10-09T12:59:27Z,15360,92
2026-10-09T12:59:28Z,15360,110
2026-10-09T12:59:29Z,15360,94
2026-10-09T12:59:30Z,15360,89
2026-10-09T12:59:31Z,15360,117
2026-10-09T12:59:32Z,15360,87
2026-10-09T12:59:33Z,15360,149
2026-10-09T12:59:34Z,15360,91
2026-10-09T12:59:35Z,15360,131
2026-10-09T12:59:36Z,15360,90
2026-10-09T12:59:37Z,15360,89
2026-10-09T12:59:38Z,15360,105
2026-10-09T12:59:39Z,15360,87
2026-10-09T12:59:40Z,15360,115
2026-10-09T12:59:41Z,15360,129
2026-10-09T12:59:42Z,15360,108
2026-10-09T12:59:43Z,15360,114
2026-10-09T12:59:44Z,15360,134
2026-10-09T12:59:45Z,15360,114
2026-10-09T12:59:46Z,15360,87
2026-10-09T12:59:47Z,20076,115
2026-10-09T12:59:48Z,20076,90
2026-10-09T12:59:49Z,20076,134
2026-10-09T12:59:50Z,20076,108
2026-10-09T12:59:51Z,20076,117
2026-10-09T12:59:52Z,20076,99
2026-10-09T12:59:53Z,20076,116
2026-10-09T12:59:54Z,18048,138
2026-10-09T12:59:55Z,12816,97
2026-10-09T12:59:56Z,12816,425
2026-10-09T12:59:57Z,12816,428
2026-10-09T12:59:58Z,12816,424
2026-10-09T12:59:59Z,12816,590
2026-10-09T13:00:00Z,12816,138
2026-10-09T13:00:01Z,12120,91
2026-10-09T13:00:02Z,12120,91
2026-10-09T13:00:03Z,12120,100
2026-10-09T13:00:04Z,12120,429
2026-10-09T13:00:05Z,12120,504
2026-10-09T13:00:06Z,12120,95
2026-10-09T13:00:07Z,11881,116
2026-10-09T13:00:08Z,11881,151
2026-10-09T13:00:09Z,11881,418
2026-10-09T13:00:10Z,11881,418
2026-10-09T13:00:11Z,11881,421
2026-10-09T13:00:12Z,11881,99
2026-10-09T13:00:13Z,11859,418
2026-10-09T13:00:14Z,11859,118
2026-10-09T13:00:15Z,11859,416
2026-10-09T13:00:16Z,11859,423
2026-10-09T13:00:17Z,11859,418
2026-10-09T13:00:18Z,12190,411
2026-10-09T13:00:19Z,12190,88
2026-10-09T13:00:20Z,12190,413
2026-10-09T13:00:21Z,12190,414
2026-10-09T13:00:22Z,12190,409
2026-10-09T13:00:23Z,12190,411
2026-10-09T13:00:24Z,12190,435
2026-10-09T13:00:25Z,12190,410
2026-10-09T13:00:26Z,12190,91
2026-10-09T13:00:27Z,12190,91
2026-10-09T13:00:28Z,12190,87
2026-10-09T13:00:29Z,12190,111
2026-10-09T13:00:30Z,12190,130
2026-10-09T13:00:31Z,12190,91
2026-10-09T13:00:32Z,12190,88
2026-10-09T13:00:33Z,12190,88
2026-10-09T13:00:34Z,12190,150
2026-10-09T13:00:35Z,12190,135
2026-10-09T13:00:36Z,16323,87
2026-10-09T13:00:37Z,16323,90
2026-10-09T13:00:38Z,16323,90
2026-10-09T13:00:39Z,16442,98
2026-10-09T13:00:40Z,16442,100
2026-10-09T13:00:41Z,16442,95
2026-10-09T13:00:42Z,16442,131
2026-10-09T13:00:43Z,16442,138
2026-10-09T13:00:44Z,16442,108
2026-10-09T13:00:45Z,16442,127
2026-10-09T13:00:46Z,16442,99
2026-10-09T13:00:47Z,16442,124
2026-10-09T13:00:48Z,16442,112
2026-10-09T13:00:49Z,16442,136
2026-10-09T13:00:50Z,16442,111
2026-10-09T13:00:51Z,16442,124
2026-10-09T13:00:52Z,16442,98
2026-10-09T13:00:53Z,16442,112
2026-10-09T13:00:54Z,16442,93
2026-10-09T13:00:55Z,16442,92
2026-10-09T13:00:56Z,16442,97
2026-10-09T13:00:57Z,16442,120
2026-10-09T13:00:58Z,16442,125
2026-10-09T13:00:59Z,25763,98
2026-10-09T13:01:00Z,19291,385
2026-10-09T13:01:01Z,19291,381
2026-10-09T13:01:02Z,19291,377
2026-10-09T13:01:03Z,19291,379
2026-10-09T13:01:04Z,19291,389
2026-10-09T13:01:05Z,19291,151
2026-10-09T13:01:06Z,11730,376
2026-10-09T13:01:07Z,11730,375
2026-10-09T13:01:08Z,11730,377
2026-10-09T13:01:09Z,11730,379
2026-10-09T13:01:10Z,11730,375
2026-10-09T13:01:11Z,11481,376
2026-10-09T13:01:12Z,11481,107
2026-10-09T13:01:13Z,11481,136
2026-10-09T13:01:14Z,11481,379
2026-10-09T13:01:15Z,11481,372
2026-10-09T13:01:16Z,11481,376
2026-10-09T13:01:17Z,11481,98
2026-10-09T13:01:18Z,11481,126
2026-10-09T13:01:19Z,13769,111
2026-10-09T13:01:20Z,13769,97
2026-10-09T13:01:21Z,13769,120
2026-10-09T13:01:22Z,13769,99
2026-10-09T13:01:23Z,13769,102
2026-10-09T13:01:24Z,13769,151
2026-10-09T13:01:25Z,12351,94
2026-10-09T13:01:26Z,12351,120
2026-10-09T13:01:27Z,12351,359
2026-10-09T13:01:28Z,12351,360
2026-10-09T13:01:29Z,12351,356
2026-10-09T13:01:30Z,12175,364
2026-10-09T13:01:31Z,9988,391
2026-10-09T13:01:32Z,9988,363
2026-10-09T13:01:33Z,9988,356
2026-10-09T13:01:34Z,9988,372
2026-10-09T13:01:35Z,9988,348
2026-10-09T13:01:36Z,9988,432
2026-10-09T13:01:37Z,12444,112
2026-10-09T13:01:38Z,12444,104
2026-10-09T13:01:39Z,12444,110
2026-10-09T13:01:40Z,12444,99
2026-10-09T13:01:41Z,12444,92
2026-10-09T13:01:42Z,12444,115
2026-10-09T13:01:43Z,12444,121
2026-10-09T13:01:44Z,12444,149
2026-10-09T13:01:45Z,15166,104
2026-10-09T13:01:46Z,14759,108
2026-10-09T13:01:47Z,14759,91
2026-10-09T13:01:48Z,14759,98
2026-10-09T13:01:49Z,14759,117
2026-10-09T13:01:50Z,14759,109
2026-10-09T13:01:51Z,14759,91
2026-10-09T13:01:52Z,14759,105
2026-10-09T13:01:53Z,14759,89
2026-10-09T13:01:54Z,14759,151
2026-10-09T13:01:55Z,14759,87
2026-10-09T13:01:56Z,14759,93
2026-10-09T13:01:57Z,14759,96
2026-10-09T13:01:58Z,14759,101
2026-10-09T13:01:59Z,14759,96
2026-10-09T13:02:00Z,14759,108
2026-10-09T13:02:01Z,17573,108
2026-10-09T13:02:02Z,17573,102
2026-10-09T13:02:03Z,17573,93
2026-10-09T13:02:04Z,17573,141
2026-10-09T13:02:05Z,17573,88
2026-10-09T13:02:06Z,17573,96
2026-10-09T13:02:07Z,17573,88
2026-10-09T13:02:08Z,17573,90
2026-10-09T13:02:09Z,17573,96
2026-10-09T13:02:10Z,17573,93
2026-10-09T13:02:11Z,17573,95
2026-10-09T13:02:12Z,17573,93
2026-10-09T13:02:13Z,17573,106
2026-10-09T13:02:14Z,17573,102
2026-10-09T13:02:15Z,17573,123
2026-10-09T13:02:16Z,17573,99
2026-10-09T13:02:17Z,17573,96
2026-10-09T13:02:18Z,17573,98
2026-10-09T13:02:19Z,17573,92
2026-10-09T13:02:20Z,17573,101
2026-10-09T13:02:21Z,17573,92
2026-10-09T13:02:22Z,17573,120
2026-10-09T13:02:23Z,17573,119
2026-10-09T13:02:24Z,17573,160
2026-10-09T13:02:25Z,17573,93
2026-10-09T13:02:26Z,17573,97
2026-10-09T13:02:27Z,17573,89
2026-10-09T13:02:28Z,17573,104
2026-10-09T13:02:29Z,17573,108
2026-10-09T13:02:30Z,21824,120
2026-10-09T13:02:31Z,21824,119
2026-10-09T13:02:32Z,21824,297
2026-10-09T13:02:33Z,21824,87
2026-10-09T13:02:34Z,21824,161
2026-10-09T13:02:35Z,21824,106
2026-10-09T13:02:36Z,21824,97
2026-10-09T13:02:37Z,21824,87
2026-10-09T13:02:38Z,21824,134
2026-10-09T13:02:39Z,21824,103
2026-10-09T13:02:40Z,21824,87
2026-10-09T13:02:41Z,21824,87
2026-10-09T13:02:42Z,21824,184
2026-10-09T13:02:43Z,21824,97
2026-10-09T13:02:44Z,21824,160
2026-10-09T13:02:45Z,21824,87
2026-10-09T13:02:46Z,21824,88
2026-10-09T13:02:47Z,21824,104
2026-10-09T13:02:48Z,21824,151
2026-10-09T13:02:49Z,21824,127
2026-10-09T13:02:50Z,21824,135
2026-10-09T13:02:51Z,21824,120
2026-10-09T13:02:52Z,21824,99
2026-10-09T13:02:53Z,21824,102
2026-10-09T13:02:54Z,21824,164
2026-10-09T13:02:55Z,21824,120
2026-10-09T13:02:56Z,21824,107
2026-10-09T13:02:57Z,21824,126
2026-10-09T13:02:58Z,21824,118
2026-10-09T13:02:59Z,21824,88
2026-10-09T13:03:00Z,21824,117
2026-10-09T13:03:01Z,21824,95
2026-10-09T13:03:02Z,21824,87
2026-10-09T13:03:03Z,21824,121
2026-10-09T13:03:04Z,21824,150
2026-10-09T13:03:05Z,21824,88
2026-10-09T13:03:06Z,21824,129
2026-10-09T13:03:07Z,21824,87
2026-10-09T13:03:08Z,21824,113
2026-10-09T13:03:09Z,21824,123
2026-10-09T13:03:10Z,21824,93
2026-10-09T13:03:11Z,21824,119
2026-10-09T13:03:12Z,21824,118
2026-10-09T13:03:13Z,21824,102
2026-10-09T13:03:14Z,21824,161
2026-10-09T13:03:15Z,21824,93
2026-10-09T13:03:16Z,21824,117
2026-10-09T13:03:17Z,21824,126
2026-10-09T13:03:18Z,21824,112
2026-10-09T13:03:19Z,21824,152
2026-10-09T13:03:20Z,21824,113
2026-10-09T13:03:21Z,21824,126
2026-10-09T13:03:22Z,21824,105
2026-10-09T13:03:23Z,21824,144
2026-10-09T13:03:24Z,21824,190
2026-10-09T13:03:25Z,21824,101
2026-10-09T13:03:26Z,21824,94
2026-10-09T13:03:27Z,21824,120
2026-10-09T13:03:28Z,21824,121
2026-10-09T13:03:29Z,21824,103
2026-10-09T13:03:30Z,32852,243
2026-10-09T13:03:31Z,32638,248
2026-10-09T13:03:32Z,32638,245
2026-10-09T13:03:33Z,32638,243
2026-10-09T13:03:34Z,32638,256
2026-10-09T13:03:35Z,32638,242
2026-10-09T13:03:36Z,32638,117
2026-10-09T13:03:37Z,32638,111
2026-10-09T13:03:38Z,32638,98
2026-10-09T13:03:39Z,32638,135
2026-10-09T13:03:40Z,32638,94
2026-10-09T13:03:41Z,32638,110
2026-10-09T13:03:42Z,32638,132
2026-10-09T13:03:43Z,32638,92
2026-10-09T13:03:44Z,32638,122
2026-10-09T13:03:45Z,32638,98
2026-10-09T13:03:46Z,32638,133
2026-10-09T13:03:47Z,32638,110
2026-10-09T13:03:48Z,32638,104
2026-10-09T13:03:49Z,32638,98
2026-10-09T13:03:50Z,32638,115
2026-10-09T13:03:51Z,32638,109
2026-10-09T13:03:52Z,32638,124
2026-10-09T13:03:53Z,32638,112
2026-10-09T13:03:54Z,32638,153
2026-10-09T13:03:55Z,32638,120
2026-10-09T13:03:56Z,32638,99
2026-10-09T13:03:57Z,32638,106
2026-10-09T13:03:58Z,32638,115
2026-10-09T13:03:59Z,32638,106
2026-10-09T13:04:00Z,32638,117
2026-10-09T13:04:01Z,32638,88
2026-10-09T13:04:02Z,32638,93
2026-10-09T13:04:03Z,32638,94
2026-10-09T13:04:04Z,20877,315
2026-10-09T13:04:05Z,20877,226
2026-10-09T13:04:06Z,20877,306
2026-10-09T13:04:07Z,20877,224
2026-10-09T13:04:08Z,20877,223
2026-10-09T13:04:09Z,20877,222
2026-10-09T13:04:10Z,20877,219
2026-10-09T13:04:11Z,20877,223
2026-10-09T13:04:12Z,20877,223
2026-10-09T13:04:13Z,20877,216
2026-10-09T13:04:14Z,20877,250
2026-10-09T13:04:15Z,20877,217
2026-10-09T13:04:16Z,13706,1221
2026-10-09T13:04:18Z,13706,213
2026-10-09T13:04:19Z,13706,213
2026-10-09T13:04:20Z,13706,217
2026-10-09T13:04:21Z,10155,211
2026-10-09T13:04:22Z,10155,211
2026-10-09T13:04:23Z,10155,210
2026-10-09T13:04:24Z,10155,257
2026-10-09T13:04:25Z,10155,216
2026-10-09T13:04:26Z,10155,297
2026-10-09T13:04:27Z,10155,213
2026-10-09T13:04:28Z,10155,211
2026-10-09T13:04:29Z,10155,204
2026-10-09T13:04:30Z,10155,223
2026-10-09T13:04:31Z,10155,1220
2026-10-09T13:04:33Z,10155,203
2026-10-09T13:04:34Z,10155,146
2026-10-09T13:04:35Z,10155,105
2026-10-09T13:04:36Z,10155,112
2026-10-09T13:04:37Z,13235,115
2026-10-09T13:04:38Z,13235,91
2026-10-09T13:04:39Z,13235,128
2026-10-09T13:04:40Z,13235,111
2026-10-09T13:04:41Z,13235,105
2026-10-09T13:04:42Z,13235,103
2026-10-09T13:04:43Z,13235,140
2026-10-09T13:04:44Z,13235,93
2026-10-09T13:04:45Z,13235,87
2026-10-09T13:04:46Z,13235,88
2026-10-09T13:04:47Z,13235,102
2026-10-09T13:04:48Z,13235,113
2026-10-09T13:04:49Z,13235,135
2026-10-09T13:04:50Z,13235,90
2026-10-09T13:04:51Z,13235,94
2026-10-09T13:04:52Z,13235,93
2026-10-09T13:04:53Z,13235,107
2026-10-09T13:04:54Z,13235,126
2026-10-09T13:04:55Z,13235,118
2026-10-09T13:04:56Z,13235,120
2026-10-09T13:04:57Z,13235,109
2026-10-09T13:04:58Z,13235,139
2026-10-09T13:04:59Z,13235,92
2026-10-09T13:05:00Z,13235,117
2026-10-09T13:05:01Z,13235,118
2026-10-09T13:05:02Z,13235,90
2026-10-09T13:05:03Z,13235,121
2026-10-09T13:05:04Z,19408,112
2026-10-09T13:05:05Z,19453,185
2026-10-09T13:05:06Z,19453,3199
2026-10-09T13:05:10Z,19453,174
2026-10-09T13:05:11Z,19453,176
2026-10-09T13:05:12Z,19453,112
2026-10-09T13:05:13Z,19453,142
2026-10-09T13:05:14Z,19453,97
2026-10-09T13:05:15Z,19453,97
2026-10-09T13:05:16Z,19453,97
2026-10-09T13:05:17Z,19453,101
2026-10-09T13:05:18Z,19453,95
2026-10-09T13:05:19Z,19453,99
2026-10-09T13:05:20Z,19453,148
2026-10-09T13:05:21Z,19453,119
2026-10-09T13:05:22Z,19453,94
2026-10-09T13:05:23Z,19453,105
2026-10-09T13:05:24Z,19453,229
2026-10-09T13:05:25Z,19453,116
2026-10-09T13:05:26Z,19453,114
2026-10-09T13:05:27Z,19453,129
2026-10-09T13:05:28Z,19453,92
2026-10-09T13:05:29Z,19453,102
2026-10-09T13:05:30Z,19453,92
2026-10-09T13:05:31Z,19453,105
2026-10-09T13:05:32Z,19453,116
2026-10-09T13:05:33Z,19453,121
2026-10-09T13:05:34Z,19453,244
2026-10-09T13:05:35Z,19453,120
2026-10-09T13:05:36Z,19453,97
2026-10-09T13:05:37Z,19453,116
2026-10-09T13:05:38Z,19453,137
2026-10-09T13:05:39Z,19453,127
2026-10-09T13:05:40Z,19453,133
2026-10-09T13:05:41Z,19453,111
2026-10-09T13:05:42Z,19453,96
2026-10-09T13:05:43Z,19453,89
2026-10-09T13:05:44Z,19453,105
2026-10-09T13:05:45Z,19453,125
2026-10-09T13:05:46Z,19453,136
2026-10-09T13:05:47Z,19453,99
2026-10-09T13:05:48Z,19453,159
2026-10-09T13:05:49Z,19453,100
2026-10-09T13:05:50Z,19453,94
2026-10-09T13:05:51Z,19453,122
2026-10-09T13:05:52Z,19453,111
2026-10-09T13:05:53Z,19453,104
2026-10-09T13:05:54Z,19453,213
2026-10-09T13:05:55Z,19453,88
2026-10-09T13:05:56Z,19453,89
2026-10-09T13:05:57Z,19453,103
2026-10-09T13:05:58Z,19453,104
2026-10-09T13:05:59Z,19453,113
2026-10-09T13:06:00Z,28995,1209
2026-10-09T13:06:02Z,28995,441
2026-10-09T13:06:03Z,28995,435
2026-10-09T13:06:04Z,28995,441
2026-10-09T13:06:05Z,28995,436
2026-10-09T13:06:06Z,28995,441
2026-10-09T13:06:07Z,28995,130
2026-10-09T13:06:08Z,28995,90
2026-10-09T13:06:09Z,28995,101
2026-10-09T13:06:10Z,28995,98
2026-10-09T13:06:11Z,28995,131
2026-10-09T13:06:12Z,28995,92
2026-10-09T13:06:13Z,28995,111
2026-10-09T13:06:14Z,28995,161
2026-10-09T13:06:15Z,28995,112
2026-10-09T13:06:16Z,28995,100
2026-10-09T13:06:17Z,28995,111
2026-10-09T13:06:18Z,28995,112
2026-10-09T13:06:19Z,28995,90
2026-10-09T13:06:20Z,28995,102
2026-10-09T13:06:21Z,28995,96
2026-10-09T13:06:22Z,28995,125
2026-10-09T13:06:23Z,28995,97
2026-10-09T13:06:24Z,28995,230
2026-10-09T13:06:25Z,28995,94
2026-10-09T13:06:26Z,28995,111
2026-10-09T13:06:27Z,28995,94
2026-10-09T13:06:28Z,28995,107
2026-10-09T13:06:29Z,28995,88
2026-10-09T13:06:30Z,28995,110
2026-10-09T13:06:31Z,28995,104
2026-10-09T13:06:32Z,28995,101
2026-10-09T13:06:33Z,28995,131
2026-10-09T13:06:34Z,28995,146
2026-10-09T13:06:35Z,28995,93
2026-10-09T13:06:36Z,28995,88
2026-10-09T13:06:37Z,28995,92
2026-10-09T13:06:38Z,23232,413
2026-10-09T13:06:39Z,23232,411
2026-10-09T13:06:40Z,23232,415
2026-10-09T13:06:41Z,23232,409
2026-10-09T13:06:42Z,23232,408
2026-10-09T13:06:43Z,23232,408
2026-10-09T13:06:44Z,23232,416
2026-10-09T13:06:45Z,23232,406
2026-10-09T13:06:46Z,23232,486
2026-10-09T13:06:47Z,23232,427
2026-10-09T13:06:48Z,23232,414
2026-10-09T13:06:49Z,12594,415
2026-10-09T13:06:50Z,12594,409
2026-10-09T13:06:51Z,12594,410
2026-10-09T13:06:52Z,12594,406
2026-10-09T13:06:53Z,12594,407
2026-10-09T13:06:54Z,12594,410
2026-10-09T13:06:55Z,12594,406
2026-10-09T13:06:56Z,12594,403
2026-10-09T13:06:57Z,12594,403
2026-10-09T13:06:58Z,12594,404
2026-10-09T13:06:59Z,12594,402
2026-10-09T13:07:00Z,12594,398
2026-10-09T13:07:01Z,12594,402
2026-10-09T13:07:02Z,12594,399
2026-10-09T13:07:03Z,12594,398
2026-10-09T13:07:04Z,13726,412
2026-10-09T13:07:05Z,13726,401
2026-10-09T13:07:06Z,13726,481
2026-10-09T13:07:07Z,13726,395
2026-10-09T13:07:08Z,13726,88
2026-10-09T13:07:09Z,13726,116
2026-10-09T13:07:10Z,13726,106
2026-10-09T13:07:11Z,13726,88
2026-10-09T13:07:12Z,13726,96
2026-10-09T13:07:13Z,13726,112
2026-10-09T13:07:14Z,13726,187
2026-10-09T13:07:15Z,13726,93
2026-10-09T13:07:16Z,13726,111
2026-10-09T13:07:17Z,13726,103
2026-10-09T13:07:18Z,13726,120
2026-10-09T13:07:19Z,13726,91
2026-10-09T13:07:20Z,13726,116
2026-10-09T13:07:21Z,13726,105
2026-10-09T13:07:22Z,13726,121
2026-10-09T13:07:23Z,13726,108
2026-10-09T13:07:24Z,13726,176
2026-10-09T13:07:25Z,13726,92
2026-10-09T13:07:26Z,13726,151
2026-10-09T13:07:27Z,13726,104
2026-10-09T13:07:28Z,13726,92
2026-10-09T13:07:29Z,13726,124
2026-10-09T13:07:30Z,13726,124
2026-10-09T13:07:31Z,13726,109
2026-10-09T13:07:32Z,13726,128
2026-10-09T13:07:33Z,13726,135
2026-10-09T13:07:34Z,13726,152
2026-10-09T13:07:35Z,13726,118
2026-10-09T13:07:36Z,13726,87
2026-10-09T13:07:37Z,13726,112
2026-10-09T13:07:38Z,13726,138
2026-10-09T13:07:39Z,13726,107
2026-10-09T13:07:40Z,21204,165
2026-10-09T13:07:41Z,21204,373
2026-10-09T13:07:42Z,21204,375
2026-10-09T13:07:43Z,21204,373
2026-10-09T13:07:44Z,21204,385
2026-10-09T13:07:45Z,21204,457
2026-10-09T13:07:46Z,21204,87
2026-10-09T13:07:47Z,21204,111
2026-10-09T13:07:48Z,21204,121
2026-10-09T13:07:49Z,21204,112
2026-10-09T13:07:50Z,21204,91
2026-10-09T13:07:51Z,21204,136
2026-10-09T13:07:52Z,21204,109
2026-10-09T13:07:53Z,21204,117
2026-10-09T13:07:54Z,21204,142
2026-10-09T13:07:55Z,21204,98
2026-10-09T13:07:56Z,21204,93
2026-10-09T13:07:57Z,21204,87
2026-10-09T13:07:58Z,21204,111
2026-10-09T13:07:59Z,21204,121
2026-10-09T13:08:00Z,21204,136
2026-10-09T13:08:01Z,21204,127
2026-10-09T13:08:02Z,21204,115
2026-10-09T13:08:03Z,21204,95
2026-10-09T13:08:04Z,16789,373
2026-10-09T13:08:05Z,16789,364
2026-10-09T13:08:06Z,16789,439
2026-10-09T13:08:07Z,16789,359
2026-10-09T13:08:08Z,16789,364
2026-10-09T13:08:09Z,16789,359
2026-10-09T13:08:10Z,16789,364
2026-10-09T13:08:11Z,16789,361
2026-10-09T13:08:12Z,16789,362
2026-10-09T13:08:13Z,16789,355
2026-10-09T13:08:14Z,11297,361
2026-10-09T13:08:15Z,11297,354
2026-10-09T13:08:16Z,11297,437
2026-10-09T13:08:17Z,11297,356
2026-10-09T13:08:18Z,11297,359
2026-10-09T13:08:19Z,9529,351
2026-10-09T13:08:20Z,9529,353
2026-10-09T13:08:21Z,9529,348
2026-10-09T13:08:22Z,9529,353
2026-10-09T13:08:23Z,9529,353
2026-10-09T13:08:24Z,9529,358
2026-10-09T13:08:25Z,9529,354
2026-10-09T13:08:26Z,9529,428
2026-10-09T13:08:27Z,9529,92
2026-10-09T13:08:28Z,11292,106
2026-10-09T13:08:29Z,11292,129
2026-10-09T13:08:30Z,11292,155
2026-10-09T13:08:31Z,11292,90
2026-10-09T13:08:32Z,11292,96
2026-10-09T13:08:33Z,11292,87
2026-10-09T13:08:34Z,11292,134
2026-10-09T13:08:35Z,11292,109
2026-10-09T13:08:36Z,11292,97
2026-10-09T13:08:37Z,11292,120
2026-10-09T13:08:38Z,11292,95
2026-10-09T13:08:39Z,11292,98
2026-10-09T13:08:40Z,11292,123
2026-10-09T13:08:41Z,11292,88
2026-10-09T13:08:42Z,11292,88
2026-10-09T13:08:43Z,12514,170
2026-10-09T13:08:44Z,12514,156
2026-10-09T13:08:45Z,12514,110
2026-10-09T13:08:46Z,12514,96
2026-10-09T13:08:47Z,12514,121
2026-10-09T13:08:48Z,12514,110
2026-10-09T13:08:49Z,12514,117
2026-10-09T13:08:50Z,12514,97
2026-10-09T13:08:51Z,12514,111
2026-10-09T13:08:52Z,12514,107
2026-10-09T13:08:53Z,12514,168
2026-10-09T13:08:54Z,12514,122
2026-10-09T13:08:55Z,12514,105
2026-10-09T13:08:56Z,12514,114
2026-10-09T13:08:57Z,12514,97
2026-10-09T13:08:58Z,12514,89
2026-10-09T13:08:59Z,12514,102
2026-10-09T13:09:00Z,12514,118
2026-10-09T13:09:01Z,12514,99
2026-10-09T13:09:02Z,12514,112
2026-10-09T13:09:03Z,12514,100
2026-10-09T13:09:04Z,12514,88
2026-10-09T13:09:05Z,12514,87
2026-10-09T13:09:06Z,12514,87
2026-10-09T13:09:07Z,12514,129
2026-10-09T13:09:08Z,12514,112
2026-10-09T13:09:09Z,12514,123
2026-10-09T13:09:10Z,12514,118
2026-10-09T13:09:11Z,12514,110
2026-10-09T13:09:12Z,12514,112
2026-10-09T13:09:13Z,12514,119
2026-10-09T13:09:14Z,12514,141
2026-10-09T13:09:15Z,22699,117
2026-10-09T13:09:16Z,18194,99
2026-10-09T13:09:17Z,18194,98
2026-10-09T13:09:18Z,18194,304
2026-10-09T13:09:19Z,18194,87
2026-10-09T13:09:20Z,18194,305
2026-10-09T13:09:21Z,18194,88
2026-10-09T13:09:22Z,18194,128
2026-10-09T13:09:23Z,18194,114
2026-10-09T13:09:24Z,18194,95
2026-10-09T13:09:25Z,18194,99
2026-10-09T13:09:26Z,18194,87
2026-10-09T13:09:27Z,18194,95
2026-10-09T13:09:28Z,18194,161
2026-10-09T13:09:29Z,18194,88
2026-10-09T13:09:30Z,18194,158
2026-10-09T13:09:31Z,18194,136
2026-10-09T13:09:32Z,18194,115
2026-10-09T13:09:33Z,18194,136
2026-10-09T13:09:34Z,18194,118
2026-10-09T13:09:35Z,18194,93
2026-10-09T13:09:36Z,18194,110
2026-10-09T13:09:37Z,18194,108
2026-10-09T13:09:38Z,18194,130
2026-10-09T13:09:39Z,18194,134
2026-10-09T13:09:40Z,18194,132
2026-10-09T13:09:41Z,18194,93
2026-10-09T13:09:42Z,18194,166
2026-10-09T13:09:43Z,18194,131
2026-10-09T13:09:44Z,18194,181
2026-10-09T13:09:45Z,18194,159
2026-10-09T13:09:46Z,18194,110
2026-10-09T13:09:47Z,18194,118
2026-10-09T13:09:48Z,18194,90
2026-10-09T13:09:49Z,18194,120
2026-10-09T13:09:50Z,18194,99
2026-10-09T13:09:51Z,18194,92
2026-10-09T13:09:52Z,18194,92
2026-10-09T13:09:53Z,18194,140
2026-10-09T13:09:54Z,18194,145
2026-10-09T13:09:55Z,18194,105
2026-10-09T13:09:56Z,18194,122
2026-10-09T13:09:57Z,18194,88
2026-10-09T13:09:58Z,18194,125
2026-10-09T13:09:59Z,23152,1274
2026-10-09T13:10:01Z,23152,279
2026-10-09T13:10:02Z,23152,271
2026-10-09T13:10:03Z,23152,269
2026-10-09T13:10:04Z,23152,288
2026-10-09T13:10:05Z,23152,107
2026-10-09T13:10:06Z,23152,115
2026-10-09T13:10:07Z,23152,93
2026-10-09T13:10:08Z,23152,123
2026-10-09T13:10:09Z,23152,133
2026-10-09T13:10:10Z,23152,92
2026-10-09T13:10:11Z,23152,126
2026-10-09T13:10:12Z,23152,93
2026-10-09T13:10:13Z,12813,261
2026-10-09T13:10:14Z,12813,267
2026-10-09T13:10:15Z,12813,260
2026-10-09T13:10:16Z,12813,336
2026-10-09T13:10:17Z,12813,257
2026-10-09T13:10:18Z,12813,258
2026-10-09T13:10:19Z,12813,102
2026-10-09T13:10:20Z,12813,259
2026-10-09T13:10:21Z,12813,93
2026-10-09T13:10:22Z,12813,138
2026-10-09T13:10:23Z,12813,131
2026-10-09T13:10:24Z,12813,274
2026-10-09T13:10:25Z,12813,138
2026-10-09T13:10:26Z,11951,118
2026-10-09T13:10:27Z,11951,136
2026-10-09T13:10:28Z,11951,104
2026-10-09T13:10:29Z,11951,100
2026-10-09T13:10:31Z,11951,111
2026-10-09T13:10:32Z,11951,94
2026-10-09T13:10:33Z,11951,109
2026-10-09T13:10:34Z,11951,129
2026-10-09T13:10:35Z,11951,165
2026-10-09T13:10:36Z,11951,141
2026-10-09T13:10:37Z,11951,87
2026-10-09T13:10:38Z,11951,89
2026-10-09T13:10:39Z,11951,107
2026-10-09T13:10:40Z,11951,94
2026-10-09T13:10:41Z,11951,115
2026-10-09T13:10:42Z,12080,94
2026-10-09T13:10:43Z,12080,89
2026-10-09T13:10:44Z,12080,236
2026-10-09T13:10:45Z,12080,119
2026-10-09T13:10:46Z,12080,102
2026-10-09T13:10:47Z,12080,145
2026-10-09T13:10:48Z,12080,93
2026-10-09T13:10:49Z,12080,139
2026-10-09T13:10:50Z,12080,88
2026-10-09T13:10:51Z,10702,139
2026-10-09T13:10:52Z,10702,102
2026-10-09T13:10:53Z,10702,94
2026-10-09T13:10:54Z,10702,121
2026-10-09T13:10:55Z,10702,133
2026-10-09T13:10:56Z,10702,234
2026-10-09T13:10:57Z,10702,124
2026-10-09T13:10:58Z,10702,131
2026-10-09T13:10:59Z,10702,108
2026-10-09T13:11:00Z,10702,91
2026-10-09T13:11:01Z,10450,104
2026-10-09T13:11:02Z,10450,139
2026-10-09T13:11:03Z,10450,92
2026-10-09T13:11:04Z,10450,127
2026-10-09T13:11:05Z,10450,100
2026-10-09T13:11:06Z,10450,88
2026-10-09T13:11:07Z,10450,143
2026-10-09T13:11:08Z,10450,91
2026-10-09T13:11:09Z,10450,89
2026-10-09T13:11:10Z,10450,144
2026-10-09T13:11:11Z,10450,94
2026-10-09T13:11:12Z,10450,132
2026-10-09T13:11:13Z,10450,160
2026-10-09T13:11:14Z,10450,95
2026-10-09T13:11:15Z,10450,101
2026-10-09T13:11:16Z,10450,104
2026-10-09T13:11:17Z,10450,88
2026-10-09T13:11:18Z,10450,129
2026-10-09T13:11:19Z,10450,146
2026-10-09T13:11:20Z,10450,122
2026-10-09T13:11:21Z,10450,146
2026-10-09T13:11:22Z,10450,100
2026-10-09T13:11:23Z,10450,105
2026-10-09T13:11:24Z,10450,100
2026-10-09T13:11:25Z,10450,87
2026-10-09T13:11:26Z,14419,117
2026-10-09T13:11:27Z,14419,108
2026-10-09T13:11:28Z,14419,115
2026-10-09T13:11:29Z,14419,135
2026-10-09T13:11:30Z,14419,141
2026-10-09T13:11:31Z,14419,105
2026-10-09T13:11:32Z,14419,93
2026-10-09T13:11:33Z,14419,116
2026-10-09T13:11:34Z,14419,99
2026-10-09T13:11:35Z,14419,97
2026-10-09T13:11:36Z,14419,105
2026-10-09T13:11:37Z,14419,105
2026-10-09T13:11:38Z,14419,153
2026-10-09T13:11:39Z,14419,99
2026-10-09T13:11:40Z,14419,129
2026-10-09T13:11:41Z,14419,151
2026-10-09T13:11:42Z,14419,103
2026-10-09T13:11:43Z,14419,118
2026-10-09T13:11:44Z,14419,147
2026-10-09T13:11:45Z,14419,151
2026-10-09T13:11:46Z,14419,88
2026-10-09T13:11:47Z,14419,120
2026-10-09T13:11:48Z,14419,96
2026-10-09T13:11:49Z,14419,114
2026-10-09T13:11:50Z,14419,125
2026-10-09T13:11:51Z,14419,88
2026-10-09T13:11:52Z,14419,92
2026-10-09T13:11:53Z,14419,135
2026-10-09T13:11:54Z,14419,132
2026-10-09T13:11:55Z,14419,106
2026-10-09T13:11:56Z,14419,148
2026-10-09T13:11:57Z,14419,131
2026-10-09T13:11:58Z,17198,370
2026-10-09T13:11:59Z,17198,182
2026-10-09T13:12:00Z,17198,190
2026-10-09T13:12:01Z,17198,121
2026-10-09T13:12:02Z,17198,188
2026-10-09T13:12:03Z,17198,181
2026-10-09T13:12:04Z,17198,118
2026-10-09T13:12:05Z,17198,95
2026-10-09T13:12:06Z,17198,131
2026-10-09T13:12:07Z,17198,92
2026-10-09T13:12:08Z,17198,93
2026-10-09T13:12:09Z,17198,89
2026-10-09T13:12:10Z,17198,116
2026-10-09T13:12:11Z,17198,109
2026-10-09T13:12:12Z,17198,128
2026-10-09T13:12:13Z,17198,90
2026-10-09T13:12:14Z,17198,125
2026-10-09T13:12:15Z,17198,91
2026-10-09T13:12:16Z,17198,116
2026-10-09T13:12:17Z,17198,100
2026-10-09T13:12:18Z,17198,128
2026-10-09T13:12:19Z,17198,133
2026-10-09T13:12:20Z,17198,93
2026-10-09T13:12:21Z,17198,109
2026-10-09T13:12:22Z,17198,92
2026-10-09T13:12:23Z,17198,104
2026-10-09T13:12:24Z,17198,136
2026-10-09T13:12:25Z,17198,89
2026-10-09T13:12:26Z,16016,166
2026-10-09T13:12:27Z,16016,165
2026-10-09T13:12:28Z,16016,170
2026-10-09T13:12:29Z,16016,167
2026-10-09T13:12:30Z,16016,167
2026-10-09T13:12:31Z,16016,187
2026-10-09T13:12:32Z,16016,101
2026-10-09T13:12:33Z,16016,119
2026-10-09T13:12:34Z,16016,94
2026-10-09T13:12:35Z,16016,142
2026-10-09T13:12:36Z,16016,105
2026-10-09T13:12:37Z,16016,87
2026-10-09T13:12:38Z,16016,89
2026-10-09T13:12:39Z,16016,118
2026-10-09T13:12:40Z,16016,337
2026-10-09T13:12:41Z,16016,95
2026-10-09T13:12:42Z,16016,87
2026-10-09T13:12:43Z,16016,91
2026-10-09T13:12:44Z,16016,106
2026-10-09T13:12:45Z,16016,95
2026-10-09T13:12:46Z,16016,104
2026-10-09T13:12:47Z,16016,133
2026-10-09T13:12:48Z,16016,138
2026-10-09T13:12:49Z,16016,122
2026-10-09T13:12:50Z,16016,114
2026-10-09T13:12:51Z,16016,98
2026-10-09T13:12:52Z,16040,147
2026-10-09T13:12:53Z,16040,149
2026-10-09T13:12:54Z,16040,160
2026-10-09T13:12:55Z,16040,153
2026-10-09T13:12:56Z,16040,141
2026-10-09T13:12:57Z,16040,140
2026-10-09T13:12:58Z,16040,90
2026-10-09T13:12:59Z,16040,105
2026-10-09T13:13:00Z,9353,89
2026-10-09T13:13:01Z,9353,124
2026-10-09T13:13:02Z,9353,130
2026-10-09T13:13:03Z,9353,109
2026-10-09T13:13:04Z,9353,88
2026-10-09T13:13:05Z,9353,126
2026-10-09T13:13:06Z,9353,88
2026-10-09T13:13:07Z,9353,108
2026-10-09T13:13:08Z,9353,129
2026-10-09T13:13:09Z,9353,88
2026-10-09T13:13:10Z,9353,87
2026-10-09T13:13:11Z,9353,88
2026-10-09T13:13:12Z,9353,98
2026-10-09T13:13:13Z,10666,140
2026-10-09T13:13:14Z,10666,107
2026-10-09T13:13:15Z,10666,124
2026-10-09T13:13:16Z,10666,99
2026-10-09T13:13:17Z,10666,119
2026-10-09T13:13:18Z,10666,123
2026-10-09T13:13:19Z,10666,100
2026-10-09T13:13:20Z,10666,97
2026-10-09T13:13:21Z,10666,98
2026-10-09T13:13:22Z,10055,95
2026-10-09T13:13:23Z,10055,96
2026-10-09T13:13:24Z,10055,89
2026-10-09T13:13:25Z,10055,110
2026-10-09T13:13:26Z,10055,94
2026-10-09T13:13:27Z,10055,128
2026-10-09T13:13:28Z,10055,109
2026-10-09T13:13:29Z,10055,125
2026-10-09T13:13:30Z,9338,92
2026-10-09T13:13:31Z,9338,94
2026-10-09T13:13:32Z,9338,91
2026-10-09T13:13:33Z,9338,97
2026-10-09T13:13:34Z,9338,98
2026-10-09T13:13:35Z,9338,93
2026-10-09T13:13:36Z,9338,96
2026-10-09T13:13:37Z,9338,111
2026-10-09T13:13:38Z,9338,123
2026-10-09T13:13:39Z,9338,95
2026-10-09T13:13:40Z,9338,113
2026-10-09T13:13:41Z,9338,97
2026-10-09T13:13:42Z,9338,124
2026-10-09T13:13:43Z,9338,115
2026-10-09T13:13:44Z,9338,109
2026-10-09T13:13:45Z,9338,89
2026-10-09T13:13:46Z,11395,163
2026-10-09T13:13:47Z,11395,87
2026-10-09T13:13:48Z,11395,87
2026-10-09T13:13:49Z,11395,90
2026-10-09T13:13:50Z,11395,87
2026-10-09T13:13:51Z,11395,99
2026-10-09T13:13:52Z,11395,126
2026-10-09T13:13:53Z,11395,99
2026-10-09T13:13:54Z,11395,94
2026-10-09T13:13:55Z,11395,104
2026-10-09T13:13:56Z,11395,87
2026-10-09T13:13:57Z,11395,104
2026-10-09T13:13:58Z,11395,102
2026-10-09T13:13:59Z,11395,87
2026-10-09T13:14:00Z,11395,128
2026-10-09T13:14:01Z,11395,125
2026-10-09T13:14:02Z,11395,127
2026-10-09T13:14:03Z,11395,97
2026-10-09T13:14:04Z,11395,114
2026-10-09T13:14:05Z,11395,135
2026-10-09T13:14:06Z,11395,107
2026-10-09T13:14:07Z,11395,118
2026-10-09T13:14:08Z,11395,121
2026-10-09T13:14:09Z,11395,89
2026-10-09T13:14:10Z,11395,97
2026-10-09T13:14:11Z,11395,96
2026-10-09T13:14:12Z,11395,113
2026-10-09T13:14:13Z,11395,87
2026-10-09T13:14:14Z,15096,120
2026-10-09T13:14:15Z,15096,99
2026-10-09T13:14:16Z,15096,108
2026-10-09T13:14:17Z,15096,100
2026-10-09T13:14:18Z,15096,88
2026-10-09T13:14:19Z,15096,105
2026-10-09T13:14:20Z,15096,122
2026-10-09T13:14:21Z,8314,190
2026-10-09T13:14:22Z,8314,1064
2026-10-09T13:14:24Z,7527,1068
2026-10-09T13:14:26Z,7527,135
2026-10-09T13:14:27Z,7527,128
2026-10-09T13:14:28Z,7527,104
2026-10-09T13:14:29Z,7713,150
2026-10-09T13:14:30Z,7713,129
2026-10-09T13:14:31Z,7713,139
2026-10-09T13:14:32Z,7713,101
2026-10-09T13:14:33Z,7713,132
2026-10-09T13:14:34Z,7713,112
2026-10-09T13:14:35Z,7713,123
2026-10-09T13:14:36Z,7713,105
2026-10-09T13:14:37Z,8607,114
2026-10-09T13:14:38Z,8607,103
2026-10-09T13:14:39Z,8737,118
2026-10-09T13:14:40Z,8737,127
2026-10-09T13:14:41Z,8737,109
2026-10-09T13:14:42Z,8737,91
2026-10-09T13:14:43Z,8737,127
2026-10-09T13:14:44Z,8737,124
2026-10-09T13:14:45Z,8737,123
2026-10-09T13:14:46Z,8737,127
2026-10-09T13:14:47Z,8737,117
2026-10-09T13:14:48Z,8737,102
2026-10-09T13:14:49Z,8737,128
2026-10-09T13:14:50Z,8737,117
2026-10-09T13:14:51Z,8737,96
2026-10-09T13:14:52Z,8737,129
2026-10-09T13:14:53Z,8737,131
2026-10-09T13:14:54Z,8737,124
2026-10-09T13:14:55Z,8737,115
2026-10-09T13:14:56Z,10325,132
2026-10-09T13:14:57Z,10325,104
2026-10-09T13:14:58Z,10325,107
2026-10-09T13:14:59Z,10325,279
2026-10-09T13:15:00Z,10325,108
2026-10-09T13:15:01Z,10325,108
2026-10-09T13:15:02Z,10325,105
2026-10-09T13:15:03Z,10325,102
2026-10-09T13:15:04Z,10325,134
2026-10-09T13:15:05Z,10325,130
2026-10-09T13:15:06Z,10325,99
2026-10-09T13:15:07Z,10325,122
2026-10-09T13:15:08Z,10017,92
2026-10-09T13:15:09Z,10017,109
2026-10-09T13:15:10Z,8247,124
2026-10-09T13:15:11Z,7129,1017
2026-10-09T13:15:13Z,7108,106
2026-10-09T13:15:14Z,8436,135
2026-10-09T13:15:15Z,8436,1022
2026-10-09T13:15:17Z,9377,92
2026-10-09T13:15:18Z,9377,148
2026-10-09T13:15:19Z,9377,144
2026-10-09T13:15:20Z,9377,116
2026-10-09T13:15:21Z,9377,104
2026-10-09T13:15:22Z,9377,142
2026-10-09T13:15:23Z,9377,122
2026-10-09T13:15:24Z,9377,110
2026-10-09T13:15:25Z,9377,133
2026-10-09T13:15:26Z,9377,95
2026-10-09T13:15:27Z,12589,89
2026-10-09T13:15:28Z,12589,106
2026-10-09T13:15:29Z,12589,89
2026-10-09T13:15:30Z,12589,136
2026-10-09T13:15:31Z,12589,92
2026-10-09T13:15:32Z,12589,112
2026-10-09T13:15:33Z,12589,101
2026-10-09T13:15:34Z,12589,109
2026-10-09T13:15:35Z,12589,150
2026-10-09T13:15:36Z,12589,125
2026-10-09T13:15:37Z,12318,126
2026-10-09T13:15:38Z,12318,93
2026-10-09T13:15:39Z,12318,92
2026-10-09T13:15:40Z,12318,105
2026-10-09T13:15:41Z,12318,90
2026-10-09T13:15:42Z,12318,120
2026-10-09T13:15:43Z,12318,149
2026-10-09T13:15:44Z,12318,115
2026-10-09T13:15:45Z,12318,173
2026-10-09T13:15:46Z,12318,108
2026-10-09T13:15:47Z,12318,115
2026-10-09T13:15:48Z,12318,89
2026-10-09T13:15:49Z,12318,91
2026-10-09T13:15:50Z,12318,117
2026-10-09T13:15:51Z,14109,122
2026-10-09T13:15:52Z,14109,87
2026-10-09T13:15:53Z,14109,134
2026-10-09T13:15:54Z,14109,106
2026-10-09T13:15:55Z,14109,136
2026-10-09T13:15:56Z,14109,94
2026-10-09T13:15:57Z,14109,87
2026-10-09T13:15:58Z,14109,119
2026-10-09T13:15:59Z,14109,124
2026-10-09T13:16:00Z,14109,87
2026-10-09T13:16:01Z,14109,88
2026-10-09T13:16:02Z,14109,134
2026-10-09T13:16:03Z,14109,117
2026-10-09T13:16:04Z,14109,126
2026-10-09T13:16:05Z,14109,107
2026-10-09T13:16:06Z,14109,111
2026-10-09T13:16:07Z,14109,97
2026-10-09T13:16:08Z,14109,133
2026-10-09T13:16:09Z,14109,113
2026-10-09T13:16:10Z,14109,99
2026-10-09T13:16:11Z,14109,89
2026-10-09T13:16:12Z,14109,95
2026-10-09T13:16:13Z,14109,141
2026-10-09T13:16:14Z,14109,94
2026-10-09T13:16:15Z,14109,111
2026-10-09T13:16:16Z,14109,112
2026-10-09T13:16:17Z,16139,111
2026-10-09T13:16:18Z,16139,128
2026-10-09T13:16:19Z,16139,130
2026-10-09T13:16:20Z,16139,91
2026-10-09T13:16:21Z,16139,141
2026-10-09T13:16:22Z,16139,91
2026-10-09T13:16:23Z,16139,105
2026-10-09T13:16:24Z,16139,114
2026-10-09T13:16:25Z,16139,277
2026-10-09T13:16:26Z,16139,113
2026-10-09T13:16:27Z,16139,97
2026-10-09T13:16:28Z,16139,118
2026-10-09T13:16:29Z,16139,102
2026-10-09T13:16:30Z,16139,129
2026-10-09T13:16:31Z,16139,131
2026-10-09T13:16:32Z,16139,131
2026-10-09T13:16:33Z,23605,135
2026-10-09T13:16:34Z,13996,87
2026-10-09T13:16:35Z,13996,110
2026-10-09T13:16:36Z,13996,88
2026-10-09T13:16:37Z,13996,118
2026-10-09T13:16:38Z,13996,118
2026-10-09T13:16:39Z,13996,138
2026-10-09T13:16:40Z,13996,91
2026-10-09T13:16:41Z,13996,93
2026-10-09T13:16:42Z,13996,131
2026-10-09T13:16:43Z,13996,109
2026-10-09T13:16:44Z,13996,102
2026-10-09T13:16:45Z,13996,161
2026-10-09T13:16:46Z,13996,101
2026-10-09T13:16:47Z,13996,92
2026-10-09T13:16:48Z,13996,120
2026-10-09T13:16:49Z,13996,139
2026-10-09T13:16:50Z,13996,95
2026-10-09T13:16:51Z,13996,97
2026-10-09T13:16:52Z,13996,139
2026-10-09T13:16:53Z,14672,110
2026-10-09T13:16:54Z,14672,121
2026-10-09T13:16:55Z,14672,112
2026-10-09T13:16:56Z,14672,99
2026-10-09T13:16:57Z,14672,127
2026-10-09T13:16:58Z,14672,92
2026-10-09T13:16:59Z,14672,91
2026-10-09T13:17:00Z,14672,89
2026-10-09T13:17:01Z,14672,113
2026-10-09T13:17:02Z,14672,99
2026-10-09T13:17:03Z,14672,114
2026-10-09T13:17:04Z,14672,90
2026-10-09T13:17:05Z,14672,158
2026-10-09T13:17:06Z,14672,137
2026-10-09T13:17:07Z,14672,99
2026-10-09T13:17:08Z,14672,125
2026-10-09T13:17:09Z,14672,91
2026-10-09T13:17:10Z,14672,91
2026-10-09T13:17:11Z,14672,91
2026-10-09T13:17:12Z,14672,100
2026-10-09T13:17:13Z,14672,144
2026-10-09T13:17:14Z,14672,157
2026-10-09T13:17:15Z,14672,110
2026-10-09T13:17:16Z,14672,91
2026-10-09T13:17:17Z,14672,155
2026-10-09T13:17:18Z,14672,131
2026-10-09T13:17:19Z,14672,102
2026-10-09T13:17:20Z,14672,102
2026-10-09T13:17:21Z,14672,140
2026-10-09T13:17:22Z,14672,124
2026-10-09T13:17:23Z,14672,89
2026-10-09T13:17:24Z,14672,108
2026-10-09T13:17:25Z,14672,158
2026-10-09T13:17:26Z,14672,97
2026-10-09T13:17:27Z,14672,100
2026-10-09T13:17:28Z,14672,157
2026-10-09T13:17:29Z,14672,144
2026-10-09T13:17:30Z,14672,135
2026-10-09T13:17:31Z,14672,95
2026-10-09T13:17:32Z,14672,94
2026-10-09T13:17:33Z,19705,119
2026-10-09T13:17:34Z,19705,102
2026-10-09T13:17:35Z,19705,99
2026-10-09T13:17:36Z,19705,94
2026-10-09T13:17:37Z,19705,117
2026-10-09T13:17:38Z,19705,131
2026-10-09T13:17:39Z,19705,91
2026-10-09T13:17:40Z,19705,88
2026-10-09T13:17:41Z,19705,103
2026-10-09T13:17:42Z,19705,119
2026-10-09T13:17:43Z,19705,102
2026-10-09T13:17:44Z,19705,95
2026-10-09T13:17:45Z,19705,132
2026-10-09T13:17:46Z,19705,92
2026-10-09T13:17:47Z,19705,100
2026-10-09T13:17:48Z,19705,143
2026-10-09T13:17:49Z,19705,98
2026-10-09T13:17:50Z,19705,112
2026-10-09T13:17:51Z,19705,97
2026-10-09T13:17:52Z,19705,114
2026-10-09T13:17:53Z,19705,113
2026-10-09T13:17:54Z,19705,118
2026-10-09T13:17:55Z,19705,106
2026-10-09T13:17:56Z,19705,93
2026-10-09T13:17:57Z,19705,129
2026-10-09T13:17:58Z,19705,122
2026-10-09T13:17:59Z,19705,99
2026-10-09T13:18:00Z,19705,117
2026-10-09T13:18:01Z,19705,94
2026-10-09T13:18:02Z,19705,123
2026-10-09T13:18:03Z,19705,108
2026-10-09T13:18:04Z,19705,92
2026-10-09T13:18:05Z,19705,140
2026-10-09T13:18:06Z,19705,108
2026-10-09T13:18:07Z,19705,88
2026-10-09T13:18:08Z,19705,122
2026-10-09T13:18:09Z,19705,102
2026-10-09T13:18:10Z,19705,132
2026-10-09T13:18:11Z,19705,93
2026-10-09T13:18:12Z,19705,119
2026-10-09T13:18:13Z,19705,88
2026-10-09T13:18:14Z,19705,96
2026-10-09T13:18:15Z,19705,100
2026-10-09T13:18:16Z,19705,127
2026-10-09T13:18:17Z,19705,87
2026-10-09T13:18:18Z,19705,94
2026-10-09T13:18:19Z,19705,87
2026-10-09T13:18:20Z,19705,125
2026-10-09T13:18:21Z,19705,90
2026-10-09T13:18:22Z,19705,132
2026-10-09T13:18:23Z,19705,103
2026-10-09T13:18:24Z,19705,118
2026-10-09T13:18:25Z,19705,96
2026-10-09T13:18:26Z,19705,144
2026-10-09T13:18:27Z,19705,134
2026-10-09T13:18:28Z,19705,114
2026-10-09T13:18:29Z,19705,91
2026-10-09T13:18:30Z,19705,133
2026-10-09T13:18:31Z,24997,955
2026-10-09T13:18:32Z,24997,957
2026-10-09T13:18:33Z,24997,958
2026-10-09T13:18:34Z,24997,1008
2026-10-09T13:18:36Z,24997,134
2026-10-09T13:18:37Z,24997,97
2026-10-09T13:18:38Z,24997,104
2026-10-09T13:18:39Z,24997,105
2026-10-09T13:18:40Z,24997,107
2026-10-09T13:18:41Z,24997,103
2026-10-09T13:18:42Z,24997,118
2026-10-09T13:18:43Z,24997,89
2026-10-09T13:18:44Z,24997,115
2026-10-09T13:18:45Z,24997,116
2026-10-09T13:18:46Z,24997,87
2026-10-09T13:18:47Z,24997,123
2026-10-09T13:18:48Z,24997,130
2026-10-09T13:18:49Z,24997,109
2026-10-09T13:18:50Z,24997,101
2026-10-09T13:18:51Z,24997,90
2026-10-09T13:18:52Z,24997,143
2026-10-09T13:18:53Z,24997,89
2026-10-09T13:18:54Z,24997,97
2026-10-09T13:18:55Z,24997,111
2026-10-09T13:18:56Z,24997,114
2026-10-09T13:18:57Z,24997,114
2026-10-09T13:18:58Z,24997,103
2026-10-09T13:18:59Z,24997,94
2026-10-09T13:19:00Z,24997,87
2026-10-09T13:19:01Z,24997,94
2026-10-09T13:19:02Z,24997,114
2026-10-09T13:19:03Z,24997,105
2026-10-09T13:19:04Z,24997,89
2026-10-09T13:19:05Z,24997,102
2026-10-09T13:19:06Z,24997,97
2026-10-09T13:19:07Z,24997,123
2026-10-09T13:19:08Z,24997,133
2026-10-09T13:19:09Z,19791,925
2026-10-09T13:19:10Z,19818,931
2026-10-09T13:19:11Z,19818,927
2026-10-09T13:19:12Z,19818,923
2026-10-09T13:19:13Z,19818,925
2026-10-09T13:19:14Z,19818,973
2026-10-09T13:19:15Z,19818,924
2026-10-09T13:19:16Z,19818,1002
2026-10-09T13:19:18Z,19818,948
2026-10-09T13:19:19Z,19818,1004
2026-10-09T13:19:21Z,19818,94
2026-10-09T13:19:22Z,19818,102
2026-10-09T13:19:23Z,19818,94
2026-10-09T13:19:24Z,19818,89
2026-10-09T13:19:25Z,19818,87
2026-10-09T13:19:26Z,19818,110
2026-10-09T13:19:27Z,19818,92
2026-10-09T13:19:28Z,19818,94
2026-10-09T13:19:29Z,19818,94
2026-10-09T13:19:30Z,19818,125
2026-10-09T13:19:31Z,19818,143
2026-10-09T13:19:32Z,19818,117
2026-10-09T13:19:33Z,19818,115
2026-10-09T13:19:34Z,19818,190
2026-10-09T13:19:35Z,19818,139
2026-10-09T13:19:36Z,19818,91
2026-10-09T13:19:37Z,19818,113
2026-10-09T13:19:38Z,19818,133
2026-10-09T13:19:39Z,19818,153
2026-10-09T13:19:40Z,19818,98
2026-10-09T13:19:41Z,19818,90
2026-10-09T13:19:42Z,19818,115
2026-10-09T13:19:43Z,19818,113
2026-10-09T13:19:44Z,19818,198
2026-10-09T13:19:45Z,19818,132
2026-10-09T13:19:46Z,19818,95
2026-10-09T13:19:47Z,19818,104
2026-10-09T13:19:48Z,19818,126
2026-10-09T13:19:49Z,19818,88
2026-10-09T13:19:50Z,19818,113
2026-10-09T13:19:51Z,19818,112
2026-10-09T13:19:52Z,19818,90
2026-10-09T13:19:53Z,19818,128
2026-10-09T13:19:54Z,19818,158
2026-10-09T13:19:55Z,19818,119
2026-10-09T13:19:56Z,19818,88
2026-10-09T13:19:57Z,19818,98
2026-10-09T13:19:58Z,19818,91
2026-10-09T13:19:59Z,19818,120
2026-10-09T13:20:00Z,19818,89
2026-10-09T13:20:01Z,19818,95
2026-10-09T13:20:02Z,19818,125
2026-10-09T13:20:03Z,19818,135
2026-10-09T13:20:04Z,19818,136
2026-10-09T13:20:05Z,19818,116
2026-10-09T13:20:06Z,19818,104
2026-10-09T13:20:07Z,19818,123
2026-10-09T13:20:08Z,19818,122
2026-10-09T13:20:09Z,19818,251
2026-10-09T13:20:10Z,19818,114
2026-10-09T13:20:11Z,19818,130
2026-10-09T13:20:12Z,19818,96
2026-10-09T13:20:13Z,19818,96
2026-10-09T13:20:14Z,19818,173
2026-10-09T13:20:15Z,19818,90
2026-10-09T13:20:16Z,19818,91
2026-10-09T13:20:17Z,19818,90
2026-10-09T13:20:18Z,19818,113
2026-10-09T13:20:19Z,19818,104
2026-10-09T13:20:20Z,19818,135
2026-10-09T13:20:21Z,19818,92
2026-10-09T13:20:22Z,19818,159
2026-10-09T13:20:23Z,19818,120
2026-10-09T13:20:24Z,19818,143
2026-10-09T13:20:25Z,19818,125
2026-10-09T13:20:26Z,19818,104
2026-10-09T13:20:27Z,19818,120
2026-10-09T13:20:28Z,19818,116
2026-10-09T13:20:29Z,19818,117
2026-10-09T13:20:30Z,19818,104
2026-10-09T13:20:31Z,19818,91
2026-10-09T13:20:32Z,19818,89
2026-10-09T13:20:33Z,19818,134
2026-10-09T13:20:34Z,19818,147
2026-10-09T13:20:35Z,19818,111
2026-10-09T13:20:36Z,19818,88
2026-10-09T13:20:37Z,19818,120
2026-10-09T13:20:38Z,19818,102
2026-10-09T13:20:39Z,19818,120
2026-10-09T13:20:40Z,19818,107
2026-10-09T13:20:41Z,19818,94
2026-10-09T13:20:42Z,28999,1157
2026-10-09T13:20:44Z,29033,155
2026-10-09T13:20:45Z,29033,169
2026-10-09T13:20:46Z,29033,232
2026-10-09T13:20:47Z,29033,277
2026-10-09T13:20:48Z,29033,150
2026-10-09T13:20:49Z,29033,153
2026-10-09T13:20:50Z,29033,148
2026-10-09T13:20:51Z,29033,148
2026-10-09T13:20:52Z,29033,150
2026-10-09T13:20:53Z,29033,152
2026-10-09T13:20:54Z,29033,124
2026-10-09T13:20:55Z,29033,111
2026-10-09T13:20:56Z,29033,91
2026-10-09T13:20:57Z,29033,87
2026-10-09T13:20:58Z,29033,118
2026-10-09T13:20:59Z,29033,126
2026-10-09T13:21:00Z,29033,124
2026-10-09T13:21:01Z,29033,87
2026-10-09T13:21:02Z,29033,98
2026-10-09T13:21:03Z,29033,90
2026-10-09T13:21:04Z,29033,129
2026-10-09T13:21:05Z,29033,127
2026-10-09T13:21:06Z,29033,87
2026-10-09T13:21:07Z,29033,107
2026-10-09T13:21:08Z,29033,93
2026-10-09T13:21:09Z,29033,98
2026-10-09T13:21:10Z,29033,99
2026-10-09T13:21:11Z,29033,87
2026-10-09T13:21:12Z,29033,89
2026-10-09T13:21:13Z,29033,87
2026-10-09T13:21:14Z,29033,101
2026-10-09T13:21:15Z,29033,117
2026-10-09T13:21:16Z,29033,123
2026-10-09T13:21:17Z,29033,106
2026-10-09T13:21:18Z,29033,123
2026-10-09T13:21:19Z,29033,87
2026-10-09T13:21:20Z,29033,94
2026-10-09T13:21:21Z,29033,87
2026-10-09T13:21:22Z,29033,87
2026-10-09T13:21:23Z,29033,110
2026-10-09T13:21:24Z,29033,121
2026-10-09T13:21:25Z,29033,120
2026-10-09T13:21:26Z,29033,109
2026-10-09T13:21:27Z,29033,87
2026-10-09T13:21:28Z,29033,91
2026-10-09T13:21:29Z,29033,87
2026-10-09T13:21:30Z,29033,88
2026-10-09T13:21:31Z,29033,115
2026-10-09T13:21:32Z,29033,87
2026-10-09T13:21:33Z,29033,122
2026-10-09T13:21:34Z,29033,164
2026-10-09T13:21:35Z,29033,135
2026-10-09T13:21:36Z,29033,98
2026-10-09T13:21:37Z,29033,132
2026-10-09T13:21:38Z,29033,95
2026-10-09T13:21:39Z,29033,91
2026-10-09T13:21:40Z,29033,87
2026-10-09T13:21:41Z,29033,104
2026-10-09T13:21:42Z,29033,87
2026-10-09T13:21:43Z,29033,87
2026-10-09T13:21:44Z,29033,157
2026-10-09T13:21:45Z,29033,103
2026-10-09T13:21:46Z,29033,117
2026-10-09T13:21:47Z,29033,89
2026-10-09T13:21:48Z,29033,90
2026-10-09T13:21:49Z,29033,88
2026-10-09T13:21:50Z,29033,138
2026-10-09T13:21:51Z,29033,95
2026-10-09T13:21:52Z,29033,106
2026-10-09T13:21:53Z,29033,88
2026-10-09T13:21:54Z,29033,162
2026-10-09T13:21:55Z,29033,95
2026-10-09T13:21:56Z,29033,94
2026-10-09T13:21:57Z,29033,109
2026-10-09T13:21:58Z,29033,88
2026-10-09T13:21:59Z,29033,94
2026-10-09T13:22:00Z,29033,132
2026-10-09T13:22:01Z,29033,94
2026-10-09T13:22:02Z,29033,133
2026-10-09T13:22:03Z,29033,138
2026-10-09T13:22:04Z,29033,164
2026-10-09T13:22:05Z,29033,158
2026-10-09T13:22:06Z,29033,90
2026-10-09T13:22:07Z,29033,126
2026-10-09T13:22:08Z,29033,126
2026-10-09T13:22:09Z,29033,139
2026-10-09T13:22:10Z,29033,88
2026-10-09T13:22:11Z,29033,108
2026-10-09T13:22:12Z,29033,130
2026-10-09T13:22:13Z,29033,97
2026-10-09T13:22:14Z,29033,155
2026-10-09T13:22:15Z,29033,144
2026-10-09T13:22:16Z,29033,104
2026-10-09T13:22:17Z,29033,96
2026-10-09T13:22:18Z,29033,103
2026-10-09T13:22:19Z,29033,104
2026-10-09T13:22:20Z,29033,136
2026-10-09T13:22:21Z,29033,91
2026-10-09T13:22:22Z,29033,91
2026-10-09T13:22:23Z,29033,89
2026-10-09T13:22:24Z,29033,142
2026-10-09T13:22:25Z,29033,112
2026-10-09T13:22:26Z,29033,173
2026-10-09T13:22:27Z,29033,99
2026-10-09T13:22:28Z,29033,104
2026-10-09T13:22:29Z,29033,114
2026-10-09T13:22:30Z,29033,88
2026-10-09T13:22:31Z,29033,125
2026-10-09T13:22:32Z,29033,111
2026-10-09T13:22:33Z,29033,131
2026-10-09T13:22:34Z,29033,231
2026-10-09T13:22:35Z,29033,127
2026-10-09T13:22:36Z,29033,129
2026-10-09T13:22:37Z,29033,92
2026-10-09T13:22:38Z,29033,112
2026-10-09T13:22:39Z,29033,92
2026-10-09T13:22:40Z,29033,104
2026-10-09T13:22:41Z,29033,124
2026-10-09T13:22:42Z,29033,99
2026-10-09T13:22:43Z,29033,116
2026-10-09T13:22:44Z,29033,93
2026-10-09T13:22:45Z,29033,104
2026-10-09T13:22:46Z,29033,104
2026-10-09T13:22:47Z,29033,125
2026-10-09T13:22:48Z,29033,87
2026-10-09T13:22:49Z,29033,142
2026-10-09T13:22:50Z,29033,167
2026-10-09T13:22:51Z,29033,87
2026-10-09T13:22:52Z,29033,119
2026-10-09T13:22:53Z,29033,124
2026-10-09T13:22:54Z,29033,124
2026-10-09T13:22:55Z,29033,91
2026-10-09T13:22:56Z,29033,102
2026-10-09T13:22:57Z,29033,103
2026-10-09T13:22:58Z,29033,95
2026-10-09T13:22:59Z,29033,101
2026-10-09T13:23:00Z,29033,96
2026-10-09T13:23:01Z,29033,94
2026-10-09T13:23:02Z,29033,88
2026-10-09T13:23:03Z,29033,89
2026-10-09T13:23:04Z,29033,137
2026-10-09T13:23:05Z,29033,103
2026-10-09T13:23:06Z,29033,96
2026-10-09T13:23:07Z,29033,93
2026-10-09T13:23:08Z,29033,87
2026-10-09T13:23:09Z,29033,98
2026-10-09T13:23:10Z,29033,104
2026-10-09T13:23:11Z,29033,93
2026-10-09T13:23:12Z,29033,118
2026-10-09T13:23:13Z,29033,87
2026-10-09T13:23:14Z,29033,106
2026-10-09T13:23:15Z,29033,111
2026-10-09T13:23:16Z,29033,113
2026-10-09T13:23:17Z,49914,791
2026-10-09T13:23:18Z,35742,1053
2026-10-09T13:23:20Z,35742,1042
2026-10-09T13:23:22Z,35742,1045
2026-10-09T13:23:24Z,35742,1048
2026-10-09T13:23:26Z,35742,1040
2026-10-09T13:23:28Z,35742,1036
2026-10-09T13:23:30Z,35742,1050
2026-10-09T13:23:32Z,35742,1037
2026-10-09T13:23:34Z,35742,1046
2026-10-09T13:23:36Z,35742,1026
2026-10-09T13:23:38Z,35742,1031
2026-10-09T13:23:40Z,35742,1024
2026-10-09T13:23:42Z,35742,105
2026-10-09T13:23:43Z,35742,1030
2026-10-09T13:23:45Z,35742,130
2026-10-09T13:23:46Z,35742,140
2026-10-09T13:23:47Z,35742,116
2026-10-09T13:23:48Z,35742,91
2026-10-09T13:23:49Z,35742,89
2026-10-09T13:23:50Z,35742,140
2026-10-09T13:23:51Z,35742,100
2026-10-09T13:23:52Z,35742,96
2026-10-09T13:23:53Z,35742,104
2026-10-09T13:23:54Z,35742,121
2026-10-09T13:23:55Z,35742,102
2026-10-09T13:23:56Z,35742,90
2026-10-09T13:23:57Z,35742,113
2026-10-09T13:23:58Z,35742,106
2026-10-09T13:23:59Z,35742,101
2026-10-09T13:24:00Z,35742,102
2026-10-09T13:24:01Z,35742,105
2026-10-09T13:24:02Z,35742,87
2026-10-09T13:24:03Z,35742,96
2026-10-09T13:24:04Z,35742,165
2026-10-09T13:24:05Z,35742,106
2026-10-09T13:24:06Z,35742,101
2026-10-09T13:24:07Z,35742,91
2026-10-09T13:24:08Z,35742,111
2026-10-09T13:24:09Z,35742,90
2026-10-09T13:24:10Z,35742,94
2026-10-09T13:24:11Z,35742,117
2026-10-09T13:24:12Z,35742,92
2026-10-09T13:24:13Z,35742,121
2026-10-09T13:24:14Z,35742,130
2026-10-09T13:24:15Z,35742,118
2026-10-09T13:24:16Z,35742,93
2026-10-09T13:24:17Z,35742,103
2026-10-09T13:24:18Z,35742,102
2026-10-09T13:24:19Z,35742,93
2026-10-09T13:24:20Z,35742,113
2026-10-09T13:24:21Z,35742,97
2026-10-09T13:24:22Z,35742,156
2026-10-09T13:24:23Z,35742,94
2026-10-09T13:24:24Z,35742,192
2026-10-09T13:24:25Z,35742,154
2026-10-09T13:24:26Z,35742,91
2026-10-09T13:24:27Z,35742,94
2026-10-09T13:24:28Z,35742,103
2026-10-09T13:24:29Z,35742,108
2026-10-09T13:24:30Z,35742,101
2026-10-09T13:24:31Z,35742,88
2026-10-09T13:24:32Z,35742,132
2026-10-09T13:24:33Z,35742,162
2026-10-09T13:24:34Z,35742,100
2026-10-09T13:24:35Z,35742,138
2026-10-09T13:24:36Z,35742,88
2026-10-09T13:24:37Z,35742,103
2026-10-09T13:24:38Z,35742,134
2026-10-09T13:24:39Z,35742,127
2026-10-09T13:24:40Z,35742,93
2026-10-09T13:24:41Z,35742,95
2026-10-09T13:24:42Z,35742,101
2026-10-09T13:24:43Z,35742,135
2026-10-09T13:24:44Z,35742,152
2026-10-09T13:24:45Z,35742,149
2026-10-09T13:24:46Z,35742,129
2026-10-09T13:24:47Z,35742,96
2026-10-09T13:24:48Z,35742,128
2026-10-09T13:24:49Z,35742,134
2026-10-09T13:24:50Z,35742,111
2026-10-09T13:24:51Z,35742,103
2026-10-09T13:24:52Z,35742,106
2026-10-09T13:24:53Z,35742,106
2026-10-09T13:24:54Z,35742,110
2026-10-09T13:24:55Z,35742,88
2026-10-09T13:24:56Z,35742,100
2026-10-09T13:24:57Z,35742,92
2026-10-09T13:24:58Z,35936,203
2026-10-09T13:24:59Z,23789,972
2026-10-09T13:25:00Z,23789,973
2026-10-09T13:25:01Z,23789,975
2026-10-09T13:25:02Z,23789,972
2026-10-09T13:25:03Z,23789,973
2026-10-09T13:25:04Z,23789,983
2026-10-09T13:25:05Z,23789,1050
2026-10-09T13:25:07Z,23789,971
2026-10-09T13:25:08Z,23789,970
2026-10-09T13:25:09Z,23789,969
2026-10-09T13:25:10Z,23789,969
2026-10-09T13:25:11Z,23789,968
2026-10-09T13:25:12Z,23789,969
2026-10-09T13:25:13Z,23789,969
2026-10-09T13:25:14Z,23789,993
2026-10-09T13:25:15Z,23789,1057
2026-10-09T13:25:17Z,23789,978
2026-10-09T13:25:18Z,23789,981
2026-10-09T13:25:19Z,23789,973
2026-10-09T13:25:20Z,23789,972
2026-10-09T13:25:21Z,23789,969
2026-10-09T13:25:22Z,23789,964
2026-10-09T13:25:23Z,23789,972
2026-10-09T13:25:24Z,23789,1014
2026-10-09T13:25:26Z,23789,965
2026-10-09T13:25:27Z,23789,116
2026-10-09T13:25:28Z,23789,951
2026-10-09T13:25:29Z,23789,955
2026-10-09T13:25:30Z,23789,952
2026-10-09T13:25:31Z,23789,1952
2026-10-09T13:25:33Z,23789,951
2026-10-09T13:25:34Z,23789,999
2026-10-09T13:25:35Z,23789,1032
2026-10-09T13:25:37Z,23789,1955
2026-10-09T13:25:39Z,23789,947
2026-10-09T13:25:40Z,23789,949
2026-10-09T13:25:41Z,23789,951
2026-10-09T13:25:42Z,23789,954
2026-10-09T13:25:43Z,23789,952
2026-10-09T13:25:44Z,23789,985
2026-10-09T13:25:45Z,23789,166
2026-10-09T13:25:46Z,23789,946
2026-10-09T13:25:47Z,23789,946
2026-10-09T13:25:48Z,23789,946
2026-10-09T13:25:49Z,23789,948
2026-10-09T13:25:50Z,23789,951
2026-10-09T13:25:51Z,23789,89
2026-10-09T13:25:52Z,23789,89
2026-10-09T13:25:53Z,23789,113
2026-10-09T13:25:54Z,23789,123
2026-10-09T13:25:55Z,23789,124
2026-10-09T13:25:56Z,23789,90
2026-10-09T13:25:57Z,23789,92
2026-10-09T13:25:58Z,23789,127
2026-10-09T13:25:59Z,23789,87
2026-10-09T13:26:00Z,23789,143
2026-10-09T13:26:01Z,23789,108
2026-10-09T13:26:02Z,23789,113
2026-10-09T13:26:03Z,23789,101
2026-10-09T13:26:04Z,23789,106
2026-10-09T13:26:05Z,23789,88
2026-10-09T13:26:06Z,23789,96
2026-10-09T13:26:07Z,23789,101
2026-10-09T13:26:08Z,23789,97
2026-10-09T13:26:09Z,23789,90
2026-10-09T13:26:10Z,23789,112
2026-10-09T13:26:11Z,23789,88
2026-10-09T13:26:12Z,23789,120
2026-10-09T13:26:13Z,23789,119
2026-10-09T13:26:14Z,23789,198
2026-10-09T13:26:15Z,23789,88
2026-10-09T13:26:16Z,23789,119
2026-10-09T13:26:17Z,23789,129
2026-10-09T13:26:18Z,23789,103
2026-10-09T13:26:19Z,23789,131
2026-10-09T13:26:20Z,23789,128
2026-10-09T13:26:21Z,23789,106
2026-10-09T13:26:22Z,23789,91
2026-10-09T13:26:23Z,23789,114
2026-10-09T13:26:24Z,23789,137
2026-10-09T13:26:25Z,23789,113
2026-10-09T13:26:26Z,23789,100
2026-10-09T13:26:27Z,23789,118
2026-10-09T13:26:28Z,23789,115
2026-10-09T13:26:29Z,23789,123
2026-10-09T13:26:30Z,23789,109
2026-10-09T13:26:31Z,23789,115
2026-10-09T13:26:32Z,23789,126
2026-10-09T13:26:33Z,23789,112
2026-10-09T13:26:34Z,23789,117
2026-10-09T13:26:35Z,23789,161
2026-10-09T13:26:36Z,23789,102
2026-10-09T13:26:37Z,23789,87
2026-10-09T13:26:38Z,23789,131
2026-10-09T13:26:39Z,23789,117
2026-10-09T13:26:40Z,23789,111
2026-10-09T13:26:41Z,23789,127
2026-10-09T13:26:42Z,23789,122
2026-10-09T13:26:43Z,23789,91
2026-10-09T13:26:44Z,23789,123
2026-10-09T13:26:45Z,23789,129
2026-10-09T13:26:46Z,23789,99
2026-10-09T13:26:47Z,23789,296
2026-10-09T13:26:48Z,23789,122
2026-10-09T13:26:49Z,23789,103
2026-10-09T13:26:50Z,23789,87
2026-10-09T13:26:51Z,23789,93
2026-10-09T13:26:52Z,23789,118
2026-10-09T13:26:53Z,23789,88
2026-10-09T13:26:54Z,23789,189
2026-10-09T13:26:55Z,23789,88
2026-10-09T13:26:56Z,23789,95
2026-10-09T13:26:57Z,23789,88
2026-10-09T13:26:58Z,23789,112
2026-10-09T13:26:59Z,23789,125
2026-10-09T13:27:00Z,23789,103
2026-10-09T13:27:01Z,23789,93
2026-10-09T13:27:02Z,23789,115
2026-10-09T13:27:03Z,23789,90
2026-10-09T13:27:04Z,23789,154
2026-10-09T13:27:05Z,23789,88
2026-10-09T13:27:06Z,23789,122
2026-10-09T13:27:07Z,23789,94
2026-10-09T13:27:08Z,23789,139
2026-10-09T13:27:09Z,23789,121
2026-10-09T13:27:10Z,23789,97
2026-10-09T13:27:11Z,23789,115
2026-10-09T13:27:12Z,23789,108
2026-10-09T13:27:13Z,23789,93
2026-10-09T13:27:14Z,23789,116
2026-10-09T13:27:15Z,23789,120
2026-10-09T13:27:16Z,23789,118
2026-10-09T13:27:17Z,23789,107
2026-10-09T13:27:18Z,23789,100
2026-10-09T13:27:19Z,23789,103
2026-10-09T13:27:20Z,23789,98
2026-10-09T13:27:21Z,23789,107
2026-10-09T13:27:22Z,23789,91
2026-10-09T13:27:23Z,23789,105
2026-10-09T13:27:24Z,23789,163
2026-10-09T13:27:25Z,23789,103
2026-10-09T13:27:26Z,23789,87
2026-10-09T13:27:27Z,23789,113
2026-10-09T13:27:28Z,23789,89
2026-10-09T13:27:29Z,23789,99
2026-10-09T13:27:30Z,23789,98
2026-10-09T13:27:31Z,23789,112
2026-10-09T13:27:32Z,23789,119
2026-10-09T13:27:33Z,23789,104
2026-10-09T13:27:34Z,23789,138
2026-10-09T13:27:35Z,23789,100
2026-10-09T13:27:36Z,23789,110
2026-10-09T13:27:37Z,23789,104
2026-10-09T13:27:38Z,23789,97
2026-10-09T13:27:39Z,23789,99
2026-10-09T13:27:40Z,23789,115
2026-10-09T13:27:41Z,23789,107
2026-10-09T13:27:42Z,23789,136
2026-10-09T13:27:43Z,23789,89
2026-10-09T13:27:44Z,23789,185
2026-10-09T13:27:45Z,23789,103
2026-10-09T13:27:46Z,23789,89
2026-10-09T13:27:47Z,23789,87
2026-10-09T13:27:48Z,23789,121
2026-10-09T13:27:49Z,44470,478
2026-10-09T13:27:50Z,29802,867
2026-10-09T13:27:51Z,29802,867
2026-10-09T13:27:52Z,29802,867
2026-10-09T13:27:53Z,29802,870
2026-10-09T13:27:54Z,29802,892
2026-10-09T13:27:55Z,29802,946
2026-10-09T13:27:56Z,29802,868
2026-10-09T13:27:57Z,29802,864
2026-10-09T13:27:58Z,29802,862
2026-10-09T13:27:59Z,29802,862
2026-10-09T13:28:00Z,29802,863
2026-10-09T13:28:01Z,29802,863
2026-10-09T13:28:02Z,29802,863
2026-10-09T13:28:03Z,29802,866
2026-10-09T13:28:04Z,29802,885
2026-10-09T13:28:05Z,29802,941
2026-10-09T13:28:06Z,29802,859
2026-10-09T13:28:07Z,29802,131
2026-10-09T13:28:08Z,29802,863
2026-10-09T13:28:09Z,29802,854
2026-10-09T13:28:10Z,29802,858
2026-10-09T13:28:11Z,29802,855
2026-10-09T13:28:12Z,29802,862
2026-10-09T13:28:13Z,29802,190
2026-10-09T13:28:14Z,29802,875
2026-10-09T13:28:15Z,29802,941
2026-10-09T13:28:16Z,29802,856
2026-10-09T13:28:17Z,29802,859
2026-10-09T13:28:18Z,29802,856
2026-10-09T13:28:19Z,29802,114
2026-10-09T13:28:20Z,29802,122
2026-10-09T13:28:21Z,29802,88
2026-10-09T13:28:22Z,29802,100
2026-10-09T13:28:23Z,29802,88
2026-10-09T13:28:24Z,29802,91
2026-10-09T13:28:25Z,29802,88
2026-10-09T13:28:26Z,29802,143
2026-10-09T13:28:27Z,29802,98
2026-10-09T13:28:28Z,29802,101
2026-10-09T13:28:29Z,29802,90
2026-10-09T13:28:30Z,29802,102
2026-10-09T13:28:31Z,29802,93
2026-10-09T13:28:32Z,29802,93
2026-10-09T13:28:33Z,29802,88
2026-10-09T13:28:34Z,29802,149
2026-10-09T13:28:35Z,29802,87
2026-10-09T13:28:36Z,29802,90
2026-10-09T13:28:37Z,29802,132
2026-10-09T13:28:38Z,29802,158
2026-10-09T13:28:39Z,29802,116
2026-10-09T13:28:40Z,29802,88
2026-10-09T13:28:41Z,29802,87
2026-10-09T13:28:42Z,29802,122
2026-10-09T13:28:43Z,29802,87
2026-10-09T13:28:44Z,29802,136
2026-10-09T13:28:45Z,29802,113
2026-10-09T13:28:46Z,29802,89
2026-10-09T13:28:47Z,29802,116
2026-10-09T13:28:48Z,29802,130
2026-10-09T13:28:49Z,29802,93
2026-10-09T13:28:50Z,29802,91
2026-10-09T13:28:51Z,29802,91
2026-10-09T13:28:52Z,29802,89
2026-10-09T13:28:53Z,29802,94
2026-10-09T13:28:54Z,29802,124
2026-10-09T13:28:55Z,29802,89
2026-10-09T13:28:56Z,29802,94
2026-10-09T13:28:57Z,29802,136
2026-10-09T13:28:58Z,29802,174
2026-10-09T13:28:59Z,29802,122
2026-10-09T13:29:00Z,29802,120
2026-10-09T13:29:01Z,29802,119
2026-10-09T13:29:02Z,29802,105
2026-10-09T13:29:03Z,29802,148
2026-10-09T13:29:04Z,29802,147
2026-10-09T13:29:05Z,29802,108
2026-10-09T13:29:06Z,29802,103
2026-10-09T13:29:07Z,29802,115
2026-10-09T13:29:08Z,29802,168
2026-10-09T13:29:09Z,29802,105
2026-10-09T13:29:10Z,29802,93
2026-10-09T13:29:11Z,29802,89
2026-10-09T13:29:12Z,29802,92
2026-10-09T13:29:13Z,29802,132
2026-10-09T13:29:14Z,29802,119
2026-10-09T13:29:15Z,29802,128
2026-10-09T13:29:16Z,29802,94
2026-10-09T13:29:17Z,29802,89
2026-10-09T13:29:18Z,29802,136
2026-10-09T13:29:19Z,29802,91
2026-10-09T13:29:20Z,29802,104
2026-10-09T13:29:21Z,29802,95
2026-10-09T13:29:22Z,29802,95
2026-10-09T13:29:23Z,29802,100
2026-10-09T13:29:24Z,29802,234
2026-10-09T13:29:25Z,29802,144
2026-10-09T13:29:26Z,29802,107
2026-10-09T13:29:27Z,29802,88
2026-10-09T13:29:28Z,29802,131
2026-10-09T13:29:29Z,29802,107
2026-10-09T13:29:30Z,29802,121
2026-10-09T13:29:31Z,29802,101
2026-10-09T13:29:32Z,29802,113
2026-10-09T13:29:33Z,29802,126
2026-10-09T13:29:34Z,29802,94
2026-10-09T13:29:35Z,29802,99
2026-10-09T13:29:36Z,29802,110
2026-10-09T13:29:37Z,29802,99
2026-10-09T13:29:38Z,29802,106
2026-10-09T13:29:39Z,29802,113
2026-10-09T13:29:40Z,29802,143
2026-10-09T13:29:41Z,29802,88
2026-10-09T13:29:42Z,29802,92
2026-10-09T13:29:43Z,29802,110
2026-10-09T13:29:44Z,29802,121
2026-10-09T13:29:45Z,29802,101
2026-10-09T13:29:46Z,29802,96
2026-10-09T13:29:47Z,29802,91
2026-10-09T13:29:48Z,29802,115
2026-10-09T13:29:49Z,29802,107
2026-10-09T13:29:50Z,29802,119
2026-10-09T13:29:51Z,29802,111
2026-10-09T13:29:52Z,29802,104
2026-10-09T13:29:53Z,29802,115
2026-10-09T13:29:54Z,29802,220
2026-10-09T13:29:55Z,29802,94
2026-10-09T13:29:56Z,29802,88
2026-10-09T13:29:57Z,29802,97
2026-10-09T13:29:58Z,29802,108
2026-10-09T13:29:59Z,29802,110
2026-10-09T13:30:00Z,29802,118
2026-10-09T13:30:01Z,29802,107
2026-10-09T13:30:02Z,29802,93
2026-10-09T13:30:03Z,29802,88
2026-10-09T13:30:04Z,29802,121
2026-10-09T13:30:05Z,29802,102
2026-10-09T13:30:06Z,29802,97
2026-10-09T13:30:07Z,29802,103
2026-10-09T13:30:08Z,29802,88
2026-10-09T13:30:09Z,29802,88
2026-10-09T13:30:10Z,29802,112
2026-10-09T13:30:11Z,29802,108
2026-10-09T13:30:12Z,29802,120
2026-10-09T13:30:13Z,29802,123
2026-10-09T13:30:14Z,29802,222
2026-10-09T13:30:15Z,29802,122
2026-10-09T13:30:16Z,29802,88
2026-10-09T13:30:17Z,29802,113
2026-10-09T13:30:18Z,29802,88
2026-10-09T13:30:19Z,29802,90
2026-10-09T13:30:20Z,29802,87
2026-10-09T13:30:21Z,29802,115
2026-10-09T13:30:22Z,29802,99
2026-10-09T13:30:23Z,29802,88
2026-10-09T13:30:24Z,29802,201
2026-10-09T13:30:25Z,29802,125
2026-10-09T13:30:26Z,29802,90
2026-10-09T13:30:27Z,29802,110
2026-10-09T13:30:28Z,29802,88
2026-10-09T13:30:29Z,29802,133
2026-10-09T13:30:30Z,29802,139
2026-10-09T13:30:31Z,29802,122
2026-10-09T13:30:32Z,29802,95
2026-10-09T13:30:33Z,29802,103
2026-10-09T13:30:34Z,29802,208
2026-10-09T13:30:35Z,29802,108
2026-10-09T13:30:36Z,29802,117
2026-10-09T13:30:37Z,29802,111
2026-10-09T13:30:38Z,29802,87
2026-10-09T13:30:39Z,29802,87
2026-10-09T13:30:40Z,29802,88
2026-10-09T13:30:41Z,29802,88
2026-10-09T13:30:42Z,29802,87
2026-10-09T13:30:43Z,29802,87
2026-10-09T13:30:44Z,29802,182
2026-10-09T13:30:45Z,29802,99
2026-10-09T13:30:46Z,29802,110
2026-10-09T13:30:47Z,29802,87
2026-10-09T13:30:48Z,29802,109
2026-10-09T13:30:49Z,29802,88
2026-10-09T13:30:50Z,29802,126
2026-10-09T13:30:51Z,29802,94
2026-10-09T13:30:52Z,29802,106
2026-10-09T13:30:53Z,29802,135
2026-10-09T13:30:54Z,29802,147
2026-10-09T13:30:55Z,29802,88
2026-10-09T13:30:56Z,29802,87
2026-10-09T13:30:57Z,29802,88
2026-10-09T13:30:58Z,29802,89
2026-10-09T13:30:59Z,29802,88
2026-10-09T13:31:00Z,29802,88
2026-10-09T13:31:01Z,29802,88
2026-10-09T13:31:02Z,29802,88
2026-10-09T13:31:03Z,29802,114
2026-10-09T13:31:04Z,29802,88
2026-10-09T13:31:05Z,29802,88
2026-10-09T13:31:06Z,29802,87
2026-10-09T13:31:07Z,29802,87
2026-10-09T13:31:08Z,29802,138
2026-10-09T13:31:09Z,29802,87
2026-10-09T13:31:10Z,29802,140
2026-10-09T13:31:11Z,29802,116
2026-10-09T13:31:12Z,29802,109
2026-10-09T13:31:13Z,29802,87
2026-10-09T13:31:14Z,29802,140
2026-10-09T13:31:15Z,29802,87
2026-10-09T13:31:16Z,29802,87
2026-10-09T13:31:17Z,29802,88
2026-10-09T13:31:18Z,29802,88
2026-10-09T13:31:19Z,29802,88
2026-10-09T13:31:20Z,29802,93
2026-10-09T13:31:21Z,29802,87
2026-10-09T13:31:22Z,29802,87
2026-10-09T13:31:23Z,29802,89
2026-10-09T13:31:24Z,29802,109
2026-10-09T13:31:25Z,29802,88
2026-10-09T13:31:26Z,29802,89
2026-10-09T13:31:27Z,29802,88
2026-10-09T13:31:28Z,29802,88
2026-10-09T13:31:29Z,29802,88
2026-10-09T13:31:30Z,29802,87
2026-10-09T13:31:31Z,29802,87
2026-10-09T13:31:32Z,29802,146
2026-10-09T13:31:33Z,29802,88
2026-10-09T13:31:34Z,29802,87
2026-10-09T13:31:35Z,29802,87
2026-10-09T13:31:36Z,29802,89
2026-10-09T13:31:37Z,29802,88
2026-10-09T13:31:38Z,29802,141
2026-10-09T13:31:39Z,29802,89
2026-10-09T13:31:40Z,29802,118
2026-10-09T13:31:41Z,29802,88
2026-10-09T13:31:42Z,29802,87
2026-10-09T13:31:43Z,29802,87
2026-10-09T13:31:44Z,29802,160
2026-10-09T13:31:45Z,29802,87
2026-10-09T13:31:46Z,29802,87
2026-10-09T13:31:47Z,29802,87
2026-10-09T13:31:48Z,29802,88
2026-10-09T13:31:49Z,29802,88
2026-10-09T13:31:50Z,29802,92
2026-10-09T13:31:51Z,29802,87
2026-10-09T13:31:52Z,29802,111
2026-10-09T13:31:53Z,29802,87
2026-10-09T13:31:54Z,29802,120
2026-10-09T13:31:55Z,29802,87
2026-10-09T13:31:56Z,29802,91
2026-10-09T13:31:57Z,29802,94
2026-10-09T13:31:58Z,29802,90
2026-10-09T13:31:59Z,29802,88
2026-10-09T13:32:00Z,29802,90
2026-10-09T13:32:01Z,29802,90
2026-10-09T13:32:02Z,29802,89
2026-10-09T13:32:03Z,29802,87
2026-10-09T13:32:04Z,29802,103
2026-10-09T13:32:05Z,29802,87
2026-10-09T13:32:06Z,29802,87
2026-10-09T13:32:07Z,29802,88
2026-10-09T13:32:08Z,29802,133
2026-10-09T13:32:09Z,29802,87
2026-10-09T13:32:10Z,29802,87
2026-10-09T13:32:11Z,29802,87
2026-10-09T13:32:12Z,29802,87
2026-10-09T13:32:13Z,29802,87
2026-10-09T13:32:14Z,29802,114
2026-10-09T13:32:15Z,29802,87
2026-10-09T13:32:16Z,29802,87
2026-10-09T13:32:17Z,29802,87
2026-10-09T13:32:18Z,29802,87
2026-10-09T13:32:19Z,29802,87
2026-10-09T13:32:21Z,29802,87
2026-10-09T13:32:22Z,29802,88
2026-10-09T13:32:23Z,29802,87
2026-10-09T13:32:24Z,29802,87
2026-10-09T13:32:25Z,29802,87
2026-10-09T13:32:26Z,29802,144
2026-10-09T13:32:27Z,29802,88
2026-10-09T13:32:28Z,29802,92
2026-10-09T13:32:29Z,29802,88
2026-10-09T13:32:30Z,29802,124
2026-10-09T13:32:31Z,29802,87
2026-10-09T13:32:32Z,29802,89
2026-10-09T13:32:33Z,29802,128
2026-10-09T13:32:34Z,29802,87
2026-10-09T13:32:35Z,29802,136
2026-10-09T13:32:36Z,29802,88
2026-10-09T13:32:37Z,29802,87
2026-10-09T13:32:38Z,29802,87
2026-10-09T13:32:39Z,29802,87
2026-10-09T13:32:40Z,29802,107
2026-10-09T13:32:41Z,29802,88
2026-10-09T13:32:42Z,29802,87
2026-10-09T13:32:43Z,29802,91
2026-10-09T13:32:44Z,29802,87
2026-10-09T13:32:45Z,29802,93
2026-10-09T13:32:46Z,29802,88
2026-10-09T13:32:47Z,29802,91
2026-10-09T13:32:48Z,29802,88
2026-10-09T13:32:49Z,29802,88
2026-10-09T13:32:50Z,29802,108
2026-10-09T13:32:51Z,29802,87
2026-10-09T13:32:52Z,29802,88
2026-10-09T13:32:53Z,29802,87
2026-10-09T13:32:54Z,29802,88
2026-10-09T13:32:55Z,29802,87
2026-10-09T13:32:56Z,29802,88
2026-10-09T13:32:57Z,29802,87
2026-10-09T13:32:58Z,29802,106
2026-10-09T13:32:59Z,29802,87
2026-10-09T13:33:00Z,29802,89
2026-10-09T13:33:01Z,29802,87
2026-10-09T13:33:02Z,29802,87
2026-10-09T13:33:03Z,29802,88
2026-10-09T13:33:04Z,29802,87
2026-10-09T13:33:05Z,29802,87
2026-10-09T13:33:06Z,29802,87
2026-10-09T13:33:07Z,29802,107
2026-10-09T13:33:08Z,29802,88
2026-10-09T13:33:09Z,29802,88
2026-10-09T13:33:10Z,29802,88
2026-10-09T13:33:11Z,29802,87
2026-10-09T13:33:12Z,29802,102
2026-10-09T13:33:13Z,29802,88
2026-10-09T13:33:14Z,29802,114
2026-10-09T13:33:15Z,29802,87
2026-10-09T13:33:16Z,29802,88
2026-10-09T13:33:17Z,29802,87
2026-10-09T13:33:18Z,29802,123
2026-10-09T13:33:19Z,29802,87
2026-10-09T13:33:20Z,29802,87
2026-10-09T13:33:21Z,29802,108
2026-10-09T13:33:22Z,29802,87
2026-10-09T13:33:23Z,29802,87
2026-10-09T13:33:24Z,29802,87
2026-10-09T13:33:25Z,29802,87
2026-10-09T13:33:26Z,29802,89
2026-10-09T13:33:27Z,29802,88
2026-10-09T13:33:28Z,29802,87
2026-10-09T13:33:29Z,29802,88
2026-10-09T13:33:30Z,29802,87
2026-10-09T13:33:31Z,29802,109
2026-10-09T13:33:32Z,29802,87
2026-10-09T13:33:33Z,29802,88
2026-10-09T13:33:34Z,29802,87
2026-10-09T13:33:35Z,29802,88
2026-10-09T13:33:36Z,29802,88
2026-10-09T13:33:37Z,29802,87
2026-10-09T13:33:38Z,29802,87
2026-10-09T13:33:39Z,29802,88
2026-10-09T13:33:40Z,29802,88
2026-10-09T13:33:41Z,29802,87
2026-10-09T13:33:42Z,29802,96
2026-10-09T13:33:43Z,29802,87
2026-10-09T13:33:44Z,29802,111
2026-10-09T13:33:45Z,29802,87
2026-10-09T13:33:46Z,29802,87
2026-10-09T13:33:47Z,29802,88
2026-10-09T13:33:48Z,29802,89
2026-10-09T13:33:49Z,29802,128
2026-10-09T13:33:50Z,29802,87
2026-10-09T13:33:51Z,29802,87
2026-10-09T13:33:52Z,29802,89
2026-10-09T13:33:53Z,29802,87
2026-10-09T13:33:54Z,29802,124
2026-10-09T13:33:55Z,29802,87
2026-10-09T13:33:56Z,29802,87
2026-10-09T13:33:57Z,29802,88
2026-10-09T13:33:58Z,29802,87
2026-10-09T13:33:59Z,29802,102
2026-10-09T13:34:00Z,29802,87
2026-10-09T13:34:01Z,29802,87
2026-10-09T13:34:02Z,29802,87
2026-10-09T13:34:03Z,29802,89
2026-10-09T13:34:04Z,29802,87
2026-10-09T13:34:05Z,29802,87
2026-10-09T13:34:06Z,29802,87
2026-10-09T13:34:07Z,29802,87
2026-10-09T13:34:08Z,29802,87
2026-10-09T13:34:09Z,29802,136
2026-10-09T13:34:10Z,29802,88
2026-10-09T13:34:11Z,29802,91
2026-10-09T13:34:12Z,29802,88
2026-10-09T13:34:13Z,29802,88
2026-10-09T13:34:14Z,29802,87
2026-10-09T13:34:15Z,29802,88
2026-10-09T13:34:16Z,29802,87
2026-10-09T13:34:17Z,29802,89
2026-10-09T13:34:18Z,29802,87
2026-10-09T13:34:19Z,29802,87
2026-10-09T13:34:20Z,29802,87
2026-10-09T13:34:21Z,29802,88
2026-10-09T13:34:22Z,29802,88
2026-10-09T13:34:23Z,29802,87
2026-10-09T13:34:24Z,29802,86
2026-10-09T13:34:25Z,29802,88
2026-10-09T13:34:26Z,29802,87
2026-10-09T13:34:27Z,29802,87
2026-10-09T13:34:28Z,29802,88
2026-10-09T13:34:29Z,29802,88
2026-10-09T13:34:30Z,29802,87
2026-10-09T13:34:31Z,29802,87
2026-10-09T13:34:32Z,29802,88
2026-10-09T13:34:33Z,29802,105
2026-10-09T13:34:34Z,29802,87
2026-10-09T13:34:35Z,29802,87
2026-10-09T13:34:36Z,29802,106
2026-10-09T13:34:37Z,29802,87
2026-10-09T13:34:38Z,29802,118
2026-10-09T13:34:39Z,29802,88
2026-10-09T13:34:40Z,29802,88
2026-10-09T13:34:41Z,29802,87
2026-10-09T13:34:42Z,29802,87
2026-10-09T13:34:43Z,29802,87
2026-10-09T13:34:44Z,29802,102
2026-10-09T13:34:45Z,29802,88
2026-10-09T13:34:46Z,29802,88
2026-10-09T13:34:47Z,29802,108
2026-10-09T13:34:48Z,29802,87
2026-10-09T13:34:49Z,42445,296
2026-10-09T13:34:50Z,32695,87
2026-10-09T13:34:51Z,32695,88
2026-10-09T13:34:52Z,32695,104
2026-10-09T13:34:53Z,32695,99
2026-10-09T13:34:54Z,32695,88
2026-10-09T13:34:55Z,32695,87
2026-10-09T13:34:56Z,32695,90
2026-10-09T13:34:57Z,32695,114
2026-10-09T13:34:58Z,32695,87
2026-10-09T13:34:59Z,32695,87
2026-10-09T13:35:00Z,32695,114
2026-10-09T13:35:01Z,32695,88
2026-10-09T13:35:02Z,32695,88
2026-10-09T13:35:03Z,32695,95
2026-10-09T13:35:04Z,32695,93
2026-10-09T13:35:05Z,32695,93
2026-10-09T13:35:06Z,32695,94
2026-10-09T13:35:07Z,32695,91
2026-10-09T13:35:08Z,32695,91
2026-10-09T13:35:09Z,32695,87
2026-10-09T13:35:10Z,32695,89
2026-10-09T13:35:11Z,32695,146
2026-10-09T13:35:12Z,32695,132
2026-10-09T13:35:13Z,32695,147
2026-10-09T13:35:14Z,32695,97
2026-10-09T13:35:15Z,32695,146
2026-10-09T13:35:16Z,32695,139
2026-10-09T13:35:17Z,32695,101
2026-10-09T13:35:18Z,32695,146
2026-10-09T13:35:19Z,32695,138
2026-10-09T13:35:20Z,32695,133
2026-10-09T13:35:21Z,32695,139
2026-10-09T13:35:22Z,32695,132
2026-10-09T13:35:23Z,32695,139
2026-10-09T13:35:24Z,32695,99
2026-10-09T13:35:25Z,32695,126
2026-10-09T13:35:26Z,32695,128
2026-10-09T13:35:27Z,32695,123
2026-10-09T13:35:28Z,32695,106
2026-10-09T13:35:29Z,32695,130
2026-10-09T13:35:30Z,32695,155
2026-10-09T13:35:31Z,32695,119
2026-10-09T13:35:32Z,32695,128
2026-10-09T13:35:33Z,32695,121
2026-10-09T13:35:34Z,32695,88
2026-10-09T13:35:35Z,32695,87
2026-10-09T13:35:36Z,32695,125
2026-10-09T13:35:37Z,32695,121
2026-10-09T13:35:38Z,32695,105
2026-10-09T13:35:39Z,32695,127
2026-10-09T13:35:40Z,32695,124
2026-10-09T13:35:41Z,32695,88
2026-10-09T13:35:42Z,32695,123
2026-10-09T13:35:43Z,32695,133
2026-10-09T13:35:44Z,32695,109
2026-10-09T13:35:45Z,32695,114
2026-10-09T13:35:46Z,32695,87
2026-10-09T13:35:47Z,32695,87
2026-10-09T13:35:48Z,32695,96
2026-10-09T13:35:49Z,32695,105
2026-10-09T13:35:50Z,32695,114
2026-10-09T13:35:51Z,32695,91
2026-10-09T13:35:52Z,32695,88
2026-10-09T13:35:53Z,32695,108
2026-10-09T13:35:54Z,32695,89
2026-10-09T13:35:55Z,32695,88
2026-10-09T13:35:56Z,32695,87
2026-10-09T13:35:57Z,32695,99
2026-10-09T13:35:58Z,32695,93
2026-10-09T13:35:59Z,32695,89
2026-10-09T13:36:00Z,32695,97
2026-10-09T13:36:01Z,32695,98
2026-10-09T13:36:02Z,32695,136
2026-10-09T13:36:03Z,32695,100
2026-10-09T13:36:04Z,32695,88
2026-10-09T13:36:05Z,32695,87
2026-10-09T13:36:06Z,32695,91
2026-10-09T13:36:07Z,32695,96
2026-10-09T13:36:08Z,32695,91
2026-10-09T13:36:09Z,32695,97
2026-10-09T13:36:10Z,32695,121
2026-10-09T13:36:11Z,32695,95
2026-10-09T13:36:12Z,32695,87
2026-10-09T13:36:13Z,32695,87
2026-10-09T13:36:14Z,32695,89
2026-10-09T13:36:15Z,32695,88
2026-10-09T13:36:16Z,32695,91
2026-10-09T13:36:17Z,32695,88
2026-10-09T13:36:18Z,32695,87
2026-10-09T13:36:19Z,32695,93
2026-10-09T13:36:20Z,32695,96
2026-10-09T13:36:21Z,32695,88
2026-10-09T13:36:22Z,32695,88
2026-10-09T13:36:23Z,32695,88
2026-10-09T13:36:24Z,32695,87
2026-10-09T13:36:25Z,32695,101
2026-10-09T13:36:26Z,32695,87
2026-10-09T13:36:27Z,32695,87
2026-10-09T13:36:28Z,32695,87
2026-10-09T13:36:29Z,32695,88
2026-10-09T13:36:30Z,32695,88
2026-10-09T13:36:31Z,32695,87
2026-10-09T13:36:32Z,32695,108
2026-10-09T13:36:33Z,32695,93
2026-10-09T13:36:34Z,32695,88
2026-10-09T13:36:35Z,32695,254
2026-10-09T13:36:36Z,32695,141
2026-10-09T13:36:37Z,32695,111
2026-10-09T13:36:38Z,32695,88
2026-10-09T13:36:39Z,32695,87
2026-10-09T13:36:40Z,32695,87
2026-10-09T13:36:41Z,32695,87
2026-10-09T13:36:42Z,32695,88
2026-10-09T13:36:43Z,32695,88
2026-10-09T13:36:44Z,32695,89
2026-10-09T13:36:45Z,32695,87
2026-10-09T13:36:46Z,32695,87
2026-10-09T13:36:47Z,32695,114
2026-10-09T13:36:48Z,32695,87
2026-10-09T13:36:49Z,32695,89
2026-10-09T13:36:50Z,32695,88
2026-10-09T13:36:51Z,32695,87
2026-10-09T13:36:52Z,32695,87
2026-10-09T13:36:53Z,32695,89
2026-10-09T13:36:54Z,32695,87
2026-10-09T13:36:55Z,32695,110
2026-10-09T13:36:56Z,32695,94
2026-10-09T13:36:57Z,32695,87
2026-10-09T13:36:58Z,32695,87
2026-10-09T13:36:59Z,32695,87
2026-10-09T13:37:00Z,32695,112
2026-10-09T13:37:01Z,32695,87
2026-10-09T13:37:02Z,32695,87
2026-10-09T13:37:03Z,32695,88
2026-10-09T13:37:04Z,32695,100
2026-10-09T13:37:05Z,32695,88
2026-10-09T13:37:06Z,32695,87
2026-10-09T13:37:07Z,32695,87
2026-10-09T13:37:08Z,32695,87
2026-10-09T13:37:09Z,32695,87
2026-10-09T13:37:10Z,32695,88
2026-10-09T13:37:11Z,32695,122
2026-10-09T13:37:12Z,32695,97
2026-10-09T13:37:13Z,32695,88
2026-10-09T13:37:14Z,32695,87
2026-10-09T13:37:15Z,32695,87
2026-10-09T13:37:16Z,32695,88
2026-10-09T13:37:17Z,32695,89
2026-10-09T13:37:18Z,32695,135
2026-10-09T13:37:19Z,32695,88
2026-10-09T13:37:20Z,32695,87
2026-10-09T13:37:21Z,32695,88
2026-10-09T13:37:22Z,32695,87
2026-10-09T13:37:23Z,32695,88
2026-10-09T13:37:24Z,32695,117
2026-10-09T13:37:25Z,32695,89
2026-10-09T13:37:26Z,32695,88
2026-10-09T13:37:27Z,32695,87
2026-10-09T13:37:28Z,32695,88
2026-10-09T13:37:29Z,32695,87
2026-10-09T13:37:30Z,32695,88
2026-10-09T13:37:31Z,32695,88
2026-10-09T13:37:32Z,32695,105
2026-10-09T13:37:33Z,32695,89
2026-10-09T13:37:34Z,32695,87
2026-10-09T13:37:35Z,32695,88
2026-10-09T13:37:36Z,32695,87
2026-10-09T13:37:37Z,32695,88
2026-10-09T13:37:38Z,32695,107
2026-10-09T13:37:39Z,32695,88
2026-10-09T13:37:40Z,32695,87
2026-10-09T13:37:41Z,32695,87
2026-10-09T13:37:42Z,32695,87
2026-10-09T13:37:43Z,32695,106
2026-10-09T13:37:44Z,32695,88
2026-10-09T13:37:45Z,32695,88
2026-10-09T13:37:46Z,32695,136
2026-10-09T13:37:47Z,32695,88
2026-10-09T13:37:48Z,32695,88
2026-10-09T13:37:49Z,32695,88
2026-10-09T13:37:50Z,32695,88
2026-10-09T13:37:51Z,32695,87
2026-10-09T13:37:52Z,32695,104
2026-10-09T13:37:53Z,32695,88
2026-10-09T13:37:54Z,32695,87
2026-10-09T13:37:55Z,32695,87
2026-10-09T13:37:56Z,32695,87
2026-10-09T13:37:57Z,32695,88
2026-10-09T13:37:58Z,32695,121
2026-10-09T13:37:59Z,32695,95
2026-10-09T13:38:00Z,32695,125
2026-10-09T13:38:01Z,32695,88
2026-10-09T13:38:02Z,32695,87
2026-10-09T13:38:03Z,32695,87
2026-10-09T13:38:04Z,32695,88
2026-10-09T13:38:05Z,32695,87
2026-10-09T13:38:06Z,32695,87
2026-10-09T13:38:07Z,32695,87
2026-10-09T13:38:08Z,32695,91
2026-10-09T13:38:09Z,32695,87
2026-10-09T13:38:10Z,32695,88
2026-10-09T13:38:11Z,32695,87
2026-10-09T13:38:12Z,32695,88
2026-10-09T13:38:13Z,32695,88
2026-10-09T13:38:14Z,32695,88
2026-10-09T13:38:15Z,32695,88
2026-10-09T13:38:16Z,32695,87
2026-10-09T13:38:17Z,32695,118
2026-10-09T13:38:18Z,32695,87
2026-10-09T13:38:19Z,32695,89
2026-10-09T13:38:20Z,32695,88
2026-10-09T13:38:21Z,32695,87
2026-10-09T13:38:22Z,32695,88
2026-10-09T13:38:23Z,32695,88
2026-10-09T13:38:24Z,32695,87
2026-10-09T13:38:25Z,32695,88
2026-10-09T13:38:26Z,32695,107
2026-10-09T13:38:27Z,32695,87
2026-10-09T13:38:28Z,32695,88
2026-10-09T13:38:29Z,32695,89
2026-10-09T13:38:30Z,32695,88
2026-10-09T13:38:31Z,32695,103
2026-10-09T13:38:32Z,32695,88
2026-10-09T13:38:33Z,32695,117
2026-10-09T13:38:34Z,32695,99
2026-10-09T13:38:35Z,32695,88
2026-10-09T13:38:36Z,32695,88
2026-10-09T13:38:37Z,32695,87
2026-10-09T13:38:38Z,32695,88
2026-10-09T13:38:39Z,32695,88
2026-10-09T13:38:40Z,32695,89
2026-10-09T13:38:41Z,32695,122
2026-10-09T13:38:42Z,32695,88
2026-10-09T13:38:43Z,32695,87
2026-10-09T13:38:44Z,32695,88
2026-10-09T13:38:45Z,32695,88
2026-10-09T13:38:46Z,32695,87
2026-10-09T13:38:47Z,32695,88
2026-10-09T13:38:48Z,32695,87
2026-10-09T13:38:49Z,32695,87
2026-10-09T13:38:50Z,32695,87
2026-10-09T13:38:51Z,32695,88
2026-10-09T13:38:52Z,32695,108
2026-10-09T13:38:53Z,32695,90
2026-10-09T13:38:54Z,32695,88
2026-10-09T13:38:55Z,32695,88
2026-10-09T13:38:56Z,32695,87
2026-10-09T13:38:57Z,32695,88
2026-10-09T13:38:58Z,32695,98
2026-10-09T13:38:59Z,32695,87
2026-10-09T13:39:00Z,32695,88
2026-10-09T13:39:01Z,32695,106
2026-10-09T13:39:02Z,32695,102
2026-10-09T13:39:03Z,32695,88
2026-10-09T13:39:04Z,32695,87
2026-10-09T13:39:05Z,32695,87
2026-10-09T13:39:06Z,32695,87
2026-10-09T13:39:07Z,32695,87
2026-10-09T13:39:08Z,32695,88
2026-10-09T13:39:09Z,32695,87
2026-10-09T13:39:10Z,32695,88
2026-10-09T13:39:11Z,32695,88
2026-10-09T13:39:12Z,32695,89
2026-10-09T13:39:13Z,32695,88
2026-10-09T13:39:14Z,32695,88
2026-10-09T13:39:15Z,32695,87
2026-10-09T13:39:16Z,32695,88
2026-10-09T13:39:17Z,32695,101
2026-10-09T13:39:18Z,32695,110
2026-10-09T13:39:19Z,32695,87
2026-10-09T13:39:20Z,32695,87
2026-10-09T13:39:21Z,32695,88
2026-10-09T13:39:22Z,32695,87
2026-10-09T13:39:23Z,32695,88
2026-10-09T13:39:24Z,32695,87
2026-10-09T13:39:25Z,32695,92
2026-10-09T13:39:26Z,32695,88
2026-10-09T13:39:27Z,32695,88
2026-10-09T13:39:28Z,32695,88
2026-10-09T13:39:29Z,32695,88
2026-10-09T13:39:30Z,32695,88
2026-10-09T13:39:31Z,32695,87
2026-10-09T13:39:32Z,32695,88
2026-10-09T13:39:33Z,32695,87
2026-10-09T13:39:34Z,32695,87
2026-10-09T13:39:35Z,32695,88
2026-10-09T13:39:36Z,32695,89
2026-10-09T13:39:37Z,32695,88
2026-10-09T13:39:38Z,32695,87
2026-10-09T13:39:39Z,32695,89
2026-10-09T13:39:40Z,32695,87
2026-10-09T13:39:41Z,32695,87
2026-10-09T13:39:42Z,32695,87
2026-10-09T13:39:43Z,32695,88
2026-10-09T13:39:44Z,32695,87
2026-10-09T13:39:45Z,32695,88
2026-10-09T13:39:46Z,32695,87
2026-10-09T13:39:47Z,32695,130
2026-10-09T13:39:48Z,32695,87
2026-10-09T13:39:49Z,32695,88
2026-10-09T13:39:50Z,32695,87
2026-10-09T13:39:51Z,32695,88
2026-10-09T13:39:52Z,32695,88
2026-10-09T13:39:53Z,32695,88
2026-10-09T13:39:54Z,32695,89
2026-10-09T13:39:55Z,32695,87
2026-10-09T13:39:56Z,32695,87
2026-10-09T13:39:57Z,32695,89
2026-10-09T13:39:58Z,32695,110
2026-10-09T13:39:59Z,32695,87
2026-10-09T13:40:00Z,32695,88
2026-10-09T13:40:01Z,32695,152
2026-10-09T13:40:02Z,32695,303
2026-10-09T13:40:03Z,32695,103
2026-10-09T13:40:04Z,32695,108
2026-10-09T13:40:05Z,32695,88
2026-10-09T13:40:06Z,32695,87
2026-10-09T13:40:07Z,32695,87
2026-10-09T13:40:08Z,32695,88
2026-10-09T13:40:09Z,32695,88
2026-10-09T13:40:10Z,32695,88
2026-10-09T13:40:11Z,32695,107
2026-10-09T13:40:12Z,32695,87
2026-10-09T13:40:13Z,32695,122
2026-10-09T13:40:14Z,32695,87
2026-10-09T13:40:15Z,32695,88
2026-10-09T13:40:16Z,32695,99
2026-10-09T13:40:17Z,32695,126
2026-10-09T13:40:18Z,32695,87
2026-10-09T13:40:19Z,32695,88
2026-10-09T13:40:20Z,32695,88
2026-10-09T13:40:21Z,32695,87
2026-10-09T13:40:22Z,32695,87
2026-10-09T13:40:23Z,32695,88
2026-10-09T13:40:24Z,32695,87
2026-10-09T13:40:25Z,32695,87
2026-10-09T13:40:26Z,32695,87
2026-10-09T13:40:27Z,32695,127
2026-10-09T13:40:28Z,32695,93
2026-10-09T13:40:29Z,32695,87
2026-10-09T13:40:30Z,32695,87
2026-10-09T13:40:31Z,32695,88
2026-10-09T13:40:32Z,32695,88
2026-10-09T13:40:33Z,32695,87
2026-10-09T13:40:34Z,32695,92
2026-10-09T13:40:35Z,32695,87
2026-10-09T13:40:36Z,32695,88
2026-10-09T13:40:37Z,32695,139
2026-10-09T13:40:38Z,32695,90
2026-10-09T13:40:39Z,32695,88
2026-10-09T13:40:40Z,32695,89
2026-10-09T13:40:41Z,32695,89
2026-10-09T13:40:42Z,32695,88
2026-10-09T13:40:43Z,32695,88
2026-10-09T13:40:44Z,32695,88
2026-10-09T13:40:45Z,32695,87
2026-10-09T13:40:46Z,32695,88
2026-10-09T13:40:47Z,32695,88
2026-10-09T13:40:48Z,32695,88
2026-10-09T13:40:49Z,32695,91
2026-10-09T13:40:50Z,32695,87
2026-10-09T13:40:51Z,32695,119
2026-10-09T13:40:52Z,32695,98
2026-10-09T13:40:53Z,23421,2763
2026-10-09T13:40:56Z,6549,129
2026-10-09T13:40:57Z,5735,87
2026-10-09T13:40:58Z,5735,101
2026-10-09T13:40:59Z,5735,88
2026-10-09T13:41:00Z,5735,88
2026-10-09T13:41:01Z,5735,91
2026-10-09T13:41:02Z,5735,87
2026-10-09T13:41:03Z,5735,88
2026-10-09T13:41:04Z,5735,88
2026-10-09T13:41:05Z,5735,101
2026-10-09T13:41:06Z,5735,370
2026-10-09T13:41:07Z,5735,368
2026-10-09T13:41:08Z,5735,369
2026-10-09T13:41:09Z,5735,368
2026-10-09T13:41:10Z,5735,367
2026-10-09T13:41:11Z,5735,366
2026-10-09T13:41:12Z,5735,87
2026-10-09T13:41:13Z,5735,87
2026-10-09T13:41:14Z,5735,88
2026-10-09T13:41:15Z,5735,110
2026-10-09T13:41:16Z,5735,88
2026-10-09T13:41:17Z,5735,87
2026-10-09T13:41:18Z,5735,88
2026-10-09T13:41:19Z,5735,89
2026-10-09T13:41:20Z,5735,88
2026-10-09T13:41:21Z,5735,88
2026-10-09T13:41:22Z,5735,92
2026-10-09T13:41:23Z,5735,88
2026-10-09T13:41:24Z,5735,87
2026-10-09T13:41:25Z,5735,88
2026-10-09T13:41:26Z,5735,87
2026-10-09T13:41:27Z,5735,91
2026-10-09T13:41:28Z,5735,88
2026-10-09T13:41:29Z,5735,88
2026-10-09T13:41:30Z,5735,88
2026-10-09T13:41:31Z,5735,92
2026-10-09T13:41:32Z,5735,88
2026-10-09T13:41:33Z,5735,87
2026-10-09T13:41:34Z,5735,166
2026-10-09T13:41:35Z,5735,88
2026-10-09T13:41:36Z,5735,87
2026-10-09T13:41:37Z,5735,88
2026-10-09T13:41:38Z,5735,97
2026-10-09T13:41:39Z,5735,87
2026-10-09T13:41:40Z,5735,106
2026-10-09T13:41:41Z,5735,87
2026-10-09T13:41:42Z,5735,87
2026-10-09T13:41:43Z,5735,88
2026-10-09T13:41:44Z,5735,156
2026-10-09T13:41:45Z,5735,87
2026-10-09T13:41:46Z,5735,88
2026-10-09T13:41:47Z,5735,87
2026-10-09T13:41:48Z,5735,88
2026-10-09T13:41:49Z,5735,87
2026-10-09T13:41:50Z,5735,122
2026-10-09T13:41:51Z,5735,87
2026-10-09T13:41:52Z,5735,88
2026-10-09T13:41:53Z,5735,87
2026-10-09T13:41:54Z,5735,148
2026-10-09T13:41:55Z,5735,88
2026-10-09T13:41:56Z,5735,88
2026-10-09T13:41:57Z,5735,93
2026-10-09T13:41:58Z,5735,88
2026-10-09T13:41:59Z,5735,88
2026-10-09T13:42:00Z,5735,87
2026-10-09T13:42:01Z,5735,88
2026-10-09T13:42:02Z,5735,88
2026-10-09T13:42:03Z,5735,88
2026-10-09T13:42:04Z,5735,141
2026-10-09T13:42:05Z,5735,87
2026-10-09T13:42:06Z,5735,88
2026-10-09T13:42:07Z,5735,88
2026-10-09T13:42:08Z,5735,89
2026-10-09T13:42:09Z,5735,87
2026-10-09T13:42:10Z,5735,88
2026-10-09T13:42:11Z,5735,88
2026-10-09T13:42:12Z,5735,89
2026-10-09T13:42:13Z,5735,87
2026-10-09T13:42:14Z,5735,134
2026-10-09T13:42:15Z,5735,87
2026-10-09T13:42:16Z,5735,87
2026-10-09T13:42:17Z,5735,112
2026-10-09T13:42:18Z,5735,87
2026-10-09T13:42:19Z,5735,87
2026-10-09T13:42:20Z,5735,95
2026-10-09T13:42:21Z,5735,98
2026-10-09T13:42:22Z,5735,87
2026-10-09T13:42:23Z,5735,89
2026-10-09T13:42:24Z,5735,126
2026-10-09T13:42:25Z,5735,112
2026-10-09T13:42:26Z,5735,87
2026-10-09T13:42:27Z,5735,88
2026-10-09T13:42:28Z,5735,126
2026-10-09T13:42:29Z,5735,88
2026-10-09T13:42:30Z,5735,87
2026-10-09T13:42:31Z,5735,131
2026-10-09T13:42:32Z,5735,87
2026-10-09T13:42:33Z,5735,108
2026-10-09T13:42:34Z,5735,116
2026-10-09T13:42:35Z,5735,87
2026-10-09T13:42:36Z,5735,87
2026-10-09T13:42:37Z,5735,87
2026-10-09T13:42:38Z,5735,87
2026-10-09T13:42:39Z,5735,87
2026-10-09T13:42:40Z,5735,88
2026-10-09T13:42:41Z,5735,87
2026-10-09T13:42:42Z,5735,87
2026-10-09T13:42:43Z,5735,120
2026-10-09T13:42:44Z,5735,111
2026-10-09T13:42:45Z,5735,88
2026-10-09T13:42:46Z,5735,106
2026-10-09T13:42:47Z,5735,87
2026-10-09T13:42:48Z,5735,88
2026-10-09T13:42:49Z,5735,88
2026-10-09T13:42:50Z,5735,87
2026-10-09T13:42:51Z,5735,87
2026-10-09T13:42:52Z,5735,87
2026-10-09T13:42:53Z,5735,87
2026-10-09T13:42:54Z,5735,107
2026-10-09T13:42:55Z,5735,88
2026-10-09T13:42:56Z,5735,111
2026-10-09T13:42:57Z,5735,88
2026-10-09T13:42:58Z,5735,89
2026-10-09T13:42:59Z,5735,88
2026-10-09T13:43:00Z,5735,89
2026-10-09T13:43:01Z,5735,88
2026-10-09T13:43:02Z,5735,87
2026-10-09T13:43:03Z,5735,88
2026-10-09T13:43:04Z,5735,90
2026-10-09T13:43:05Z,5735,87
2026-10-09T13:43:06Z,5735,87
2026-10-09T13:43:07Z,5735,87
2026-10-09T13:43:08Z,5735,87
2026-10-09T13:43:09Z,5735,112
2026-10-09T13:43:10Z,5735,90
2026-10-09T13:43:11Z,5735,91
2026-10-09T13:43:12Z,5735,94
2026-10-09T13:43:13Z,5735,87
2026-10-09T13:43:14Z,5735,121
2026-10-09T13:43:15Z,5735,88
2026-10-09T13:43:16Z,5735,113
2026-10-09T13:43:17Z,5735,88
2026-10-09T13:43:18Z,5735,87
2026-10-09T13:43:19Z,5735,88
2026-10-09T13:43:20Z,5735,88
2026-10-09T13:43:21Z,5735,88
2026-10-09T13:43:22Z,5735,134
2026-10-09T13:43:23Z,5735,88
2026-10-09T13:43:24Z,5735,274
2026-10-09T13:43:25Z,5735,92
2026-10-09T13:43:26Z,5735,90
2026-10-09T13:43:27Z,5735,87
2026-10-09T13:43:28Z,5735,88
2026-10-09T13:43:29Z,5735,86
2026-10-09T13:43:30Z,5735,87
2026-10-09T13:43:31Z,5735,88
2026-10-09T13:43:32Z,5735,87
2026-10-09T13:43:33Z,5735,88
2026-10-09T13:43:34Z,5735,152
2026-10-09T13:43:35Z,5735,88
2026-10-09T13:43:36Z,5735,120
2026-10-09T13:43:37Z,5735,107
2026-10-09T13:43:38Z,5735,89
2026-10-09T13:43:39Z,5735,87
2026-10-09T13:43:40Z,5735,88
2026-10-09T13:43:41Z,5735,87
2026-10-09T13:43:42Z,5735,87
2026-10-09T13:43:43Z,5735,87
2026-10-09T13:43:44Z,5735,161
2026-10-09T13:43:45Z,5735,87
2026-10-09T13:43:46Z,5735,87
2026-10-09T13:43:47Z,5735,112
2026-10-09T13:43:48Z,5735,92
2026-10-09T13:43:49Z,5735,87
2026-10-09T13:43:50Z,5735,87
2026-10-09T13:43:51Z,5735,87
2026-10-09T13:43:52Z,5735,87
2026-10-09T13:43:53Z,5735,88
2026-10-09T13:43:54Z,5735,155
2026-10-09T13:43:55Z,5735,88
2026-10-09T13:43:56Z,5735,88
2026-10-09T13:43:57Z,5735,91
2026-10-09T13:43:58Z,5735,88
2026-10-09T13:43:59Z,5735,88
2026-10-09T13:44:00Z,5735,91
2026-10-09T13:44:01Z,5735,93
2026-10-09T13:44:02Z,5735,88
2026-10-09T13:44:03Z,5735,87
2026-10-09T13:44:04Z,5735,152
2026-10-09T13:44:05Z,5735,88
2026-10-09T13:44:06Z,5735,87
2026-10-09T13:44:07Z,5735,93
2026-10-09T13:44:08Z,5735,92
2026-10-09T13:44:09Z,5735,94
2026-10-09T13:44:10Z,5735,96
2026-10-09T13:44:11Z,5735,91
2026-10-09T13:44:12Z,5735,91
2026-10-09T13:44:13Z,5735,95
2026-10-09T13:44:14Z,5735,123
2026-10-09T13:44:15Z,5735,90
2026-10-09T13:44:16Z,5735,88
2026-10-09T13:44:17Z,5735,145
2026-10-09T13:44:18Z,5735,123
2026-10-09T13:44:19Z,5735,105
2026-10-09T13:44:20Z,5735,139
2026-10-09T13:44:21Z,5735,145
2026-10-09T13:44:22Z,5735,113
2026-10-09T13:44:23Z,5735,131
2026-10-09T13:44:24Z,5735,140
2026-10-09T13:44:25Z,5735,133
2026-10-09T13:44:26Z,5735,138
2026-10-09T13:44:27Z,5735,131
2026-10-09T13:44:28Z,5735,129
2026-10-09T13:44:29Z,5735,140
2026-10-09T13:44:30Z,5735,137
2026-10-09T13:44:31Z,5735,120
2026-10-09T13:44:32Z,5735,113
2026-10-09T13:44:33Z,5735,133
2026-10-09T13:44:34Z,5735,133
2026-10-09T13:44:35Z,5735,151
2026-10-09T13:44:36Z,5735,122
2026-10-09T13:44:37Z,5735,155
2026-10-09T13:44:38Z,5735,147
2026-10-09T13:44:39Z,5735,158
2026-10-09T13:44:40Z,5735,147
2026-10-09T13:44:41Z,5735,118
2026-10-09T13:44:42Z,5735,127
2026-10-09T13:44:43Z,5735,158
2026-10-09T13:44:44Z,5735,133
2026-10-09T13:44:45Z,5735,158
2026-10-09T13:44:46Z,5735,120
2026-10-09T13:44:47Z,5735,134
2026-10-09T13:44:48Z,5735,142
2026-10-09T13:44:49Z,5735,147
2026-10-09T13:44:50Z,5735,115
2026-10-09T13:44:51Z,5735,142
2026-10-09T13:44:52Z,5735,138
2026-10-09T13:44:53Z,5735,132
2026-10-09T13:44:54Z,5735,126
2026-10-09T13:44:55Z,5735,110
2026-10-09T13:44:56Z,5735,111
2026-10-09T13:44:57Z,5735,131
2026-10-09T13:44:58Z,5735,142
2026-10-09T13:44:59Z,5735,144
2026-10-09T13:45:00Z,5735,141
2026-10-09T13:45:01Z,5735,137
2026-10-09T13:45:02Z,5735,128
2026-10-09T13:45:03Z,5735,134
2026-10-09T13:45:04Z,5735,107
2026-10-09T13:45:05Z,5735,126
2026-10-09T13:45:06Z,5735,109
2026-10-09T13:45:07Z,5735,126
2026-10-09T13:45:08Z,5735,130
2026-10-09T13:45:09Z,5735,126
2026-10-09T13:45:10Z,5735,94
2026-10-09T13:45:11Z,5735,100
2026-10-09T13:45:12Z,5735,119
2026-10-09T13:45:13Z,5735,126
2026-10-09T13:45:14Z,5735,120
2026-10-09T13:45:15Z,5735,150
2026-10-09T13:45:16Z,5735,108
2026-10-09T13:45:17Z,5735,123
2026-10-09T13:45:18Z,5735,90
2026-10-09T13:45:19Z,5735,121
2026-10-09T13:45:20Z,5735,112
2026-10-09T13:45:21Z,5735,94
2026-10-09T13:45:22Z,5735,108
2026-10-09T13:45:23Z,5735,115
2026-10-09T13:45:24Z,5735,109
2026-10-09T13:45:25Z,5735,119
2026-10-09T13:45:26Z,5735,87
2026-10-09T13:45:27Z,5735,105
2026-10-09T13:45:28Z,5735,115
2026-10-09T13:45:29Z,5735,113
2026-10-09T13:45:30Z,5735,102
2026-10-09T13:45:31Z,5735,88
2026-10-09T13:45:32Z,5735,107
2026-10-09T13:45:33Z,5735,89
2026-10-09T13:45:34Z,5735,93
2026-10-09T13:45:35Z,5735,106
2026-10-09T13:45:36Z,5735,88
2026-10-09T13:45:37Z,5735,106
2026-10-09T13:45:38Z,5735,100
2026-10-09T13:45:39Z,5735,98
2026-10-09T13:45:40Z,5735,124
2026-10-09T13:45:41Z,5735,91
2026-10-09T13:45:42Z,5735,149
2026-10-09T13:45:43Z,5735,104
2026-10-09T13:45:44Z,5735,176
2026-10-09T13:45:45Z,5735,107
2026-10-09T13:45:46Z,5735,88
2026-10-09T13:45:47Z,5735,108
2026-10-09T13:45:48Z,5735,112
2026-10-09T13:45:49Z,5735,121
2026-10-09T13:45:50Z,5735,120
2026-10-09T13:45:51Z,5735,87
2026-10-09T13:45:52Z,5735,120
2026-10-09T13:45:53Z,5735,112
2026-10-09T13:45:54Z,5735,154
2026-10-09T13:45:55Z,5735,121
2026-10-09T13:45:56Z,5735,88
2026-10-09T13:45:57Z,5735,113
2026-10-09T13:45:58Z,5735,121
2026-10-09T13:45:59Z,5735,126
2026-10-09T13:46:00Z,5735,117
2026-10-09T13:46:01Z,5735,88
2026-10-09T13:46:02Z,5735,119
2026-10-09T13:46:03Z,5735,113
2026-10-09T13:46:04Z,5735,164
2026-10-09T13:46:05Z,5735,121
2026-10-09T13:46:06Z,5735,88
2026-10-09T13:46:07Z,5735,100
2026-10-09T13:46:08Z,5735,117
2026-10-09T13:46:09Z,5735,111
2026-10-09T13:46:10Z,5735,106
2026-10-09T13:46:11Z,5735,87
2026-10-09T13:46:12Z,5735,101
2026-10-09T13:46:13Z,5735,111
2026-10-09T13:46:14Z,5735,142
2026-10-09T13:46:15Z,5735,100
2026-10-09T13:46:16Z,5735,88
2026-10-09T13:46:17Z,5735,100
2026-10-09T13:46:18Z,5735,119
2026-10-09T13:46:19Z,5735,87
2026-10-09T13:46:20Z,5735,90
2026-10-09T13:46:21Z,5735,89
2026-10-09T13:46:22Z,5735,100
2026-10-09T13:46:23Z,5735,122
2026-10-09T13:46:24Z,5735,108
2026-10-09T13:46:25Z,5735,123
2026-10-09T13:46:26Z,5735,87
2026-10-09T13:46:27Z,5735,109
2026-10-09T13:46:28Z,8598,678
2026-10-09T13:46:29Z,5893,775
2026-10-09T13:46:30Z,5466,130
2026-10-09T13:46:31Z,5466,128
2026-10-09T13:46:32Z,5466,119
2026-10-09T13:46:33Z,5466,114
2026-10-09T13:46:34Z,5466,132
2026-10-09T13:46:35Z,5466,119
2026-10-09T13:46:36Z,5466,110
2026-10-09T13:46:37Z,5466,121
2026-10-09T13:46:38Z,5466,125
2026-10-09T13:46:39Z,5466,116
2026-10-09T13:46:40Z,5466,112
2026-10-09T13:46:41Z,5466,116
2026-10-09T13:46:42Z,5466,107
2026-10-09T13:46:43Z,5466,103
2026-10-09T13:46:44Z,5466,120
2026-10-09T13:46:45Z,5466,111
2026-10-09T13:46:46Z,5466,106
2026-10-09T13:46:47Z,5466,118
2026-10-09T13:46:48Z,5466,110
2026-10-09T13:46:49Z,5466,89
2026-10-09T13:46:50Z,5466,130
2026-10-09T13:46:51Z,5466,88
2026-10-09T13:46:52Z,5466,90
2026-10-09T13:46:53Z,5466,123
2026-10-09T13:46:54Z,5466,103
2026-10-09T13:46:55Z,5466,103
2026-10-09T13:46:56Z,5466,109
2026-10-09T13:46:57Z,5466,101
2026-10-09T13:46:58Z,5466,110
2026-10-09T13:46:59Z,5466,100
2026-10-09T13:47:00Z,5466,109
2026-10-09T13:47:01Z,5466,88
2026-10-09T13:47:02Z,5466,109
2026-10-09T13:47:03Z,5466,121
2026-10-09T13:47:04Z,5466,167
2026-10-09T13:47:05Z,5466,119
2026-10-09T13:47:06Z,5466,89
2026-10-09T13:47:07Z,5466,124
2026-10-09T13:47:08Z,5466,118
2026-10-09T13:47:09Z,5466,112
2026-10-09T13:47:10Z,5466,108
2026-10-09T13:47:11Z,5466,102
2026-10-09T13:47:12Z,5466,127
2026-10-09T13:47:13Z,5466,121
2026-10-09T13:47:14Z,5466,158
2026-10-09T13:47:15Z,5466,88
2026-10-09T13:47:16Z,5466,87
2026-10-09T13:47:17Z,5466,87
2026-10-09T13:47:18Z,5466,87
2026-10-09T13:47:19Z,5466,87
2026-10-09T13:47:20Z,5466,87
2026-10-09T13:47:21Z,5466,87
2026-10-09T13:47:22Z,5466,87
2026-10-09T13:47:23Z,5466,96
2026-10-09T13:47:24Z,5466,150
2026-10-09T13:47:25Z,5466,87
2026-10-09T13:47:26Z,5466,87
2026-10-09T13:47:27Z,5466,88
2026-10-09T13:47:28Z,5466,99
2026-10-09T13:47:29Z,5466,88
2026-10-09T13:47:30Z,5466,88
2026-10-09T13:47:31Z,5466,88
2026-10-09T13:47:32Z,5466,87
2026-10-09T13:47:33Z,5466,87
2026-10-09T13:47:34Z,5466,144
2026-10-09T13:47:35Z,5466,88
2026-10-09T13:47:36Z,5466,87
2026-10-09T13:47:37Z,5466,95
2026-10-09T13:47:38Z,5466,87
2026-10-09T13:47:39Z,5466,97
2026-10-09T13:47:40Z,5466,87
2026-10-09T13:47:41Z,5466,87
2026-10-09T13:47:42Z,5466,89
2026-10-09T13:47:43Z,5466,87
2026-10-09T13:47:44Z,5466,130
2026-10-09T13:47:45Z,5466,89
2026-10-09T13:47:46Z,5466,87
2026-10-09T13:47:47Z,5466,121
2026-10-09T13:47:48Z,5466,113
2026-10-09T13:47:49Z,5466,110
2026-10-09T13:47:50Z,5466,121
2026-10-09T13:47:51Z,5466,87
2026-10-09T13:47:52Z,5466,107
2026-10-09T13:47:53Z,5466,121
2026-10-09T13:47:54Z,5466,151
2026-10-09T13:47:55Z,5466,102
2026-10-09T13:47:56Z,5466,87
2026-10-09T13:47:57Z,5466,108
2026-10-09T13:47:58Z,5466,114
2026-10-09T13:47:59Z,5466,107
2026-10-09T13:48:00Z,5466,111
2026-10-09T13:48:01Z,5466,87
2026-10-09T13:48:02Z,5466,127
2026-10-09T13:48:03Z,5466,88
2026-10-09T13:48:04Z,5466,116
2026-10-09T13:48:05Z,5466,90
2026-10-09T13:48:06Z,5466,87
2026-10-09T13:48:07Z,5466,114
2026-10-09T13:48:08Z,5466,120
2026-10-09T13:48:09Z,5466,122
2026-10-09T13:48:10Z,5466,103
2026-10-09T13:48:11Z,5466,87
2026-10-09T13:48:12Z,8211,88
2026-10-09T13:48:13Z,8211,120
2026-10-09T13:48:14Z,8211,119
2026-10-09T13:48:15Z,8211,107
2026-10-09T13:48:16Z,8211,117
2026-10-09T13:48:17Z,8211,108
2026-10-09T13:48:18Z,8211,129
2026-10-09T13:48:19Z,8211,109
2026-10-09T13:48:20Z,8211,91
2026-10-09T13:48:21Z,8211,117
2026-10-09T13:48:22Z,8211,126
2026-10-09T13:48:23Z,8211,117
2026-10-09T13:48:24Z,8211,142
2026-10-09T13:48:25Z,8211,87
2026-10-09T13:48:26Z,8211,87
2026-10-09T13:48:27Z,8211,120
2026-10-09T13:48:28Z,8211,111
2026-10-09T13:48:29Z,8211,109
2026-10-09T13:48:30Z,8211,101
2026-10-09T13:48:31Z,8211,106
2026-10-09T13:48:32Z,8211,112
2026-10-09T13:48:33Z,8211,109
2026-10-09T13:48:34Z,8211,165
2026-10-09T13:48:35Z,8211,88
2026-10-09T13:48:36Z,8211,113
2026-10-09T13:48:37Z,8211,111
2026-10-09T13:48:38Z,8211,109
2026-10-09T13:48:39Z,8211,101
2026-10-09T13:48:40Z,8211,142
2026-10-09T13:48:41Z,8211,105
2026-10-09T13:48:42Z,8211,104
2026-10-09T13:48:43Z,8211,100
2026-10-09T13:48:44Z,8211,160
2026-10-09T13:48:45Z,8211,87
2026-10-09T13:48:46Z,8211,126
2026-10-09T13:48:47Z,8211,87
2026-10-09T13:48:48Z,8211,87
2026-10-09T13:48:49Z,8211,87
2026-10-09T13:48:50Z,8211,87
2026-10-09T13:48:51Z,8211,88
2026-10-09T13:48:52Z,8211,99
2026-10-09T13:48:53Z,8211,88
2026-10-09T13:48:54Z,8211,87
2026-10-09T13:48:55Z,8211,87
2026-10-09T13:48:56Z,8211,87
2026-10-09T13:48:57Z,8211,88
2026-10-09T13:48:58Z,8211,108
2026-10-09T13:48:59Z,8211,87
2026-10-09T13:49:00Z,8211,87
2026-10-09T13:49:01Z,8211,88
2026-10-09T13:49:02Z,8211,87
2026-10-09T13:49:03Z,8211,87
2026-10-09T13:49:04Z,8211,199
2026-10-09T13:49:05Z,8211,87
2026-10-09T13:49:06Z,8211,111
2026-10-09T13:49:07Z,8211,110
2026-10-09T13:49:08Z,8211,123
2026-10-09T13:49:09Z,8211,117
2026-10-09T13:49:10Z,8211,94
2026-10-09T13:49:11Z,8211,103
2026-10-09T13:49:12Z,8211,88
2026-10-09T13:49:13Z,8211,101
2026-10-09T13:49:14Z,8211,102
2026-10-09T13:49:15Z,8211,87
2026-10-09T13:49:16Z,8211,113
2026-10-09T13:49:17Z,8211,105
2026-10-09T13:49:18Z,8211,120
2026-10-09T13:49:19Z,8211,112
2026-10-09T13:49:20Z,8211,87
2026-10-09T13:49:21Z,8211,113
2026-10-09T13:49:22Z,8211,90
2026-10-09T13:49:23Z,8211,101
2026-10-09T13:49:24Z,8211,135
2026-10-09T13:49:25Z,8211,87
2026-10-09T13:49:26Z,8211,110
2026-10-09T13:49:27Z,8211,87
2026-10-09T13:49:28Z,8211,110
2026-10-09T13:49:29Z,8211,102
2026-10-09T13:49:30Z,8211,93
2026-10-09T13:49:31Z,8211,121
2026-10-09T13:49:32Z,8211,115
2026-10-09T13:49:33Z,8211,123
2026-10-09T13:49:34Z,8211,119
2026-10-09T13:49:35Z,8211,87
2026-10-09T13:49:36Z,8211,119
2026-10-09T13:49:37Z,8211,111
2026-10-09T13:49:38Z,8211,121
2026-10-09T13:49:39Z,8211,119
2026-10-09T13:49:40Z,8211,107
2026-10-09T13:49:41Z,8211,111
2026-10-09T13:49:42Z,8211,112
2026-10-09T13:49:43Z,8211,88
2026-10-09T13:49:44Z,8211,157
2026-10-09T13:49:45Z,8211,89
2026-10-09T13:49:46Z,8211,107
2026-10-09T13:49:47Z,8211,103
2026-10-09T13:49:48Z,8211,112
2026-10-09T13:49:49Z,8211,110
2026-10-09T13:49:50Z,8211,88
2026-10-09T13:49:51Z,8211,112
2026-10-09T13:49:52Z,8211,106
2026-10-09T13:49:53Z,8211,114
2026-10-09T13:49:54Z,8211,164
2026-10-09T13:49:55Z,8211,87
2026-10-09T13:49:56Z,8211,113
2026-10-09T13:49:57Z,8211,104
2026-10-09T13:49:58Z,8211,98
2026-10-09T13:49:59Z,8211,104
2026-10-09T13:50:00Z,8211,87
2026-10-09T13:50:01Z,8211,121
2026-10-09T13:50:02Z,8211,101
2026-10-09T13:50:03Z,8211,111
2026-10-09T13:50:04Z,8211,160
2026-10-09T13:50:05Z,8211,87
2026-10-09T13:50:06Z,8211,89
2026-10-09T13:50:07Z,8211,110
2026-10-09T13:50:08Z,8211,120
2026-10-09T13:50:09Z,8211,87
2026-10-09T13:50:10Z,8211,110
2026-10-09T13:50:11Z,8211,87
2026-10-09T13:50:12Z,8211,106
2026-10-09T13:50:13Z,8211,123
2026-10-09T13:50:14Z,8211,87
2026-10-09T13:50:15Z,8211,86
2026-10-09T13:50:16Z,8211,117
2026-10-09T13:50:17Z,8211,129
2026-10-09T13:50:18Z,8211,106
2026-10-09T13:50:19Z,8211,117
2026-10-09T13:50:20Z,8211,87
2026-10-09T13:50:21Z,8211,111
2026-10-09T13:50:22Z,8211,108
2026-10-09T13:50:23Z,8211,117
2026-10-09T13:50:24Z,8211,102
2026-10-09T13:50:25Z,8211,91
2026-10-09T13:50:26Z,8211,118
2026-10-09T13:50:27Z,8211,98
2026-10-09T13:50:28Z,8211,87
2026-10-09T13:50:29Z,8211,99
2026-10-09T13:50:30Z,8211,89
2026-10-09T13:50:31Z,8211,103
2026-10-09T13:50:32Z,8211,111
2026-10-09T13:50:33Z,8211,108
2026-10-09T13:50:34Z,8211,107
2026-10-09T13:50:35Z,8211,87
2026-10-09T13:50:36Z,8211,88
2026-10-09T13:50:37Z,8211,143
2026-10-09T13:50:38Z,8211,106
2026-10-09T13:50:39Z,8211,105
2026-10-09T13:50:40Z,8211,87
2026-10-09T13:50:41Z,8211,122
2026-10-09T13:50:42Z,8211,111
2026-10-09T13:50:43Z,8211,88
2026-10-09T13:50:44Z,8211,142
2026-10-09T13:50:45Z,8211,87
2026-10-09T13:50:46Z,8211,87
2026-10-09T13:50:47Z,8211,113
2026-10-09T13:50:48Z,8211,111
2026-10-09T13:50:49Z,8211,118
2026-10-09T13:50:50Z,8211,87
2026-10-09T13:50:51Z,8211,108
2026-10-09T13:50:52Z,8211,123
2026-10-09T13:50:53Z,8211,112
2026-10-09T13:50:54Z,8211,198
2026-10-09T13:50:55Z,8211,87
2026-10-09T13:50:56Z,8211,121
2026-10-09T13:50:57Z,8211,144
2026-10-09T13:50:58Z,8211,124
2026-10-09T13:50:59Z,8211,117
2026-10-09T13:51:00Z,8211,88
2026-10-09T13:51:01Z,8211,108
2026-10-09T13:51:02Z,8211,99
2026-10-09T13:51:03Z,8211,104
2026-10-09T13:51:04Z,8211,114
2026-10-09T13:51:05Z,8211,88
2026-10-09T13:51:06Z,8211,89
2026-10-09T13:51:07Z,8211,87
2026-10-09T13:51:08Z,8211,102
2026-10-09T13:51:09Z,8211,112
2026-10-09T13:51:10Z,8211,87
2026-10-09T13:51:11Z,8211,129
2026-10-09T13:51:12Z,8211,121
2026-10-09T13:51:13Z,8211,117
2026-10-09T13:51:14Z,8211,135
2026-10-09T13:51:15Z,8211,87
2026-10-09T13:51:17Z,8211,101
2026-10-09T13:51:18Z,8211,125
2026-10-09T13:51:19Z,8211,104
2026-10-09T13:51:20Z,8211,89
2026-10-09T13:51:21Z,8211,87
2026-10-09T13:51:22Z,8211,113
2026-10-09T13:51:23Z,8211,121
2026-10-09T13:51:24Z,8211,108
2026-10-09T13:51:25Z,8211,157
2026-10-09T13:51:26Z,8211,87
2026-10-09T13:51:27Z,8211,118
2026-10-09T13:51:28Z,8211,129
2026-10-09T13:51:29Z,8211,88
2026-10-09T13:51:30Z,8211,111
2026-10-09T13:51:31Z,8211,89
2026-10-09T13:51:32Z,8211,123
2026-10-09T13:51:33Z,8211,109
2026-10-09T13:51:34Z,8211,105
2026-10-09T13:51:35Z,8211,160
2026-10-09T13:51:36Z,8211,87
2026-10-09T13:51:37Z,8211,120
2026-10-09T13:51:38Z,8211,108
2026-10-09T13:51:39Z,8211,102
2026-10-09T13:51:40Z,8211,111
2026-10-09T13:51:41Z,8211,88
2026-10-09T13:51:42Z,8211,112
2026-10-09T13:51:43Z,8211,109
2026-10-09T13:51:44Z,8211,131
2026-10-09T13:51:45Z,8211,146
2026-10-09T13:51:46Z,8211,87
2026-10-09T13:51:47Z,8211,107
2026-10-09T13:51:48Z,8211,100
2026-10-09T13:51:49Z,8211,124
2026-10-09T13:51:50Z,8211,87
2026-10-09T13:51:51Z,8211,88
2026-10-09T13:51:52Z,8211,113
2026-10-09T13:51:53Z,8211,123
2026-10-09T13:51:54Z,8211,119
2026-10-09T13:51:55Z,8211,113
2026-10-09T13:51:56Z,8211,88
2026-10-09T13:51:57Z,8211,101
2026-10-09T13:51:58Z,8211,114
2026-10-09T13:51:59Z,8211,116
2026-10-09T13:52:00Z,8211,110
2026-10-09T13:52:01Z,8211,89
2026-10-09T13:52:02Z,8211,109
2026-10-09T13:52:03Z,8211,120
2026-10-09T13:52:04Z,8211,88
2026-10-09T13:52:05Z,8211,127
2026-10-09T13:52:06Z,8211,87
2026-10-09T13:52:07Z,8211,87
2026-10-09T13:52:08Z,8211,87
2026-10-09T13:52:09Z,8211,801
2026-10-09T13:52:10Z,8211,801
2026-10-09T13:52:11Z,8211,801
2026-10-09T13:52:12Z,8211,801
2026-10-09T13:52:13Z,8211,125
2026-10-09T13:52:14Z,8211,121
2026-10-09T13:52:15Z,8211,125
2026-10-09T13:52:16Z,8211,87
2026-10-09T13:52:17Z,8211,120
2026-10-09T13:52:18Z,8211,124
2026-10-09T13:52:19Z,8211,105
2026-10-09T13:52:20Z,8211,115
2026-10-09T13:52:21Z,8211,89
2026-10-09T13:52:22Z,8211,122
2026-10-09T13:52:23Z,8211,116
2026-10-09T13:52:24Z,8211,110
2026-10-09T13:52:25Z,8211,114
2026-10-09T13:52:26Z,8211,88
2026-10-09T13:52:27Z,8211,87
2026-10-09T13:52:28Z,8211,147
2026-10-09T13:52:29Z,8211,88
2026-10-09T13:52:30Z,8211,132
2026-10-09T13:52:31Z,8211,89
2026-10-09T13:52:32Z,8211,105
2026-10-09T13:52:33Z,8211,126
2026-10-09T13:52:34Z,8211,104
2026-10-09T13:52:35Z,8211,111
2026-10-09T13:52:36Z,8211,87
2026-10-09T13:52:37Z,8211,100
2026-10-09T13:52:38Z,8211,120
2026-10-09T13:52:39Z,8211,87
2026-10-09T13:52:40Z,8211,112
2026-10-09T13:52:41Z,8211,110
2026-10-09T13:52:42Z,8211,113
2026-10-09T13:52:43Z,8211,104
2026-10-09T13:52:44Z,8211,162
2026-10-09T13:52:45Z,8211,108
2026-10-09T13:52:46Z,8211,87
2026-10-09T13:52:47Z,8211,103
2026-10-09T13:52:48Z,8211,112
2026-10-09T13:52:49Z,8211,92
2026-10-09T13:52:50Z,8211,770
2026-10-09T13:52:51Z,8211,2769
2026-10-09T13:52:54Z,8211,768
2026-10-09T13:52:55Z,8211,142
2026-10-09T13:52:56Z,8211,87
2026-10-09T13:52:57Z,8211,104
2026-10-09T13:52:58Z,8211,117
2026-10-09T13:52:59Z,8211,113
2026-10-09T13:53:00Z,8211,114
2026-10-09T13:53:01Z,8211,87
2026-10-09T13:53:02Z,8211,115
2026-10-09T13:53:03Z,8211,109
2026-10-09T13:53:04Z,8211,118
2026-10-09T13:53:05Z,8211,113
2026-10-09T13:53:06Z,8211,88
2026-10-09T13:53:07Z,8211,87
2026-10-09T13:53:08Z,8211,114
2026-10-09T13:53:09Z,8211,105
2026-10-09T13:53:10Z,8211,87
2026-10-09T13:53:11Z,8211,123
2026-10-09T13:53:12Z,8211,104
2026-10-09T13:53:13Z,8211,115
2026-10-09T13:53:14Z,8211,123
2026-10-09T13:53:15Z,8211,99
2026-10-09T13:53:16Z,8211,87
2026-10-09T13:53:17Z,8211,105
2026-10-09T13:53:18Z,8211,109
2026-10-09T13:53:19Z,8211,116
2026-10-09T13:53:20Z,8211,112
2026-10-09T13:53:21Z,8211,135
2026-10-09T13:53:22Z,8211,87
2026-10-09T13:53:23Z,8211,120
2026-10-09T13:53:24Z,8211,132
2026-10-09T13:53:25Z,8211,127
2026-10-09T13:53:26Z,8211,120
2026-10-09T13:53:27Z,8211,123
2026-10-09T13:53:28Z,8211,127
2026-10-09T13:53:29Z,8211,137
2026-10-09T13:53:30Z,8211,744
2026-10-09T13:53:31Z,8211,740
2026-10-09T13:53:32Z,8211,739
2026-10-09T13:53:33Z,8211,739
2026-10-09T13:53:34Z,8211,87
2026-10-09T13:53:35Z,8211,102
2026-10-09T13:53:36Z,8211,88
2026-10-09T13:53:37Z,8211,104
2026-10-09T13:53:38Z,8211,118
2026-10-09T13:53:39Z,8211,88
2026-10-09T13:53:40Z,8211,111
2026-10-09T13:53:41Z,8211,87
2026-10-09T13:53:42Z,8211,120
2026-10-09T13:53:43Z,8211,115
2026-10-09T13:53:44Z,8211,110
2026-10-09T13:53:45Z,8211,119
2026-10-09T13:53:46Z,8211,90
2026-10-09T13:53:47Z,8211,115
2026-10-09T13:53:48Z,8211,118
2026-10-09T13:53:49Z,8211,105
2026-10-09T13:53:50Z,8211,115
2026-10-09T13:53:51Z,8211,87
2026-10-09T13:53:52Z,8211,96
2026-10-09T13:53:53Z,8211,3724
2026-10-09T13:53:57Z,8211,799
2026-10-09T13:53:58Z,8211,88
2026-10-09T13:53:59Z,8211,108
2026-10-09T13:54:00Z,8211,108
2026-10-09T13:54:01Z,8211,105
2026-10-09T13:54:02Z,8211,127
2026-10-09T13:54:03Z,8211,634
2026-10-09T13:54:04Z,8211,134
2026-10-09T13:54:05Z,8211,104
2026-10-09T13:54:06Z,8211,87
2026-10-09T13:54:07Z,8211,89
2026-10-09T13:54:08Z,8211,94
2026-10-09T13:54:09Z,8211,87
2026-10-09T13:54:10Z,8211,87
2026-10-09T13:54:11Z,8211,91
2026-10-09T13:54:12Z,8211,124
2026-10-09T13:54:13Z,8211,95
2026-10-09T13:54:14Z,8211,110
2026-10-09T13:54:15Z,8211,118
2026-10-09T13:54:16Z,8211,94
2026-10-09T13:54:17Z,8211,109
2026-10-09T13:54:18Z,8211,122
2026-10-09T13:54:19Z,8211,114
2026-10-09T13:54:20Z,8211,106
2026-10-09T13:54:21Z,8211,94
2026-10-09T13:54:22Z,8211,108
2026-10-09T13:54:23Z,8211,167
2026-10-09T13:54:24Z,8211,179
2026-10-09T13:54:25Z,8211,204
2026-10-09T13:54:26Z,8211,145
2026-10-09T13:54:27Z,8211,168
2026-10-09T13:54:28Z,8211,159
2026-10-09T13:54:29Z,8211,166
2026-10-09T13:54:30Z,8211,187
2026-10-09T13:54:31Z,8211,140
2026-10-09T13:54:32Z,8211,168
2026-10-09T13:54:33Z,8211,158
2026-10-09T13:54:34Z,8211,170
2026-10-09T13:54:35Z,8211,165
2026-10-09T13:54:36Z,8211,111
2026-10-09T13:54:37Z,8211,126
2026-10-09T13:54:38Z,8211,161
2026-10-09T13:54:39Z,8211,157
2026-10-09T13:54:40Z,8211,165
2026-10-09T13:54:41Z,8211,122
2026-10-09T13:54:42Z,8211,3690
2026-10-09T13:54:46Z,8211,679
2026-10-09T13:54:47Z,8211,149
2026-10-09T13:54:48Z,8211,153
2026-10-09T13:54:49Z,8211,152
2026-10-09T13:54:50Z,8211,144
2026-10-09T13:54:51Z,8211,154
2026-10-09T13:54:52Z,8211,149
2026-10-09T13:54:53Z,8211,151
2026-10-09T13:54:54Z,8211,143
2026-10-09T13:54:55Z,8211,124
2026-10-09T13:54:56Z,8211,144
2026-10-09T13:54:57Z,8211,115
2026-10-09T13:54:58Z,8211,152
2026-10-09T13:54:59Z,8211,145
2026-10-09T13:55:00Z,8211,143
2026-10-09T13:55:01Z,8211,133
2026-10-09T13:55:02Z,8211,148
2026-10-09T13:55:03Z,8211,137
2026-10-09T13:55:04Z,8211,106
2026-10-09T13:55:05Z,8211,127
2026-10-09T13:55:06Z,8211,662
2026-10-09T13:55:07Z,8211,2662
2026-10-09T13:55:10Z,8211,660
2026-10-09T13:55:11Z,8211,109
2026-10-09T13:55:12Z,8211,659
2026-10-09T13:55:13Z,8211,2665
2026-10-09T13:55:16Z,8211,656
2026-10-09T13:55:17Z,8211,87
2026-10-09T13:55:18Z,8211,88
2026-10-09T13:55:19Z,8211,88
2026-10-09T13:55:20Z,8211,104
2026-10-09T13:55:21Z,8211,99
2026-10-09T13:55:22Z,8211,133
2026-10-09T13:55:23Z,8211,121
2026-10-09T13:55:24Z,8211,118
2026-10-09T13:55:25Z,8211,126
2026-10-09T13:55:26Z,8211,94
2026-10-09T13:55:27Z,8211,90
2026-10-09T13:55:28Z,8211,120
2026-10-09T13:55:29Z,8211,113
2026-10-09T13:55:30Z,8211,126
2026-10-09T13:55:31Z,8211,88
2026-10-09T13:55:32Z,8211,88
2026-10-09T13:55:33Z,8211,3641
2026-10-09T13:55:37Z,8211,640
2026-10-09T13:55:38Z,8211,288
2026-10-09T13:55:39Z,8211,3635
2026-10-09T13:55:43Z,8211,632
2026-10-09T13:55:44Z,8211,162
2026-10-09T13:55:45Z,8211,3632
2026-10-09T13:55:49Z,8211,629
2026-10-09T13:55:50Z,8211,180
2026-10-09T13:55:51Z,8211,3627
2026-10-09T13:55:55Z,8211,630
2026-10-09T13:55:56Z,8211,101
2026-10-09T13:55:57Z,8211,113
2026-10-09T13:55:58Z,8211,87
2026-10-09T13:55:59Z,8211,119
2026-10-09T13:56:00Z,8211,91
2026-10-09T13:56:01Z,8211,87
2026-10-09T13:56:02Z,8211,129
2026-10-09T13:56:03Z,8211,96
2026-10-09T13:56:04Z,8211,87
2026-10-09T13:56:05Z,8211,3615
2026-10-09T13:56:09Z,8211,124
2026-10-09T13:56:10Z,8211,118
2026-10-09T13:56:11Z,8211,87
2026-10-09T13:56:12Z,8211,117
2026-10-09T13:56:13Z,8211,112
2026-10-09T13:56:14Z,8211,106
2026-10-09T13:56:15Z,8211,117
2026-10-09T13:56:16Z,8211,88
2026-10-09T13:56:17Z,8211,103
2026-10-09T13:56:18Z,8211,127
2026-10-09T13:56:19Z,8211,107
2026-10-09T13:56:20Z,8211,87
2026-10-09T13:56:21Z,8211,87
2026-10-09T13:56:22Z,8211,87
2026-10-09T13:56:23Z,8211,87
2026-10-09T13:56:24Z,8211,87
2026-10-09T13:56:25Z,8211,100
2026-10-09T13:56:26Z,8211,129
2026-10-09T13:56:27Z,8211,106
2026-10-09T13:56:28Z,8211,112
2026-10-09T13:56:29Z,8211,102
2026-10-09T13:56:30Z,8211,112
2026-10-09T13:56:31Z,8211,87
2026-10-09T13:56:32Z,8211,112
2026-10-09T13:56:33Z,8211,120
2026-10-09T13:56:34Z,8211,102
2026-10-09T13:56:35Z,8211,123
2026-10-09T13:56:36Z,8211,87
2026-10-09T13:56:37Z,8211,103
2026-10-09T13:56:38Z,8211,124
2026-10-09T13:56:39Z,8211,118
2026-10-09T13:56:40Z,8211,122
2026-10-09T13:56:41Z,8211,88
2026-10-09T13:56:42Z,8211,88
2026-10-09T13:56:43Z,8211,124
2026-10-09T13:56:44Z,8211,93
2026-10-09T13:56:45Z,8211,3660
2026-10-09T13:56:49Z,8211,577
2026-10-09T13:56:50Z,8211,95
2026-10-09T13:56:51Z,8211,108
2026-10-09T13:56:52Z,8211,87
2026-10-09T13:56:53Z,8211,109
2026-10-09T13:56:54Z,8211,104
2026-10-09T13:56:55Z,8211,130
2026-10-09T13:56:56Z,8211,87
2026-10-09T13:56:57Z,8211,104
2026-10-09T13:56:58Z,8211,105
2026-10-09T13:56:59Z,8211,127
2026-10-09T13:57:00Z,8211,108
2026-10-09T13:57:01Z,8211,87
2026-10-09T13:57:02Z,8211,111
2026-10-09T13:57:03Z,8211,87
2026-10-09T13:57:04Z,8211,88
2026-10-09T13:57:05Z,8211,99
2026-10-09T13:57:06Z,8211,3563
2026-10-09T13:57:10Z,8211,558
2026-10-09T13:57:11Z,8211,86
2026-10-09T13:57:12Z,8211,102
2026-10-09T13:57:13Z,8211,127
2026-10-09T13:57:14Z,8211,109
2026-10-09T13:57:15Z,8211,117
2026-10-09T13:57:16Z,8211,87
2026-10-09T13:57:17Z,8211,98
2026-10-09T13:57:18Z,8211,2550
2026-10-09T13:57:21Z,8211,1549
2026-10-09T13:57:23Z,8211,88
2026-10-09T13:57:24Z,8211,109
2026-10-09T13:57:25Z,8211,122
2026-10-09T13:57:26Z,8211,87
2026-10-09T13:57:27Z,8211,111
2026-10-09T13:57:28Z,8211,87
2026-10-09T13:57:29Z,8211,117
2026-10-09T13:57:30Z,8211,103
2026-10-09T13:57:31Z,8211,87
2026-10-09T13:57:32Z,8211,107
2026-10-09T13:57:33Z,8211,99
2026-10-09T13:57:34Z,8211,107
2026-10-09T13:57:35Z,8211,103
2026-10-09T13:57:36Z,8211,88
2026-10-09T13:57:37Z,8211,104
2026-10-09T13:57:38Z,8211,89
2026-10-09T13:57:39Z,8211,87
2026-10-09T13:57:40Z,8211,135
2026-10-09T13:57:41Z,8211,87
2026-10-09T13:57:42Z,8211,110
2026-10-09T13:57:43Z,8211,114
2026-10-09T13:57:44Z,8211,87
2026-10-09T13:57:45Z,8211,87
2026-10-09T13:57:46Z,8211,118
2026-10-09T13:57:47Z,8211,126
2026-10-09T13:57:48Z,8211,87
2026-10-09T13:57:49Z,8211,127
2026-10-09T13:57:50Z,8211,123
2026-10-09T13:57:51Z,8211,88
2026-10-09T13:57:52Z,8211,88
2026-10-09T13:57:53Z,8211,92
2026-10-09T13:57:54Z,8211,129
2026-10-09T13:57:55Z,8211,130
2026-10-09T13:57:56Z,8211,87
2026-10-09T13:57:57Z,8211,110
2026-10-09T13:57:58Z,8211,104
2026-10-09T13:57:59Z,8211,115
2026-10-09T13:58:00Z,8211,108
2026-10-09T13:58:01Z,8211,87
2026-10-09T13:58:02Z,8211,114
2026-10-09T13:58:03Z,8211,106
2026-10-09T13:58:04Z,8211,87
2026-10-09T13:58:05Z,8211,107
2026-10-09T13:58:06Z,8211,87
2026-10-09T13:58:07Z,8211,110
2026-10-09T13:58:08Z,8211,105
2026-10-09T13:58:09Z,8211,111
2026-10-09T13:58:10Z,8211,127
2026-10-09T13:58:11Z,8211,88
2026-10-09T13:58:12Z,8211,112
2026-10-09T13:58:13Z,8211,110
2026-10-09T13:58:14Z,8211,91
2026-10-09T13:58:15Z,8211,110
2026-10-09T13:58:16Z,8211,88
2026-10-09T13:58:17Z,8211,88
2026-10-09T13:58:18Z,8211,121
2026-10-09T13:58:19Z,8211,108
2026-10-09T13:58:20Z,8211,88
2026-10-09T13:58:21Z,8211,87
2026-10-09T13:58:22Z,8211,88
2026-10-09T13:58:23Z,8211,126
2026-10-09T13:58:24Z,8211,118
2026-10-09T13:58:25Z,8211,126
2026-10-09T13:58:26Z,8211,87
2026-10-09T13:58:27Z,8211,88
2026-10-09T13:58:28Z,8211,87
2026-10-09T13:58:29Z,8211,132
2026-10-09T13:58:30Z,8211,87
2026-10-09T13:58:31Z,8211,87
2026-10-09T13:58:32Z,8211,118
2026-10-09T13:58:33Z,8211,112
2026-10-09T13:58:34Z,8211,106
2026-10-09T13:58:35Z,8211,117
2026-10-09T13:58:36Z,8211,87
2026-10-09T13:58:37Z,8211,103
2026-10-09T13:58:38Z,8211,129
2026-10-09T13:58:39Z,8211,115
2026-10-09T13:58:40Z,8211,108
2026-10-09T13:58:41Z,8211,87
2026-10-09T13:58:42Z,8211,123
2026-10-09T13:58:43Z,8211,131
2026-10-09T13:58:44Z,8211,111
2026-10-09T13:58:45Z,8211,102
2026-10-09T13:58:46Z,8211,92
2026-10-09T13:58:47Z,8211,103
2026-10-09T13:58:48Z,8211,111
2026-10-09T13:58:49Z,8211,88
2026-10-09T13:58:50Z,8211,99
2026-10-09T13:58:51Z,8211,88
2026-10-09T13:58:52Z,8211,130
2026-10-09T13:58:53Z,8211,87
2026-10-09T13:58:54Z,8211,88
2026-10-09T13:58:55Z,8211,126
2026-10-09T13:58:56Z,8211,87
2026-10-09T13:58:57Z,8211,125
2026-10-09T13:58:58Z,8211,117
2026-10-09T13:58:59Z,8211,113
2026-10-09T13:59:00Z,8211,121
2026-10-09T13:59:01Z,8211,87
2026-10-09T13:59:02Z,8211,111
2026-10-09T13:59:03Z,8211,116
2026-10-09T13:59:04Z,8211,87
2026-10-09T13:59:05Z,8211,109
2026-10-09T13:59:06Z,8211,88
2026-10-09T13:59:07Z,8211,114
2026-10-09T13:59:08Z,8211,122
2026-10-09T13:59:09Z,8211,130
2026-10-09T13:59:10Z,8211,105
2026-10-09T13:59:11Z,8211,88
2026-10-09T13:59:12Z,8211,87
2026-10-09T13:59:13Z,8211,108
2026-10-09T13:59:14Z,8211,105
2026-10-09T13:59:15Z,8211,99
2026-10-09T13:59:16Z,8211,87
2026-10-09T13:59:17Z,8211,118
2026-10-09T13:59:18Z,8211,113
2026-10-09T13:59:19Z,8211,100
2026-10-09T13:59:20Z,8211,111
2026-10-09T13:59:21Z,8211,87
2026-10-09T13:59:22Z,8211,112
2026-10-09T13:59:23Z,8211,106
2026-10-09T13:59:24Z,8211,119
2026-10-09T13:59:25Z,8211,126
2026-10-09T13:59:26Z,8211,88
2026-10-09T13:59:27Z,8211,130
2026-10-09T13:59:28Z,8211,107
2026-10-09T13:59:29Z,8211,118
2026-10-09T13:59:30Z,8211,126
2026-10-09T13:59:31Z,8211,87
2026-10-09T13:59:32Z,8211,119
2026-10-09T13:59:33Z,8211,113
2026-10-09T13:59:34Z,8211,112
2026-10-09T13:59:35Z,8211,106
2026-10-09T13:59:36Z,8211,88
2026-10-09T13:59:37Z,8211,117
2026-10-09T13:59:38Z,8211,108
2026-10-09T13:59:39Z,8211,116
2026-10-09T13:59:40Z,8211,110
2026-10-09T13:59:41Z,8211,87
2026-10-09T13:59:42Z,8211,111
2026-10-09T13:59:43Z,8211,102
2026-10-09T13:59:44Z,8211,111
2026-10-09T13:59:45Z,8211,107
2026-10-09T13:59:46Z,8211,88
2026-10-09T13:59:47Z,8211,105
2026-10-09T13:59:48Z,8211,104
2026-10-09T13:59:49Z,8211,123
2026-10-09T13:59:50Z,8211,105
2026-10-09T13:59:51Z,8211,88
2026-10-09T13:59:52Z,8211,111
2026-10-09T13:59:53Z,8211,121
2026-10-09T13:59:54Z,8211,130
2026-10-09T13:59:55Z,8211,109
2026-10-09T13:59:56Z,8211,87
2026-10-09T13:59:57Z,8211,127
2026-10-09T13:59:58Z,8211,124
2026-10-09T13:59:59Z,8211,121
2026-10-09T14:00:00Z,,fail
2026-10-09T14:00:57Z,8211,126
2026-10-09T14:00:58Z,8211,110
2026-10-09T14:00:59Z,8211,119
2026-10-09T14:01:00Z,8211,109
2026-10-09T14:01:01Z,8211,90
2026-10-09T14:01:02Z,8211,89
2026-10-09T14:01:03Z,8211,115
2026-10-09T14:01:04Z,8211,88
2026-10-09T14:01:05Z,8211,112
2026-10-09T14:01:06Z,8211,187
2026-10-09T14:01:07Z,8211,101
2026-10-09T14:01:08Z,8211,114
2026-10-09T14:01:09Z,8211,120
2026-10-09T14:01:10Z,8211,116
2026-10-09T14:01:11Z,8211,128
2026-10-09T14:01:12Z,8211,88
2026-10-09T14:01:13Z,8211,120
2026-10-09T14:01:14Z,8211,113
2026-10-09T14:01:15Z,8211,120
2026-10-09T14:01:16Z,8211,176
2026-10-09T14:01:17Z,8211,123
2026-10-09T14:01:18Z,8211,120
2026-10-09T14:01:19Z,8211,115
2026-10-09T14:01:20Z,8211,124
2026-10-09T14:01:21Z,8211,115
2026-10-09T14:01:22Z,8211,88
2026-10-09T14:01:23Z,8211,108
2026-10-09T14:01:24Z,8211,115
2026-10-09T14:01:25Z,8211,125
2026-10-09T14:01:26Z,8211,143
2026-10-09T14:01:27Z,8211,115
2026-10-09T14:01:28Z,8211,110
2026-10-09T14:01:29Z,8211,106
2026-10-09T14:01:30Z,8211,161
2026-10-09T14:01:31Z,8211,88
2026-10-09T14:01:32Z,8211,99
2026-10-09T14:01:33Z,8211,106
2026-10-09T14:01:34Z,8211,91
2026-10-09T14:01:35Z,8211,92
2026-10-09T14:01:36Z,8211,180
2026-10-09T14:01:37Z,8211,119
2026-10-09T14:01:38Z,8211,102
2026-10-09T14:01:39Z,8211,113
2026-10-09T14:01:40Z,8211,176
2026-10-09T14:01:41Z,8211,108
2026-10-09T14:01:42Z,8211,89
2026-10-09T14:01:43Z,8211,114
2026-10-09T14:01:44Z,8211,88
2026-10-09T14:01:45Z,8211,442
2026-10-09T14:01:46Z,8211,152
2026-10-09T14:01:47Z,8211,125
2026-10-09T14:01:48Z,8211,100
2026-10-09T14:01:49Z,8211,88
2026-10-09T14:01:50Z,8211,102
2026-10-09T14:01:51Z,8211,88
2026-10-09T14:01:52Z,8211,92
2026-10-09T14:01:53Z,8211,128
2026-10-09T14:01:54Z,8211,112
2026-10-09T14:01:55Z,8211,89
2026-10-09T14:01:56Z,8211,121
2026-10-09T14:01:57Z,8211,88
2026-10-09T14:01:58Z,8211,92
2026-10-09T14:01:59Z,8211,88
2026-10-09T14:02:00Z,8211,89
2026-10-09T14:02:01Z,8211,115
2026-10-09T14:02:02Z,8211,109
2026-10-09T14:02:03Z,8211,118
2026-10-09T14:02:04Z,8211,111
2026-10-09T14:02:05Z,8211,106
2026-10-09T14:02:06Z,8211,155
2026-10-09T14:02:07Z,8211,88
2026-10-09T14:02:08Z,8211,123
2026-10-09T14:02:09Z,8211,116
2026-10-09T14:02:10Z,8211,88
2026-10-09T14:02:11Z,8211,123
2026-10-09T14:02:12Z,8211,115
2026-10-09T14:02:13Z,8211,124
2026-10-09T14:02:14Z,8211,95
2026-10-09T14:02:15Z,8211,88
2026-10-09T14:02:16Z,8211,124
2026-10-09T14:02:17Z,8211,105
2026-10-09T14:02:18Z,8211,116
2026-10-09T14:02:19Z,8211,88
2026-10-09T14:02:20Z,8211,88
2026-10-09T14:02:21Z,8211,98
2026-10-09T14:02:22Z,8211,122
2026-10-09T14:02:23Z,8211,89
2026-10-09T14:02:24Z,8211,128
2026-10-09T14:02:25Z,8211,121
2026-10-09T14:02:26Z,8211,95
2026-10-09T14:02:27Z,8211,123
2026-10-09T14:02:28Z,8211,91
2026-10-09T14:02:29Z,8211,92
2026-10-09T14:02:30Z,8211,89
2026-10-09T14:02:31Z,8211,89
2026-10-09T14:02:32Z,8211,87
2026-10-09T14:02:33Z,8211,106
2026-10-09T14:02:34Z,8211,88
2026-10-09T14:02:35Z,8211,89
2026-10-09T14:02:36Z,8211,88
2026-10-09T14:02:37Z,8211,89
2026-10-09T14:02:38Z,8211,88
2026-10-09T14:02:39Z,8211,89
2026-10-09T14:02:40Z,8211,89
2026-10-09T14:02:41Z,8211,89
2026-10-09T14:02:42Z,8211,90
2026-10-09T14:02:43Z,8211,109
2026-10-09T14:02:44Z,8211,114
2026-10-09T14:02:45Z,8211,88
2026-10-09T14:02:46Z,8211,107
2026-10-09T14:02:47Z,8211,104
2026-10-09T14:02:48Z,8211,88
2026-10-09T14:02:49Z,8211,88
2026-10-09T14:02:50Z,8211,98
2026-10-09T14:02:51Z,8211,91
2026-10-09T14:02:52Z,8211,133
2026-10-09T14:02:53Z,8211,376
2026-10-09T14:02:54Z,8211,113
2026-10-09T14:02:55Z,8211,89
2026-10-09T14:02:56Z,8211,159
2026-10-09T14:02:57Z,8211,113
2026-10-09T14:02:58Z,8211,105
2026-10-09T14:02:59Z,8211,89
2026-10-09T14:03:00Z,8211,129
2026-10-09T14:03:01Z,8211,118
2026-10-09T14:03:02Z,8211,89
2026-10-09T14:03:03Z,8211,94
2026-10-09T14:03:04Z,8211,88
2026-10-09T14:03:05Z,8211,112
2026-10-09T14:03:06Z,8211,105
2026-10-09T14:03:07Z,8211,125
2026-10-09T14:03:08Z,8211,89
2026-10-09T14:03:09Z,8211,88
2026-10-09T14:03:10Z,8211,88
2026-10-09T14:03:11Z,8211,107
2026-10-09T14:03:12Z,8211,89
2026-10-09T14:03:13Z,8211,108
2026-10-09T14:03:14Z,8211,102
2026-10-09T14:03:15Z,8211,114
2026-10-09T14:03:16Z,8211,107
2026-10-09T14:03:17Z,8211,125
2026-10-09T14:03:18Z,8211,112
2026-10-09T14:03:19Z,8211,93
2026-10-09T14:03:20Z,8211,88
2026-10-09T14:03:21Z,8211,116
2026-10-09T14:03:22Z,8211,158
2026-10-09T14:03:23Z,8211,113
2026-10-09T14:03:24Z,8211,112
2026-10-09T14:03:25Z,8211,102
2026-10-09T14:03:26Z,8211,153
2026-10-09T14:03:27Z,8211,110
2026-10-09T14:03:28Z,8211,103
2026-10-09T14:03:29Z,8211,127
2026-10-09T14:03:30Z,8211,88
2026-10-09T14:03:31Z,8211,113
2026-10-09T14:03:32Z,8211,121
2026-10-09T14:03:33Z,8211,90
2026-10-09T14:03:34Z,8211,109
2026-10-09T14:03:35Z,8211,114
2026-10-09T14:03:36Z,8211,207
2026-10-09T14:03:37Z,8211,88
2026-10-09T14:03:38Z,8211,89
2026-10-09T14:03:39Z,8211,120
2026-10-09T14:03:40Z,8211,126
2026-10-09T14:03:41Z,8211,120
2026-10-09T14:03:42Z,8211,93
2026-10-09T14:03:43Z,8211,88
2026-10-09T14:03:44Z,8211,88
2026-10-09T14:03:45Z,8211,87
2026-10-09T14:03:46Z,8211,147
2026-10-09T14:03:47Z,8211,89
2026-10-09T14:03:48Z,8211,88
2026-10-09T14:03:49Z,8211,88
2026-10-09T14:03:50Z,8211,88
2026-10-09T14:03:51Z,8211,139
2026-10-09T14:03:52Z,8211,103
2026-10-09T14:03:53Z,8211,103
2026-10-09T14:03:54Z,8211,89
2026-10-09T14:03:55Z,8211,88
2026-10-09T14:03:56Z,8211,114
2026-10-09T14:03:57Z,8211,113
2026-10-09T14:03:58Z,8211,108
2026-10-09T14:03:59Z,8211,132
2026-10-09T14:04:00Z,8211,110
2026-10-09T14:04:01Z,8211,88
2026-10-09T14:04:02Z,8211,105
2026-10-09T14:04:03Z,8211,126
2026-10-09T14:04:04Z,8211,89
2026-10-09T14:04:05Z,8211,123
2026-10-09T14:04:06Z,8211,133
2026-10-09T14:04:07Z,8211,104
2026-10-09T14:04:08Z,8211,116
2026-10-09T14:04:09Z,8211,101
2026-10-09T14:04:10Z,8211,88
2026-10-09T14:04:11Z,8211,88
2026-10-09T14:04:12Z,8211,109
2026-10-09T14:04:13Z,8211,110
2026-10-09T14:04:14Z,8211,100
2026-10-09T14:04:15Z,8211,118
2026-10-09T14:04:16Z,8211,140
2026-10-09T14:04:17Z,8211,125
2026-10-09T14:04:18Z,8211,123
2026-10-09T14:04:19Z,8211,127
2026-10-09T14:04:20Z,8211,103
2026-10-09T14:04:21Z,8211,116
2026-10-09T14:04:22Z,8211,87
2026-10-09T14:04:23Z,8211,101
2026-10-09T14:04:24Z,8211,105
2026-10-09T14:04:25Z,8211,115
2026-10-09T14:04:26Z,8211,123
2026-10-09T14:04:27Z,8211,101
2026-10-09T14:04:28Z,8211,115
2026-10-09T14:04:29Z,8211,104
2026-10-09T14:04:30Z,8211,112
2026-10-09T14:04:31Z,8211,100
2026-10-09T14:04:32Z,8211,124
2026-10-09T14:04:33Z,8211,88
2026-10-09T14:04:34Z,8211,118
2026-10-09T14:04:35Z,8211,110
2026-10-09T14:04:36Z,8211,127
2026-10-09T14:04:37Z,8211,127
2026-10-09T14:04:38Z,8211,102
2026-10-09T14:04:39Z,8211,128
2026-10-09T14:04:40Z,8211,105
2026-10-09T14:04:41Z,8211,128
2026-10-09T14:04:42Z,8211,88
2026-10-09T14:04:43Z,8211,123
2026-10-09T14:04:44Z,8211,108
2026-10-09T14:04:45Z,8211,89
2026-10-09T14:04:46Z,8211,109
2026-10-09T14:04:47Z,8211,124
2026-10-09T14:04:48Z,8211,88
2026-10-09T14:04:49Z,8211,88
2026-10-09T14:04:50Z,8211,87
2026-10-09T14:04:51Z,8211,88
2026-10-09T14:04:52Z,8211,88
2026-10-09T14:04:53Z,8211,88
2026-10-09T14:04:54Z,8211,87
2026-10-09T14:04:55Z,8211,101
2026-10-09T14:04:56Z,8211,168
2026-10-09T14:04:57Z,8211,121
2026-10-09T14:04:58Z,8211,107
2026-10-09T14:04:59Z,8211,118
2026-10-09T14:05:00Z,8211,125
2026-10-09T14:05:01Z,8211,152
2026-10-09T14:05:02Z,8211,125
2026-10-09T14:05:03Z,8211,105
2026-10-09T14:05:04Z,8211,104
2026-10-09T14:05:05Z,8211,124
2026-10-09T14:05:06Z,8211,102
2026-10-09T14:05:07Z,8211,92
2026-10-09T14:05:08Z,8211,88
2026-10-09T14:05:09Z,8211,111
2026-10-09T14:05:10Z,8211,105
2026-10-09T14:05:11Z,8211,119
2026-10-09T14:05:12Z,8211,128
2026-10-09T14:05:13Z,8211,109
2026-10-09T14:05:14Z,8211,106
2026-10-09T14:05:15Z,8211,89
2026-10-09T14:05:16Z,8211,87
2026-10-09T14:05:17Z,8211,106
2026-10-09T14:05:18Z,8211,89
2026-10-09T14:05:19Z,8211,88
2026-10-09T14:05:20Z,8211,112
2026-10-09T14:05:21Z,8211,104
2026-10-09T14:05:22Z,8211,109
2026-10-09T14:05:23Z,8211,88
2026-10-09T14:05:24Z,8211,112
2026-10-09T14:05:25Z,8211,107
2026-10-09T14:05:26Z,8211,106
2026-10-09T14:05:27Z,8211,111
2026-10-09T14:05:28Z,8211,87
2026-10-09T14:05:29Z,8211,88
2026-10-09T14:05:30Z,8211,88
2026-10-09T14:05:31Z,8211,130
2026-10-09T14:05:32Z,8211,103
2026-10-09T14:05:33Z,8211,125
2026-10-09T14:05:34Z,8211,115
2026-10-09T14:05:35Z,8211,114
2026-10-09T14:05:36Z,8211,152
2026-10-09T14:05:37Z,8211,116
2026-10-09T14:05:38Z,8211,113
2026-10-09T14:05:39Z,8211,112
2026-10-09T14:05:40Z,8211,120
2026-10-09T14:05:41Z,8211,115
2026-10-09T14:05:42Z,8211,107
2026-10-09T14:05:43Z,8211,121
2026-10-09T14:05:44Z,8211,89
2026-10-09T14:05:45Z,8211,88
2026-10-09T14:05:46Z,8211,107
2026-10-09T14:05:47Z,8211,88
2026-10-09T14:05:48Z,8211,118
2026-10-09T14:05:49Z,8211,105
2026-10-09T14:05:50Z,8211,101
2026-10-09T14:05:51Z,8211,88
2026-10-09T14:05:52Z,8211,109
2026-10-09T14:05:53Z,8211,112
2026-10-09T14:05:54Z,8211,103
2026-10-09T14:05:55Z,8211,88
2026-10-09T14:05:56Z,8211,98
2026-10-09T14:05:57Z,8211,96
2026-10-09T14:05:58Z,8211,92
2026-10-09T14:05:59Z,8211,89
2026-10-09T14:06:00Z,8211,114
2026-10-09T14:06:01Z,8211,105
2026-10-09T14:06:02Z,8211,91
2026-10-09T14:06:03Z,8211,127
2026-10-09T14:06:04Z,8211,89
2026-10-09T14:06:05Z,8211,115
2026-10-09T14:06:06Z,8211,137
2026-10-09T14:06:07Z,8211,88
2026-10-09T14:06:08Z,8211,88
2026-10-09T14:06:09Z,8211,118
2026-10-09T14:06:10Z,8211,120
2026-10-09T14:06:11Z,8211,110
2026-10-09T14:06:12Z,8211,122
2026-10-09T14:06:13Z,8211,112
2026-10-09T14:06:14Z,8211,105
2026-10-09T14:06:15Z,8211,112
2026-10-09T14:06:16Z,8211,124
2026-10-09T14:06:17Z,8211,93
2026-10-09T14:06:18Z,8211,92
2026-10-09T14:06:19Z,8211,92
2026-10-09T14:06:20Z,8211,112
2026-10-09T14:06:21Z,8211,105
2026-10-09T14:06:22Z,8211,163
2026-10-09T14:06:23Z,8211,111
2026-10-09T14:06:24Z,8211,132
2026-10-09T14:06:25Z,8211,170
2026-10-09T14:06:26Z,8211,219
2026-10-09T14:06:27Z,8211,163
2026-10-09T14:06:28Z,8211,95
2026-10-09T14:06:29Z,8211,143
2026-10-09T14:06:30Z,8211,161
2026-10-09T14:06:31Z,8211,170
2026-10-09T14:06:32Z,8211,164
2026-10-09T14:06:33Z,8211,159
2026-10-09T14:06:34Z,8211,127
2026-10-09T14:06:35Z,8211,159
2026-10-09T14:06:36Z,8211,183
2026-10-09T14:06:37Z,8211,150
2026-10-09T14:06:38Z,8211,89
2026-10-09T14:06:39Z,8211,93
2026-10-09T14:06:40Z,8211,153
2026-10-09T14:06:41Z,8211,156
2026-10-09T14:06:42Z,8211,150
2026-10-09T14:06:43Z,8211,157
2026-10-09T14:06:44Z,8211,154
2026-10-09T14:06:45Z,8211,147
2026-10-09T14:06:46Z,8211,203
2026-10-09T14:06:47Z,8211,88
2026-10-09T14:06:48Z,8211,116
2026-10-09T14:06:49Z,8211,130
2026-10-09T14:06:50Z,8211,118
2026-10-09T14:06:51Z,8211,140
2026-10-09T14:06:52Z,8211,148
2026-10-09T14:06:53Z,8211,147
2026-10-09T14:06:54Z,8211,143
2026-10-09T14:06:55Z,8211,165
2026-10-09T14:06:56Z,8211,200
2026-10-09T14:06:57Z,8211,143
2026-10-09T14:06:58Z,8211,88
2026-10-09T14:06:59Z,8211,88
2026-10-09T14:07:00Z,8211,119
2026-10-09T14:07:01Z,8211,91
2026-10-09T14:07:02Z,8211,118
2026-10-09T14:07:03Z,8211,106
2026-10-09T14:07:04Z,8211,140
2026-10-09T14:07:05Z,8211,137
2026-10-09T14:07:06Z,8211,146
2026-10-09T14:07:07Z,8211,168
2026-10-09T14:07:08Z,8211,90
2026-10-09T14:07:09Z,8211,104
2026-10-09T14:07:10Z,8211,112
2026-10-09T14:07:11Z,8211,105
2026-10-09T14:07:12Z,8211,137
2026-10-09T14:07:13Z,8211,149
2026-10-09T14:07:14Z,8211,131
2026-10-09T14:07:15Z,8211,125
2026-10-09T14:07:16Z,8211,131
2026-10-09T14:07:17Z,8211,126
2026-10-09T14:07:18Z,8211,145
2026-10-09T14:07:19Z,8211,87
2026-10-09T14:07:20Z,8211,128
2026-10-09T14:07:21Z,8211,122
2026-10-09T14:07:22Z,8211,129
2026-10-09T14:07:23Z,8211,124
2026-10-09T14:07:24Z,8211,113
2026-10-09T14:07:25Z,8211,116
2026-10-09T14:07:26Z,8211,112
2026-10-09T14:07:27Z,8211,91
2026-10-09T14:07:28Z,8211,111
2026-10-09T14:07:29Z,8211,121
2026-10-09T14:07:30Z,8211,114
2026-10-09T14:07:31Z,8211,107
2026-10-09T14:07:32Z,8211,88
2026-10-09T14:07:33Z,8211,88
2026-10-09T14:07:34Z,8211,88
2026-10-09T14:07:35Z,8211,107
2026-10-09T14:07:36Z,8211,140
2026-10-09T14:07:37Z,8211,108
2026-10-09T14:07:38Z,8211,103
2026-10-09T14:07:39Z,8211,119
2026-10-09T14:07:40Z,8211,87
2026-10-09T14:07:41Z,8211,88
2026-10-09T14:07:42Z,8211,101
2026-10-09T14:07:43Z,8211,109
2026-10-09T14:07:44Z,8211,114
2026-10-09T14:07:45Z,8211,111
2026-10-09T14:07:46Z,8211,150
2026-10-09T14:07:47Z,8211,116
2026-10-09T14:07:48Z,8211,110
2026-10-09T14:07:49Z,8211,104
2026-10-09T14:07:50Z,8211,117
2026-10-09T14:07:51Z,8211,127
2026-10-09T14:07:52Z,8211,122
2026-10-09T14:07:53Z,8211,130
2026-10-09T14:07:54Z,8211,126
2026-10-09T14:07:55Z,8211,117
2026-10-09T14:07:56Z,8211,145
2026-10-09T14:07:57Z,8211,130
2026-10-09T14:07:58Z,8211,105
2026-10-09T14:07:59Z,8211,91
2026-10-09T14:08:00Z,8211,89
2026-10-09T14:08:01Z,8211,88
2026-10-09T14:08:02Z,8211,117
2026-10-09T14:08:03Z,8211,112
2026-10-09T14:08:04Z,8211,97
2026-10-09T14:08:05Z,8211,101
2026-10-09T14:08:06Z,8211,88
2026-10-09T14:08:07Z,8211,88
2026-10-09T14:08:08Z,8211,121
2026-10-09T14:08:09Z,8211,88
2026-10-09T14:08:10Z,8211,88
2026-10-09T14:08:11Z,8211,88
2026-10-09T14:08:12Z,8211,88
2026-10-09T14:08:13Z,8211,129
2026-10-09T14:08:14Z,8211,102
2026-10-09T14:08:15Z,8211,112
2026-10-09T14:08:16Z,8211,142
2026-10-09T14:08:17Z,8211,116
2026-10-09T14:08:18Z,8211,106
2026-10-09T14:08:19Z,8211,102
2026-10-09T14:08:20Z,8211,108
2026-10-09T14:08:21Z,8211,104
2026-10-09T14:08:22Z,8211,100
2026-10-09T14:08:23Z,8211,88
2026-10-09T14:08:24Z,8211,108
2026-10-09T14:08:25Z,8211,128
2026-10-09T14:08:26Z,8211,102
2026-10-09T14:08:27Z,8211,160
2026-10-09T14:08:28Z,8211,114
2026-10-09T14:08:29Z,8211,123
2026-10-09T14:08:30Z,8211,126
2026-10-09T14:08:31Z,8211,122
2026-10-09T14:08:32Z,8211,119
2026-10-09T14:08:33Z,8211,109
2026-10-09T14:08:34Z,8211,119
2026-10-09T14:08:35Z,8211,112
2026-10-09T14:08:36Z,8211,94
2026-10-09T14:08:37Z,8211,102
2026-10-09T14:08:38Z,8211,113
2026-10-09T14:08:39Z,8211,115
2026-10-09T14:08:40Z,8211,110
2026-10-09T14:08:41Z,8211,108
2026-10-09T14:08:42Z,8211,130
2026-10-09T14:08:43Z,8211,109
2026-10-09T14:08:44Z,8211,111
2026-10-09T14:08:45Z,8211,103
2026-10-09T14:08:46Z,8211,183
2026-10-09T14:08:47Z,8211,106
2026-10-09T14:08:48Z,8211,100
2026-10-09T14:08:49Z,8211,113
2026-10-09T14:08:50Z,8211,101
2026-10-09T14:08:51Z,8211,115
2026-10-09T14:08:52Z,8211,113
2026-10-09T14:08:53Z,8211,123
2026-10-09T14:08:54Z,8211,113
2026-10-09T14:08:55Z,8211,109
2026-10-09T14:08:56Z,8211,174
2026-10-09T14:08:57Z,8211,123
2026-10-09T14:08:58Z,8211,125
2026-10-09T14:08:59Z,8211,121
2026-10-09T14:09:00Z,8211,111
2026-10-09T14:09:01Z,8211,123
2026-10-09T14:09:02Z,8211,118
2026-10-09T14:09:03Z,8211,128
2026-10-09T14:09:04Z,8211,121
2026-10-09T14:09:05Z,8211,136
2026-10-09T14:09:06Z,8211,210
2026-10-09T14:09:07Z,8211,105
2026-10-09T14:09:08Z,8211,113
2026-10-09T14:09:09Z,8211,89
2026-10-09T14:09:10Z,8211,88
2026-10-09T14:09:11Z,8211,88
2026-10-09T14:09:12Z,8211,88
2026-10-09T14:09:13Z,8211,88
2026-10-09T14:09:14Z,8211,113
2026-10-09T14:09:15Z,8211,103
2026-10-09T14:09:16Z,8211,164
2026-10-09T14:09:17Z,8211,113
2026-10-09T14:09:18Z,8211,87
2026-10-09T14:09:19Z,8211,101
2026-10-09T14:09:20Z,8211,98
2026-10-09T14:09:21Z,8211,111
2026-10-09T14:09:22Z,8211,109
2026-10-09T14:09:23Z,8211,102
2026-10-09T14:09:24Z,8211,89
2026-10-09T14:09:25Z,8211,123
2026-10-09T14:09:26Z,8211,160
2026-10-09T14:09:27Z,8211,110
2026-10-09T14:09:28Z,8211,103
2026-10-09T14:09:29Z,8211,109
2026-10-09T14:09:30Z,8211,104
2026-10-09T14:09:31Z,8211,109
2026-10-09T14:09:32Z,8211,126
2026-10-09T14:09:33Z,8211,127
2026-10-09T14:09:34Z,8211,119
2026-10-09T14:09:35Z,8211,125
2026-10-09T14:09:36Z,8211,171
2026-10-09T14:09:37Z,8211,116
2026-10-09T14:09:38Z,8211,125
2026-10-09T14:09:39Z,8211,114
2026-10-09T14:09:40Z,8211,110
2026-10-09T14:09:41Z,8211,120
2026-10-09T14:09:42Z,8211,121
2026-10-09T14:09:43Z,8211,118
2026-10-09T14:09:44Z,8211,107
2026-10-09T14:09:45Z,8211,120
2026-10-09T14:09:46Z,8211,157
2026-10-09T14:09:47Z,8211,120
2026-10-09T14:09:48Z,8211,88
2026-10-09T14:09:49Z,8211,109
2026-10-09T14:09:50Z,8211,106
2026-10-09T14:09:51Z,8211,127
2026-10-09T14:09:52Z,8211,108
2026-10-09T14:09:53Z,8211,104
2026-10-09T14:09:54Z,8211,88
2026-10-09T14:09:55Z,8211,106
2026-10-09T14:09:56Z,8211,135
2026-10-09T14:09:57Z,8211,104
2026-10-09T14:09:58Z,8211,123
2026-10-09T14:09:59Z,8211,115
2026-10-09T14:10:00Z,8211,111
2026-10-09T14:10:01Z,8211,100
2026-10-09T14:10:02Z,8211,108
2026-10-09T14:10:03Z,8211,135
2026-10-09T14:10:04Z,8211,88
2026-10-09T14:10:05Z,8211,120
2026-10-09T14:10:06Z,8211,138
2026-10-09T14:10:07Z,8211,123
2026-10-09T14:10:08Z,8211,119
2026-10-09T14:10:09Z,8211,110
2026-10-09T14:10:10Z,8211,119
2026-10-09T14:10:11Z,8211,108
2026-10-09T14:10:12Z,8211,89
2026-10-09T14:10:13Z,8211,88
2026-10-09T14:10:14Z,8211,108
2026-10-09T14:10:15Z,8211,121
2026-10-09T14:10:16Z,8211,164
2026-10-09T14:10:17Z,8211,118
2026-10-09T14:10:18Z,8211,109
2026-10-09T14:10:19Z,8211,115
2026-10-09T14:10:20Z,8211,112
2026-10-09T14:10:21Z,8211,149
2026-10-09T14:10:22Z,8211,111
2026-10-09T14:10:23Z,8211,116
2026-10-09T14:10:24Z,8211,125
2026-10-09T14:10:25Z,8211,106
2026-10-09T14:10:26Z,8211,105
2026-10-09T14:10:27Z,8211,108
2026-10-09T14:10:28Z,8211,114
2026-10-09T14:10:29Z,8211,124
2026-10-09T14:10:30Z,8211,87
2026-10-09T14:10:31Z,8211,111
2026-10-09T14:10:32Z,8211,121
2026-10-09T14:10:33Z,8211,89
2026-10-09T14:10:34Z,8211,106
2026-10-09T14:10:35Z,8211,113
2026-10-09T14:10:36Z,8211,112
2026-10-09T14:10:37Z,8211,121
2026-10-09T14:10:38Z,8211,113
2026-10-09T14:10:39Z,8211,124
2026-10-09T14:10:40Z,8211,119
2026-10-09T14:10:41Z,8211,111
2026-10-09T14:10:42Z,8211,117
2026-10-09T14:10:43Z,8211,124
2026-10-09T14:10:44Z,8211,107
2026-10-09T14:10:45Z,8211,118
2026-10-09T14:10:46Z,8211,114
2026-10-09T14:10:47Z,8211,122
2026-10-09T14:10:48Z,8211,114
2026-10-09T14:10:49Z,8211,120
2026-10-09T14:10:50Z,8211,116
2026-10-09T14:10:51Z,8211,88
2026-10-09T14:10:52Z,8211,135
2026-10-09T14:10:53Z,8211,116
2026-10-09T14:10:54Z,8211,107
2026-10-09T14:10:55Z,8211,113
2026-10-09T14:10:56Z,8211,104
2026-10-09T14:10:57Z,8211,112
2026-10-09T14:10:58Z,8211,112
2026-10-09T14:10:59Z,8211,90
2026-10-09T14:11:00Z,8211,125
2026-10-09T14:11:01Z,8211,105
2026-10-09T14:11:02Z,8211,89
2026-10-09T14:11:03Z,8211,122
2026-10-09T14:11:04Z,8211,112
2026-10-09T14:11:05Z,8211,108
2026-10-09T14:11:06Z,8211,116
2026-10-09T14:11:07Z,8211,108
2026-10-09T14:11:08Z,8211,114
2026-10-09T14:11:09Z,8211,109
2026-10-09T14:11:10Z,8211,89
2026-10-09T14:11:11Z,8211,133
2026-10-09T14:11:12Z,8211,129
2026-10-09T14:11:13Z,8211,88
2026-10-09T14:11:14Z,8211,131
2026-10-09T14:11:15Z,8211,126
2026-10-09T14:11:16Z,8211,106
2026-10-09T14:11:17Z,8211,115
2026-10-09T14:11:18Z,8211,106
2026-10-09T14:11:19Z,8211,141
2026-10-09T14:11:20Z,8211,122
2026-10-09T14:11:21Z,8211,114
2026-10-09T14:11:22Z,8211,110
2026-10-09T14:11:23Z,8211,117
2026-10-09T14:11:24Z,8211,109
2026-10-09T14:11:25Z,8211,116
2026-10-09T14:11:26Z,8211,123
2026-10-09T14:11:27Z,8211,134
2026-10-09T14:11:28Z,8211,117
2026-10-09T14:11:29Z,8211,106
2026-10-09T14:11:30Z,8211,105
2026-10-09T14:11:31Z,8211,118
2026-10-09T14:11:32Z,8211,102
2026-10-09T14:11:33Z,8211,88
2026-10-09T14:11:34Z,8211,102
2026-10-09T14:11:35Z,8211,121
2026-10-09T14:11:36Z,8211,113
2026-10-09T14:11:37Z,8211,109
2026-10-09T14:11:38Z,8211,101
2026-10-09T14:11:39Z,8211,113
2026-10-09T14:11:40Z,8211,138
2026-10-09T14:11:41Z,8211,103
2026-10-09T14:11:42Z,8211,113
2026-10-09T14:11:43Z,8211,110
2026-10-09T14:11:44Z,8211,119
2026-10-09T14:11:45Z,8211,128
2026-10-09T14:11:46Z,8211,126
2026-10-09T14:11:47Z,8211,103
2026-10-09T14:11:48Z,8211,113
2026-10-09T14:11:49Z,8211,110
2026-10-09T14:11:50Z,8211,115
2026-10-09T14:11:51Z,8211,126
2026-10-09T14:11:52Z,8211,122
2026-10-09T14:11:53Z,8211,94
2026-10-09T14:11:54Z,8211,87
2026-10-09T14:11:55Z,8211,88
2026-10-09T14:11:56Z,8211,119
2026-10-09T14:11:57Z,8211,110
2026-10-09T14:11:58Z,8211,119
2026-10-09T14:11:59Z,8211,118
2026-10-09T14:12:00Z,8211,120
2026-10-09T14:12:01Z,8211,121
2026-10-09T14:12:02Z,8211,113
2026-10-09T14:12:03Z,8211,88
2026-10-09T14:12:04Z,8211,87
2026-10-09T14:12:05Z,8211,87
2026-10-09T14:12:06Z,8211,101
2026-10-09T14:12:07Z,8211,108
2026-10-09T14:12:08Z,8211,88
2026-10-09T14:12:09Z,8211,881
2026-10-09T14:12:10Z,8211,88
2026-10-09T14:12:11Z,8211,103
2026-10-09T14:12:12Z,8211,88
2026-10-09T14:12:13Z,8211,879
2026-10-09T14:12:14Z,8211,88
2026-10-09T14:12:15Z,8211,111
2026-10-09T14:12:16Z,8211,93
2026-10-09T14:12:17Z,8211,88
2026-10-09T14:12:18Z,8211,103
2026-10-09T14:12:19Z,8211,88
2026-10-09T14:12:20Z,8211,91
2026-10-09T14:12:21Z,8211,129
2026-10-09T14:12:22Z,8211,88
2026-10-09T14:12:23Z,8211,90
2026-10-09T14:12:24Z,8211,129
2026-10-09T14:12:25Z,8211,88
2026-10-09T14:12:26Z,8211,88
2026-10-09T14:12:27Z,8211,126
2026-10-09T14:12:28Z,8211,120
2026-10-09T14:12:29Z,8211,108
2026-10-09T14:12:30Z,8211,88
2026-10-09T14:12:31Z,8211,114
2026-10-09T14:12:32Z,8211,88
2026-10-09T14:12:33Z,8211,114
2026-10-09T14:12:34Z,8211,87
2026-10-09T14:12:35Z,8211,87
2026-10-09T14:12:36Z,8211,112
2026-10-09T14:12:37Z,8211,110
2026-10-09T14:12:38Z,8211,87
2026-10-09T14:12:39Z,8211,89
2026-10-09T14:12:40Z,8211,106
2026-10-09T14:12:41Z,8211,88
2026-10-09T14:12:42Z,8211,88
2026-10-09T14:12:43Z,8211,104
2026-10-09T14:12:44Z,8211,89
2026-10-09T14:12:45Z,8211,90
2026-10-09T14:12:46Z,8211,850
2026-10-09T14:12:47Z,8211,89
2026-10-09T14:12:48Z,8211,88
2026-10-09T14:12:49Z,8211,93
2026-10-09T14:12:51Z,8211,89
2026-10-09T14:12:52Z,8211,93
2026-10-09T14:12:53Z,8211,113
2026-10-09T14:12:54Z,8211,122
2026-10-09T14:12:55Z,8211,98
2026-10-09T14:12:56Z,8211,89
2026-10-09T14:12:57Z,8211,133
2026-10-09T14:12:58Z,8211,124
2026-10-09T14:12:59Z,8211,89
2026-10-09T14:13:00Z,8211,88
2026-10-09T14:13:01Z,8211,88
2026-10-09T14:13:02Z,8211,114
2026-10-09T14:13:03Z,8211,88
2026-10-09T14:13:04Z,8211,88
2026-10-09T14:13:05Z,8211,89
2026-10-09T14:13:06Z,8211,101
2026-10-09T14:13:07Z,8211,88
2026-10-09T14:13:08Z,8211,112
2026-10-09T14:13:09Z,8211,88
2026-10-09T14:13:10Z,8211,88
2026-10-09T14:13:11Z,8211,90
2026-10-09T14:13:12Z,8211,108
2026-10-09T14:13:13Z,8211,88
2026-10-09T14:13:14Z,8211,89
2026-10-09T14:13:15Z,8211,107
2026-10-09T14:13:16Z,8211,88
2026-10-09T14:13:17Z,8211,824
2026-10-09T14:13:18Z,8211,87
2026-10-09T14:13:19Z,8211,1824
2026-10-09T14:13:21Z,8211,821
2026-10-09T14:13:22Z,8211,822
2026-10-09T14:13:23Z,8211,821
2026-10-09T14:13:24Z,8211,821
2026-10-09T14:13:25Z,8211,94
2026-10-09T14:13:26Z,8211,822
2026-10-09T14:13:27Z,8211,97
2026-10-09T14:13:28Z,8211,97
2026-10-09T14:13:29Z,8211,88
2026-10-09T14:13:30Z,8211,88
2026-10-09T14:13:31Z,8211,88
2026-10-09T14:13:32Z,8211,87
2026-10-09T14:13:33Z,8211,89
2026-10-09T14:13:34Z,8211,88
2026-10-09T14:13:35Z,8211,88
2026-10-09T14:13:36Z,8211,101
2026-10-09T14:13:37Z,8211,114
2026-10-09T14:13:38Z,8211,88
2026-10-09T14:13:39Z,8211,88
2026-10-09T14:13:40Z,8211,89
2026-10-09T14:13:41Z,8211,147
2026-10-09T14:13:42Z,8211,89
2026-10-09T14:13:43Z,8211,88
2026-10-09T14:13:44Z,8211,88
2026-10-09T14:13:45Z,8211,88
2026-10-09T14:13:46Z,8211,107
2026-10-09T14:13:47Z,8211,118
2026-10-09T14:13:48Z,8211,108
2026-10-09T14:13:49Z,8211,118
2026-10-09T14:13:50Z,8211,88
2026-10-09T14:13:51Z,8211,101
2026-10-09T14:13:52Z,8211,88
2026-10-09T14:13:53Z,8211,116
2026-10-09T14:13:54Z,8211,113
2026-10-09T14:13:55Z,8211,103
2026-10-09T14:13:56Z,8211,110
2026-10-09T14:13:57Z,8211,106
2026-10-09T14:13:58Z,8211,98
2026-10-09T14:13:59Z,8211,88
2026-10-09T14:14:00Z,8211,88
2026-10-09T14:14:01Z,8211,102
2026-10-09T14:14:02Z,8211,110
2026-10-09T14:14:03Z,8211,104
2026-10-09T14:14:04Z,8211,112
2026-10-09T14:14:05Z,8211,107
2026-10-09T14:14:06Z,8211,150
2026-10-09T14:14:07Z,8211,87
2026-10-09T14:14:08Z,8211,87
2026-10-09T14:14:09Z,8211,88
2026-10-09T14:14:10Z,8211,124
2026-10-09T14:14:11Z,8211,128
2026-10-09T14:14:12Z,8211,123
2026-10-09T14:14:13Z,8211,112
2026-10-09T14:14:14Z,8211,120
2026-10-09T14:14:15Z,8211,88
2026-10-09T14:14:16Z,8211,119
2026-10-09T14:14:17Z,8211,129
2026-10-09T14:14:18Z,8211,97
2026-10-09T14:14:19Z,8211,97
2026-10-09T14:14:20Z,8211,112
2026-10-09T14:14:21Z,8211,105
2026-10-09T14:14:22Z,8211,130
2026-10-09T14:14:23Z,8211,108
2026-10-09T14:14:24Z,8211,116
2026-10-09T14:14:25Z,8211,106
2026-10-09T14:14:26Z,8211,107
2026-10-09T14:14:27Z,8211,129
2026-10-09T14:14:28Z,8211,88
2026-10-09T14:14:29Z,8211,88
2026-10-09T14:14:30Z,8211,104
2026-10-09T14:14:31Z,8211,124
2026-10-09T14:14:32Z,8211,104
2026-10-09T14:14:33Z,8211,112
2026-10-09T14:14:34Z,8211,107
2026-10-09T14:14:35Z,8211,103
2026-10-09T14:14:36Z,8211,88
2026-10-09T14:14:37Z,8211,105
2026-10-09T14:14:38Z,8211,87
2026-10-09T14:14:39Z,8211,90
2026-10-09T14:14:40Z,8211,91
2026-10-09T14:14:41Z,8211,131
2026-10-09T14:14:42Z,8211,99
2026-10-09T14:14:43Z,8211,87
2026-10-09T14:14:44Z,8211,88
2026-10-09T14:14:45Z,8211,90
2026-10-09T14:14:46Z,8211,118
2026-10-09T14:14:47Z,8211,110
2026-10-09T14:14:48Z,8211,120
2026-10-09T14:14:49Z,8211,89
2026-10-09T14:14:50Z,8211,122
2026-10-09T14:14:51Z,8211,112
2026-10-09T14:14:52Z,8211,123
2026-10-09T14:14:53Z,8211,118
2026-10-09T14:14:54Z,8211,113
2026-10-09T14:14:55Z,8211,106
2026-10-09T14:14:56Z,8211,89
2026-10-09T14:14:57Z,8211,88
2026-10-09T14:14:58Z,8211,88
2026-10-09T14:14:59Z,8211,110
2026-10-09T14:15:00Z,8211,117
2026-10-09T14:15:01Z,8211,122
2026-10-09T14:15:02Z,8211,121
2026-10-09T14:15:03Z,8211,119
2026-10-09T14:15:04Z,8211,113
2026-10-09T14:15:05Z,8211,92
2026-10-09T14:15:06Z,8211,126
2026-10-09T14:15:07Z,8211,88
2026-10-09T14:15:08Z,8211,91
2026-10-09T14:15:09Z,8211,88
2026-10-09T14:15:10Z,8211,103
2026-10-09T14:15:11Z,8211,88
2026-10-09T14:15:12Z,8211,110
2026-10-09T14:15:13Z,8211,108
2026-10-09T14:15:14Z,8211,89
2026-10-09T14:15:15Z,8211,126
2026-10-09T14:15:16Z,8211,106
2026-10-09T14:15:17Z,8211,88
2026-10-09T14:15:18Z,8211,94
2026-10-09T14:15:19Z,8211,88
2026-10-09T14:15:20Z,8211,101
2026-10-09T14:15:21Z,8211,117
2026-10-09T14:15:22Z,8211,125
2026-10-09T14:15:23Z,8211,88
2026-10-09T14:15:24Z,8211,97
2026-10-09T14:15:25Z,8211,89
2026-10-09T14:15:26Z,8211,111
2026-10-09T14:15:27Z,8211,96
2026-10-09T14:15:28Z,8211,108
2026-10-09T14:15:29Z,8211,96
2026-10-09T14:15:30Z,8211,91
2026-10-09T14:15:31Z,8211,94
2026-10-09T14:15:32Z,8211,94
2026-10-09T14:15:33Z,8211,155
2026-10-09T14:15:34Z,8211,89
2026-10-09T14:15:35Z,8211,102
2026-10-09T14:15:36Z,8211,133
2026-10-09T14:15:37Z,8211,175
2026-10-09T14:15:38Z,8211,92
2026-10-09T14:15:39Z,8211,149
2026-10-09T14:15:40Z,8211,162
2026-10-09T14:15:41Z,8211,159
2026-10-09T14:15:42Z,8211,153
2026-10-09T14:15:43Z,8211,160
2026-10-09T14:15:44Z,8211,156
2026-10-09T14:15:45Z,8211,166
2026-10-09T14:15:46Z,8211,134
2026-10-09T14:15:47Z,8211,90
2026-10-09T14:15:48Z,8211,88
2026-10-09T14:15:49Z,8211,151
2026-10-09T14:15:50Z,8211,139
2026-10-09T14:15:51Z,8211,88
2026-10-09T14:15:52Z,8211,137
2026-10-09T14:15:53Z,8211,153
2026-10-09T14:15:54Z,8211,160
2026-10-09T14:15:55Z,8211,121
2026-10-09T14:15:56Z,8211,148
2026-10-09T14:15:57Z,8211,157
2026-10-09T14:15:58Z,8211,89
2026-10-09T14:15:59Z,8211,108
2026-10-09T14:16:00Z,8211,146
2026-10-09T14:16:01Z,8211,171
2026-10-09T14:16:02Z,8211,149
2026-10-09T14:16:03Z,8211,143
2026-10-09T14:16:05Z,8211,928
2026-10-09T14:16:06Z,8211,130
2026-10-09T14:16:07Z,8211,88
2026-10-09T14:16:08Z,8211,109
2026-10-09T14:16:09Z,8211,122
2026-10-09T14:16:10Z,8211,129
2026-10-09T14:16:11Z,8211,107
2026-10-09T14:16:12Z,8211,122
2026-10-09T14:16:13Z,8211,120
2026-10-09T14:16:14Z,8211,116
2026-10-09T14:16:15Z,8211,88
2026-10-09T14:16:16Z,8211,117
2026-10-09T14:16:17Z,8211,89
2026-10-09T14:16:18Z,8211,89
2026-10-09T14:16:19Z,8211,102
2026-10-09T14:16:20Z,8211,88
2026-10-09T14:16:21Z,8211,237
2026-10-09T14:16:22Z,8211,129
2026-10-09T14:16:23Z,8211,122
2026-10-09T14:16:24Z,8211,95
2026-10-09T14:16:25Z,8211,95
2026-10-09T14:16:26Z,8211,101
2026-10-09T14:16:27Z,8211,88
2026-10-09T14:16:28Z,8211,109
2026-10-09T14:16:29Z,8211,94
2026-10-09T14:16:30Z,8211,92
2026-10-09T14:16:31Z,8211,102
2026-10-09T14:16:32Z,8211,88
2026-10-09T14:16:33Z,8211,112
2026-10-09T14:16:34Z,8211,104
2026-10-09T14:16:35Z,8211,124
2026-10-09T14:16:36Z,8211,125
2026-10-09T14:16:37Z,8211,183
2026-10-09T14:16:38Z,8211,120
2026-10-09T14:16:39Z,8211,107
2026-10-09T14:16:40Z,8211,88
2026-10-09T14:16:41Z,8211,100
2026-10-09T14:16:42Z,8211,91
2026-10-09T14:16:43Z,8211,120
2026-10-09T14:16:44Z,8211,108
2026-10-09T14:16:45Z,8211,127
2026-10-09T14:16:46Z,8211,88
2026-10-09T14:16:47Z,8211,102
2026-10-09T14:16:48Z,8211,92
2026-10-09T14:16:50Z,8211,103
2026-10-09T14:16:51Z,8211,90
2026-10-09T14:16:52Z,8211,123
2026-10-09T14:16:53Z,8211,93
2026-10-09T14:16:54Z,8211,89
2026-10-09T14:16:55Z,8211,91
2026-10-09T14:16:56Z,8211,102
2026-10-09T14:16:57Z,8211,98
2026-10-09T14:16:58Z,8211,88
2026-10-09T14:16:59Z,8211,104
2026-10-09T14:17:00Z,8211,117
2026-10-09T14:17:01Z,8211,88
2026-10-09T14:17:02Z,8211,88
2026-10-09T14:17:03Z,8211,88
2026-10-09T14:17:04Z,8211,90
2026-10-09T14:17:05Z,8211,89
2026-10-09T14:17:06Z,8211,114
2026-10-09T14:17:07Z,8211,123
2026-10-09T14:17:08Z,8211,117
2026-10-09T14:17:09Z,8211,128
2026-10-09T14:17:10Z,8211,108
2026-10-09T14:17:11Z,8211,112
2026-10-09T14:17:12Z,8211,117
2026-10-09T14:17:13Z,8211,111
2026-10-09T14:17:14Z,8211,97
2026-10-09T14:17:15Z,8211,88
2026-10-09T14:17:16Z,8211,88
2026-10-09T14:17:17Z,8211,121
2026-10-09T14:17:18Z,8211,88
2026-10-09T14:17:19Z,8211,122
2026-10-09T14:17:20Z,8211,130
2026-10-09T14:17:21Z,8211,108
2026-10-09T14:17:22Z,8211,88
2026-10-09T14:17:23Z,8211,88
2026-10-09T14:17:24Z,8211,89
2026-10-09T14:17:25Z,8211,88
2026-10-09T14:17:26Z,8211,88
2026-10-09T14:17:27Z,8211,116
2026-10-09T14:17:28Z,8211,129
2026-10-09T14:17:29Z,8211,120
2026-10-09T14:17:30Z,8211,87
2026-10-09T14:17:31Z,8211,125
2026-10-09T14:17:32Z,8211,87
2026-10-09T14:17:33Z,8211,88
2026-10-09T14:17:34Z,8211,88
2026-10-09T14:17:35Z,8211,130
2026-10-09T14:17:36Z,8211,114
2026-10-09T14:17:37Z,8211,106
2026-10-09T14:17:38Z,8211,129
2026-10-09T14:17:39Z,8211,109
2026-10-09T14:17:40Z,8211,106
2026-10-09T14:17:41Z,8211,102
2026-10-09T14:17:42Z,8211,138
2026-10-09T14:17:43Z,8211,88
2026-10-09T14:17:44Z,8211,88
2026-10-09T14:17:45Z,8211,118
2026-10-09T14:17:46Z,8211,124
2026-10-09T14:17:47Z,8211,119
2026-10-09T14:17:48Z,8211,98
2026-10-09T14:17:49Z,8211,119
2026-10-09T14:17:50Z,8211,110
2026-10-09T14:17:51Z,8211,104
2026-10-09T14:17:52Z,8211,108
2026-10-09T14:17:53Z,8211,115
2026-10-09T14:17:54Z,8211,87
2026-10-09T14:17:55Z,8211,104
2026-10-09T14:17:56Z,8211,128
2026-10-09T14:17:57Z,8211,123
2026-10-09T14:17:58Z,8211,87
2026-10-09T14:17:59Z,8211,87
2026-10-09T14:18:00Z,8211,87
2026-10-09T14:18:01Z,8211,88
2026-10-09T14:18:02Z,8211,88
2026-10-09T14:18:03Z,8211,88
2026-10-09T14:18:04Z,8211,89
2026-10-09T14:18:05Z,8211,90
2026-10-09T14:18:06Z,8211,119
2026-10-09T14:18:07Z,8211,100
2026-10-09T14:18:08Z,8211,102
2026-10-09T14:18:09Z,8211,107
2026-10-09T14:18:10Z,8211,128
2026-10-09T14:18:11Z,8211,104
2026-10-09T14:18:12Z,8211,108
2026-10-09T14:18:13Z,8211,87
2026-10-09T14:18:14Z,8211,88
2026-10-09T14:18:15Z,8211,109
2026-10-09T14:18:16Z,8211,118
2026-10-09T14:18:17Z,8211,107
2026-10-09T14:18:18Z,8211,123
2026-10-09T14:18:19Z,8211,101
2026-10-09T14:18:20Z,8211,105
2026-10-09T14:18:21Z,8211,118
2026-10-09T14:18:22Z,8211,112
2026-10-09T14:18:23Z,8211,89
2026-10-09T14:18:24Z,8211,88
2026-10-09T14:18:25Z,8211,88
2026-10-09T14:18:26Z,8211,115
2026-10-09T14:18:27Z,8211,126
2026-10-09T14:18:28Z,8211,120
2026-10-09T14:18:29Z,8211,108
2026-10-09T14:18:30Z,8211,129
2026-10-09T14:18:31Z,8211,108
2026-10-09T14:18:32Z,8211,88
2026-10-09T14:18:33Z,8211,115
2026-10-09T14:18:34Z,8211,88
2026-10-09T14:18:35Z,8211,90
2026-10-09T14:18:36Z,8211,112
2026-10-09T14:18:37Z,8211,129
2026-10-09T14:18:38Z,8211,131
2026-10-09T14:18:39Z,8211,130
2026-10-09T14:18:40Z,8211,105
2026-10-09T14:18:41Z,8211,130
2026-10-09T14:18:42Z,8211,114
2026-10-09T14:18:43Z,8211,125
2026-10-09T14:18:44Z,8211,87
2026-10-09T14:18:45Z,8211,88
2026-10-09T14:18:46Z,8211,121
2026-10-09T14:18:47Z,8211,103
2026-10-09T14:18:48Z,8211,120
2026-10-09T14:18:49Z,8211,116
2026-10-09T14:18:50Z,8211,108
2026-10-09T14:18:51Z,8211,101
2026-10-09T14:18:52Z,8211,110
2026-10-09T14:18:53Z,8211,112
2026-10-09T14:18:54Z,8211,94
2026-10-09T14:18:55Z,8211,88
2026-10-09T14:18:56Z,8211,110
2026-10-09T14:18:57Z,8211,109
2026-10-09T14:18:58Z,8211,88
2026-10-09T14:18:59Z,8211,107
2026-10-09T14:19:00Z,8211,107
2026-10-09T14:19:01Z,8211,119
2026-10-09T14:19:02Z,8211,93
2026-10-09T14:19:03Z,8211,122
2026-10-09T14:19:04Z,8211,87
2026-10-09T14:19:05Z,8211,102
2026-10-09T14:19:06Z,8211,88
2026-10-09T14:19:07Z,8211,121
2026-10-09T14:19:08Z,8211,111
2026-10-09T14:19:09Z,8211,115
2026-10-09T14:19:10Z,8211,97
2026-10-09T14:19:11Z,8211,117
2026-10-09T14:19:12Z,8211,122
2026-10-09T14:19:13Z,8211,115
2026-10-09T14:19:14Z,8211,93
2026-10-09T14:19:15Z,8211,93
2026-10-09T14:19:16Z,8211,93
2026-10-09T14:19:17Z,8211,109
2026-10-09T14:19:18Z,8211,116
2026-10-09T14:19:19Z,8211,95
2026-10-09T14:19:20Z,8211,119
2026-10-09T14:19:21Z,8211,166
2026-10-09T14:19:22Z,8211,170
2026-10-09T14:19:23Z,8211,178
2026-10-09T14:19:24Z,8211,173
2026-10-09T14:19:25Z,8211,165
2026-10-09T14:19:26Z,8211,157
2026-10-09T14:19:27Z,8211,171
2026-10-09T14:19:28Z,8211,103
2026-10-09T14:19:29Z,8211,109
2026-10-09T14:19:30Z,8211,161
2026-10-09T14:19:31Z,8211,164
2026-10-09T14:19:32Z,8211,175
2026-10-09T14:19:33Z,8211,153
2026-10-09T14:19:34Z,8211,148
2026-10-09T14:19:35Z,8211,147
2026-10-09T14:19:36Z,8211,156
2026-10-09T14:19:37Z,8211,139
2026-10-09T14:19:38Z,8211,154
2026-10-09T14:19:39Z,8211,148
2026-10-09T14:19:40Z,8211,119
2026-10-09T14:19:41Z,8211,126
2026-10-09T14:19:42Z,8211,140
2026-10-09T14:19:43Z,8211,155
2026-10-09T14:19:44Z,8211,152
2026-10-09T14:19:45Z,8211,145
2026-10-09T14:19:46Z,8211,141
2026-10-09T14:19:47Z,8211,120
2026-10-09T14:19:48Z,8211,146
2026-10-09T14:19:49Z,8211,140
2026-10-09T14:19:50Z,8211,139
2026-10-09T14:19:51Z,8211,159
2026-10-09T14:19:52Z,8211,141
2026-10-09T14:19:53Z,8211,130
2026-10-09T14:19:54Z,8211,140
2026-10-09T14:19:55Z,8211,135
2026-10-09T14:19:56Z,8211,130
2026-10-09T14:19:57Z,8211,130
2026-10-09T14:19:58Z,8211,138
2026-10-09T14:19:59Z,8211,128
2026-10-09T14:20:00Z,8211,128
2026-10-09T14:20:01Z,8211,88
2026-10-09T14:20:02Z,8211,134
2026-10-09T14:20:03Z,8211,125
2026-10-09T14:20:04Z,8211,97
2026-10-09T14:20:05Z,8211,109
2026-10-09T14:20:06Z,8211,124
2026-10-09T14:20:07Z,8211,132
2026-10-09T14:20:08Z,8211,88
2026-10-09T14:20:09Z,8211,88
2026-10-09T14:20:10Z,8211,90
2026-10-09T14:20:11Z,8211,123
2026-10-09T14:20:12Z,8211,115
2026-10-09T14:20:13Z,8211,124
2026-10-09T14:20:14Z,8211,118
2026-10-09T14:20:15Z,8211,115
2026-10-09T14:20:16Z,8211,109
2026-10-09T14:20:17Z,8211,117
2026-10-09T14:20:18Z,8211,108
2026-10-09T14:20:19Z,8211,112
2026-10-09T14:20:20Z,8211,111
2026-10-09T14:20:21Z,8211,115
2026-10-09T14:20:22Z,8211,87
2026-10-09T14:20:23Z,8211,107
2026-10-09T14:20:24Z,8211,105
2026-10-09T14:20:25Z,8211,110
2026-10-09T14:20:26Z,8211,101
2026-10-09T14:20:27Z,8211,112
2026-10-09T14:20:28Z,8211,107
2026-10-09T14:20:29Z,8211,116
2026-10-09T14:20:30Z,8211,115
2026-10-09T14:20:31Z,8211,107
2026-10-09T14:20:32Z,8211,90
2026-10-09T14:20:33Z,8211,122
2026-10-09T14:20:34Z,8211,104
2026-10-09T14:20:35Z,8211,91
2026-10-09T14:20:36Z,8211,108
2026-10-09T14:20:37Z,8211,105
2026-10-09T14:20:38Z,8211,102
2026-10-09T14:20:39Z,8211,114
2026-10-09T14:20:40Z,8211,107
2026-10-09T14:20:41Z,8211,105
2026-10-09T14:20:42Z,8211,125
2026-10-09T14:20:43Z,8211,109
2026-10-09T14:20:44Z,8211,124
2026-10-09T14:20:45Z,8211,129
2026-10-09T14:20:46Z,8211,121
2026-10-09T14:20:47Z,8211,118
2026-10-09T14:20:48Z,8211,116
2026-10-09T14:20:49Z,8211,114
2026-10-09T14:20:50Z,8211,123
2026-10-09T14:20:51Z,8211,122
2026-10-09T14:20:52Z,8211,110
2026-10-09T14:20:53Z,8211,119
2026-10-09T14:20:54Z,8211,114
2026-10-09T14:20:55Z,8211,110
2026-10-09T14:20:56Z,8211,117
2026-10-09T14:20:57Z,8211,109
2026-10-09T14:20:58Z,8211,105
2026-10-09T14:20:59Z,8211,131
2026-10-09T14:21:00Z,8211,111
2026-10-09T14:21:01Z,8211,102
2026-10-09T14:21:02Z,8211,99
2026-10-09T14:21:03Z,8211,110
2026-10-09T14:21:04Z,8211,88
2026-10-09T14:21:05Z,8211,95
2026-10-09T14:21:06Z,8211,111
2026-10-09T14:21:07Z,8211,111
2026-10-09T14:21:08Z,8211,88
2026-10-09T14:21:09Z,8211,111
2026-10-09T14:21:10Z,8211,101
2026-10-09T14:21:11Z,8211,87
2026-10-09T14:21:12Z,8211,128
2026-10-09T14:21:13Z,8211,122
2026-10-09T14:21:14Z,8211,117
2026-10-09T14:21:15Z,8211,114
2026-10-09T14:21:16Z,8211,127
2026-10-09T14:21:17Z,8211,122
2026-10-09T14:21:18Z,8211,118
2026-10-09T14:21:19Z,8211,111
2026-10-09T14:21:20Z,8211,114
2026-10-09T14:21:21Z,8211,125
2026-10-09T14:21:22Z,8211,120
2026-10-09T14:21:23Z,8211,112
2026-10-09T14:21:24Z,8211,120
2026-10-09T14:21:25Z,8211,88
2026-10-09T14:21:26Z,8211,116
2026-10-09T14:21:27Z,8211,113
2026-10-09T14:21:28Z,8211,120
2026-10-09T14:21:29Z,8211,117
2026-10-09T14:21:30Z,8211,113
2026-10-09T14:21:31Z,8211,109
2026-10-09T14:21:32Z,8211,133
2026-10-09T14:21:33Z,8211,111
2026-10-09T14:21:34Z,8211,118
2026-10-09T14:21:35Z,8211,114
2026-10-09T14:21:36Z,8211,122
2026-10-09T14:21:37Z,8211,98
2026-10-09T14:21:38Z,8211,127
2026-10-09T14:21:39Z,8211,105
2026-10-09T14:21:40Z,8211,114
2026-10-09T14:21:41Z,8211,110
2026-10-09T14:21:42Z,8211,102
2026-10-09T14:21:43Z,8211,114
2026-10-09T14:21:44Z,8211,123
2026-10-09T14:21:45Z,8211,113
2026-10-09T14:21:46Z,8211,107
2026-10-09T14:21:47Z,8211,88
2026-10-09T14:21:48Z,8211,112
2026-10-09T14:21:49Z,8211,111
2026-10-09T14:21:50Z,8211,103
2026-10-09T14:21:51Z,8211,91
2026-10-09T14:21:52Z,8211,109
2026-10-09T14:21:53Z,8211,105
2026-10-09T14:21:54Z,8211,148
2026-10-09T14:21:55Z,8211,112
2026-10-09T14:21:56Z,8211,107
2026-10-09T14:21:57Z,8211,120
2026-10-09T14:21:58Z,8211,111
2026-10-09T14:21:59Z,8211,104
2026-10-09T14:22:00Z,8211,89
2026-10-09T14:22:01Z,8211,106
2026-10-09T14:22:02Z,8211,118
2026-10-09T14:22:03Z,8211,111
2026-10-09T14:22:04Z,8211,89
2026-10-09T14:22:05Z,8211,113
2026-10-09T14:22:06Z,8211,113
2026-10-09T14:22:07Z,8211,105
2026-10-09T14:22:08Z,8211,113
2026-10-09T14:22:09Z,8211,107
2026-10-09T14:22:10Z,8211,116
2026-10-09T14:22:11Z,8211,87
2026-10-09T14:22:12Z,8211,88
2026-10-09T14:22:13Z,8211,111
2026-10-09T14:22:14Z,8211,115
2026-10-09T14:22:15Z,8211,126
2026-10-09T14:22:16Z,8211,100
2026-10-09T14:22:17Z,8211,88
2026-10-09T14:22:18Z,8211,121
2026-10-09T14:22:19Z,8211,116
2026-10-09T14:22:20Z,8211,122
2026-10-09T14:22:21Z,8211,88
2026-10-09T14:22:22Z,8211,127
2026-10-09T14:22:23Z,8211,121
2026-10-09T14:22:24Z,8211,112
2026-10-09T14:22:25Z,8211,125
2026-10-09T14:22:26Z,8211,145
2026-10-09T14:22:27Z,8211,103
2026-10-09T14:22:28Z,8211,107
2026-10-09T14:22:29Z,8211,121
2026-10-09T14:22:30Z,8211,116
2026-10-09T14:22:31Z,8211,110
2026-10-09T14:22:32Z,8211,107
2026-10-09T14:22:33Z,8211,118
2026-10-09T14:22:34Z,8211,113
2026-10-09T14:22:35Z,8211,118
2026-10-09T14:22:36Z,8211,111
2026-10-09T14:22:37Z,8211,124
2026-10-09T14:22:38Z,8211,88
2026-10-09T14:22:39Z,8211,109
2026-10-09T14:22:40Z,8211,104
2026-10-09T14:22:41Z,8211,89
2026-10-09T14:22:42Z,8211,106
2026-10-09T14:22:44Z,8211,118
2026-10-09T14:22:45Z,8211,108
2026-10-09T14:22:46Z,8211,125
2026-10-09T14:22:47Z,8211,117
2026-10-09T14:22:48Z,8211,111
2026-10-09T14:22:49Z,8211,110
2026-10-09T14:22:50Z,8211,119
2026-10-09T14:22:51Z,8211,119
2026-10-09T14:22:52Z,8211,106
2026-10-09T14:22:53Z,8211,112
2026-10-09T14:22:54Z,8211,87
2026-10-09T14:22:55Z,8211,87
2026-10-09T14:22:56Z,8211,96
2026-10-09T14:22:57Z,8211,89
2026-10-09T14:22:58Z,8211,117
2026-10-09T14:22:59Z,8211,92
2026-10-09T14:23:00Z,8211,108
2026-10-09T14:23:01Z,8211,88
2026-10-09T14:23:02Z,8211,104
2026-10-09T14:23:03Z,8211,128
2026-10-09T14:23:04Z,8211,88
2026-10-09T14:23:05Z,8211,124
2026-10-09T14:23:06Z,8211,167
2026-10-09T14:23:07Z,8211,92
2026-10-09T14:23:08Z,8211,87
2026-10-09T14:23:09Z,8211,95
2026-10-09T14:23:10Z,8211,118
2026-10-09T14:23:11Z,8211,88
2026-10-09T14:23:12Z,8211,88
2026-10-09T14:23:13Z,8211,97
2026-10-09T14:23:14Z,8211,87
2026-10-09T14:23:15Z,8211,87
2026-10-09T14:23:16Z,8211,154
2026-10-09T14:23:17Z,8211,109
2026-10-09T14:23:18Z,8211,121
2026-10-09T14:23:19Z,8211,118
2026-10-09T14:23:20Z,8211,99
2026-10-09T14:23:21Z,8211,88
2026-10-09T14:23:22Z,8211,88
2026-10-09T14:23:23Z,8211,107
2026-10-09T14:23:24Z,8211,116
2026-10-09T14:23:25Z,8211,88
2026-10-09T14:23:26Z,8211,178
2026-10-09T14:23:27Z,8211,88
2026-10-09T14:23:28Z,8211,88
2026-10-09T14:23:29Z,8211,122
2026-10-09T14:23:30Z,8211,102
2026-10-09T14:23:31Z,8211,118
2026-10-09T14:23:32Z,8211,89
2026-10-09T14:23:33Z,8211,92
2026-10-09T14:23:34Z,8211,88
2026-10-09T14:23:35Z,8211,101
2026-10-09T14:23:36Z,8211,177
2026-10-09T14:23:37Z,8211,102
2026-10-09T14:23:38Z,8211,88
2026-10-09T14:23:39Z,8211,103
2026-10-09T14:23:40Z,8211,2312
2026-10-09T14:23:43Z,8211,311
2026-10-09T14:23:44Z,8211,311
2026-10-09T14:23:45Z,8211,88
2026-10-09T14:23:46Z,8211,132
2026-10-09T14:23:47Z,8211,125
2026-10-09T14:23:48Z,8211,104
2026-10-09T14:23:49Z,8211,305
2026-10-09T14:23:50Z,8211,109
2026-10-09T14:23:51Z,8211,88
2026-10-09T14:23:52Z,8211,112
2026-10-09T14:23:53Z,8211,305
2026-10-09T14:23:54Z,8211,90
2026-10-09T14:23:55Z,8211,319
2026-10-09T14:23:56Z,8211,130
2026-10-09T14:23:57Z,8211,300
2026-10-09T14:23:58Z,8211,300
2026-10-09T14:23:59Z,8211,299
2026-10-09T14:24:00Z,8211,300
2026-10-09T14:24:01Z,8211,88
2026-10-09T14:24:02Z,8211,298
2026-10-09T14:24:03Z,8211,87
2026-10-09T14:24:04Z,8211,89
2026-10-09T14:24:05Z,8211,120
2026-10-09T14:24:06Z,8211,295
2026-10-09T14:24:07Z,8211,117
2026-10-09T14:24:08Z,8211,293
2026-10-09T14:24:09Z,8211,292
2026-10-09T14:24:10Z,8211,87
2026-10-09T14:24:11Z,8211,111
2026-10-09T14:24:12Z,8211,114
2026-10-09T14:24:13Z,8211,127
2026-10-09T14:24:14Z,8211,89
2026-10-09T14:24:15Z,8211,94
2026-10-09T14:24:16Z,8211,1286
2026-10-09T14:24:18Z,8211,285
2026-10-09T14:24:19Z,8211,89
2026-10-09T14:24:20Z,8211,89
2026-10-09T14:24:21Z,8211,91
2026-10-09T14:24:22Z,8211,88
2026-10-09T14:24:23Z,8211,88
2026-10-09T14:24:24Z,8211,88
2026-10-09T14:24:25Z,8211,88
2026-10-09T14:24:26Z,8211,105
2026-10-09T14:24:27Z,8211,90
2026-10-09T14:24:28Z,8211,88
2026-10-09T14:24:29Z,8211,89
2026-10-09T14:24:30Z,8211,89
2026-10-09T14:24:31Z,8211,103
2026-10-09T14:24:32Z,8211,87
2026-10-09T14:24:33Z,8211,88
2026-10-09T14:24:34Z,8211,88
2026-10-09T14:24:35Z,8211,87
2026-10-09T14:24:36Z,8211,99
2026-10-09T14:24:37Z,8211,88
2026-10-09T14:24:38Z,8211,88
2026-10-09T14:24:39Z,8211,88
2026-10-09T14:24:40Z,8211,95
2026-10-09T14:24:41Z,8211,88
2026-10-09T14:24:42Z,8211,90
2026-10-09T14:24:43Z,8211,95
2026-10-09T14:24:44Z,8211,124
2026-10-09T14:24:45Z,8211,113
2026-10-09T14:24:46Z,8211,124
2026-10-09T14:24:47Z,8211,88
2026-10-09T14:24:48Z,8211,88
2026-10-09T14:24:49Z,8211,88
2026-10-09T14:24:50Z,8211,114
2026-10-09T14:24:51Z,8211,105
2026-10-09T14:24:52Z,8211,88
2026-10-09T14:24:53Z,8211,110
2026-10-09T14:24:54Z,8211,107
2026-10-09T14:24:55Z,8211,114
2026-10-09T14:24:56Z,8211,88
2026-10-09T14:24:57Z,8211,88
2026-10-09T14:24:58Z,8211,117
2026-10-09T14:24:59Z,8211,120
2026-10-09T14:25:00Z,8211,88
2026-10-09T14:25:01Z,8211,122
2026-10-09T14:25:02Z,8211,115
2026-10-09T14:25:03Z,8211,124
2026-10-09T14:25:04Z,8211,89
2026-10-09T14:25:05Z,8211,118
2026-10-09T14:25:06Z,8211,119
2026-10-09T14:25:07Z,8211,129
2026-10-09T14:25:08Z,8211,106
2026-10-09T14:25:09Z,8211,122
2026-10-09T14:25:10Z,8211,87
2026-10-09T14:25:11Z,8211,88
2026-10-09T14:25:12Z,8211,112
2026-10-09T14:25:13Z,8211,121
2026-10-09T14:25:14Z,8211,114
2026-10-09T14:25:15Z,8211,111
2026-10-09T14:25:16Z,8211,104
2026-10-09T14:25:17Z,8211,87
2026-10-09T14:25:18Z,8211,88
2026-10-09T14:25:19Z,8211,103
2026-10-09T14:25:20Z,8211,112
2026-10-09T14:25:21Z,8211,87
2026-10-09T14:25:22Z,8211,102
2026-10-09T14:25:23Z,8211,111
2026-10-09T14:25:24Z,8211,105
2026-10-09T14:25:25Z,8211,114
2026-10-09T14:25:26Z,8211,104
2026-10-09T14:25:27Z,8211,103
2026-10-09T14:25:28Z,8211,88
2026-10-09T14:25:29Z,8211,109
2026-10-09T14:25:30Z,8211,100
2026-10-09T14:25:31Z,8211,115
2026-10-09T14:25:32Z,8211,112
2026-10-09T14:25:33Z,8211,99
2026-10-09T14:25:34Z,8211,112
2026-10-09T14:25:35Z,8211,88
2026-10-09T14:25:36Z,8211,301
2026-10-09T14:25:37Z,8211,111
2026-10-09T14:25:38Z,8211,108
2026-10-09T14:25:39Z,8211,110
2026-10-09T14:25:40Z,8211,109
2026-10-09T14:25:41Z,8211,108
2026-10-09T14:25:42Z,8211,88
2026-10-09T14:25:43Z,8211,88
2026-10-09T14:25:44Z,8211,88
2026-10-09T14:25:45Z,8211,88
2026-10-09T14:25:46Z,8211,139
2026-10-09T14:25:47Z,8211,88
2026-10-09T14:25:48Z,8211,89
2026-10-09T14:25:49Z,8211,88
2026-10-09T14:25:50Z,8211,88
2026-10-09T14:25:51Z,8211,110
2026-10-09T14:25:52Z,8211,137
2026-10-09T14:25:53Z,8211,114
2026-10-09T14:25:54Z,8211,111
2026-10-09T14:25:55Z,8211,99
2026-10-09T14:25:56Z,8211,131
2026-10-09T14:25:57Z,8211,96
2026-10-09T14:25:58Z,8211,131
2026-10-09T14:25:59Z,8211,110
2026-10-09T14:26:00Z,8211,106
2026-10-09T14:26:01Z,8211,120
2026-10-09T14:26:02Z,8211,114
2026-10-09T14:26:03Z,8211,89
2026-10-09T14:26:04Z,8211,91
2026-10-09T14:26:05Z,8211,88
2026-10-09T14:26:06Z,8211,123
2026-10-09T14:26:07Z,8211,111
2026-10-09T14:26:08Z,8211,159
2026-10-09T14:26:09Z,8211,162
2026-10-09T14:26:10Z,8211,201
2026-10-09T14:26:11Z,8211,163
2026-10-09T14:26:12Z,8211,165
2026-10-09T14:26:13Z,8211,92
2026-10-09T14:26:14Z,8211,90
2026-10-09T14:26:15Z,8211,156
2026-10-09T14:26:16Z,8211,147
2026-10-09T14:26:17Z,8211,160
2026-10-09T14:26:18Z,8211,157
2026-10-09T14:26:19Z,8211,164
2026-10-09T14:26:20Z,8211,159
2026-10-09T14:26:21Z,8211,155
2026-10-09T14:26:22Z,8211,87
2026-10-09T14:26:23Z,8211,103
2026-10-09T14:26:24Z,8211,113
2026-10-09T14:26:25Z,8211,126
2026-10-09T14:26:26Z,8211,153
2026-10-09T14:26:27Z,8211,153
2026-10-09T14:26:28Z,8211,147
2026-10-09T14:26:29Z,8211,139
2026-10-09T14:26:30Z,8211,149
2026-10-09T14:26:31Z,8211,116
2026-10-09T14:26:32Z,8211,162
2026-10-09T14:26:33Z,8211,141
2026-10-09T14:26:34Z,8211,88
2026-10-09T14:26:35Z,8211,117
2026-10-09T14:26:36Z,8211,146
2026-10-09T14:26:37Z,8211,139
2026-10-09T14:26:38Z,8211,148
2026-10-09T14:26:39Z,8211,137
2026-10-09T14:26:40Z,8211,133
2026-10-09T14:26:41Z,8211,161
2026-10-09T14:26:42Z,8211,135
2026-10-09T14:26:43Z,8211,157
2026-10-09T14:26:44Z,8211,107
2026-10-09T14:26:45Z,8211,110
2026-10-09T14:26:46Z,8211,116
2026-10-09T14:26:47Z,8211,159
2026-10-09T14:26:48Z,8211,159
2026-10-09T14:26:49Z,8211,123
2026-10-09T14:26:50Z,8211,88
2026-10-09T14:26:51Z,8211,104
2026-10-09T14:26:52Z,8211,112
2026-10-09T14:26:53Z,8211,87
2026-10-09T14:26:54Z,8211,88
2026-10-09T14:26:55Z,8211,87
2026-10-09T14:26:56Z,8211,113
2026-10-09T14:26:57Z,8211,102
2026-10-09T14:26:58Z,8211,112
2026-10-09T14:26:59Z,8211,105
2026-10-09T14:27:00Z,8211,88
2026-10-09T14:27:01Z,8211,118
2026-10-09T14:27:02Z,8211,109
2026-10-09T14:27:03Z,8211,117
2026-10-09T14:27:04Z,8211,88
2026-10-09T14:27:05Z,8211,88
2026-10-09T14:27:06Z,8211,88
2026-10-09T14:27:07Z,8211,100
2026-10-09T14:27:08Z,8211,124
2026-10-09T14:27:09Z,8211,87
2026-10-09T14:27:10Z,8211,88
2026-10-09T14:27:11Z,8211,88
2026-10-09T14:27:12Z,8211,112
2026-10-09T14:27:13Z,8211,105
2026-10-09T14:27:14Z,8211,112
2026-10-09T14:27:15Z,8211,108
2026-10-09T14:27:16Z,8211,99
2026-10-09T14:27:17Z,8211,111
2026-10-09T14:27:18Z,8211,118
2026-10-09T14:27:19Z,8211,113
2026-10-09T14:27:20Z,8211,119
2026-10-09T14:27:21Z,8211,112
2026-10-09T14:27:22Z,8211,122
2026-10-09T14:27:23Z,8211,118
2026-10-09T14:27:24Z,8211,88
2026-10-09T14:27:25Z,8211,88
2026-10-09T14:27:26Z,8211,163
2026-10-09T14:27:27Z,8211,102
2026-10-09T14:27:28Z,8211,126
2026-10-09T14:27:29Z,8211,112
2026-10-09T14:27:30Z,8211,116
2026-10-09T14:27:31Z,8211,125
2026-10-09T14:27:32Z,8211,89
2026-10-09T14:27:33Z,8211,108
2026-10-09T14:27:34Z,8211,103
2026-10-09T14:27:35Z,8211,114
2026-10-09T14:27:36Z,8211,149
2026-10-09T14:27:37Z,8211,91
2026-10-09T14:27:38Z,8211,107
2026-10-09T14:27:39Z,8211,97
2026-10-09T14:27:40Z,8211,95
2026-10-09T14:27:41Z,8211,88
2026-10-09T14:27:42Z,8211,102
2026-10-09T14:27:43Z,8211,127
2026-10-09T14:27:44Z,8211,124
2026-10-09T14:27:45Z,8211,120
2026-10-09T14:27:46Z,8211,165
2026-10-09T14:27:47Z,8211,114
2026-10-09T14:27:48Z,8211,92
2026-10-09T14:27:49Z,8211,88
2026-10-09T14:27:50Z,8211,112
2026-10-09T14:27:51Z,8211,119
2026-10-09T14:27:52Z,8211,115
2026-10-09T14:27:53Z,8211,88
2026-10-09T14:27:54Z,8211,88
2026-10-09T14:27:55Z,8211,130
2026-10-09T14:27:56Z,8211,152
2026-10-09T14:27:57Z,8211,87
2026-10-09T14:27:58Z,8211,119
2026-10-09T14:27:59Z,8211,87
2026-10-09T14:28:00Z,8211,88
2026-10-09T14:28:01Z,8211,98
2026-10-09T14:28:02Z,8211,88
2026-10-09T14:28:03Z,8211,109
2026-10-09T14:28:04Z,8211,88
2026-10-09T14:28:05Z,8211,114
2026-10-09T14:28:06Z,8211,121
2026-10-09T14:28:07Z,8211,88
2026-10-09T14:28:08Z,8211,87
2026-10-09T14:28:09Z,8211,93
2026-10-09T14:28:10Z,8211,108
2026-10-09T14:28:11Z,8211,101
2026-10-09T14:28:12Z,8211,122
2026-10-09T14:28:13Z,8211,100
2026-10-09T14:28:14Z,8211,101
2026-10-09T14:28:15Z,8211,88
2026-10-09T14:28:16Z,8211,106
2026-10-09T14:28:17Z,8211,88
2026-10-09T14:28:18Z,8211,88
2026-10-09T14:28:19Z,8211,88
2026-10-09T14:28:20Z,8211,87
2026-10-09T14:28:21Z,8211,121
2026-10-09T14:28:22Z,8211,110
2026-10-09T14:28:23Z,8211,117
2026-10-09T14:28:24Z,8211,127
2026-10-09T14:28:25Z,8211,115
2026-10-09T14:28:26Z,8211,135
2026-10-09T14:28:27Z,8211,88
2026-10-09T14:28:28Z,8211,88
2026-10-09T14:28:29Z,8211,88
2026-10-09T14:28:30Z,8211,116
2026-10-09T14:28:31Z,8211,109
2026-10-09T14:28:32Z,8211,118
2026-10-09T14:28:33Z,8211,114
2026-10-09T14:28:34Z,8211,88
2026-10-09T14:28:35Z,8211,88
2026-10-09T14:28:36Z,8211,89
2026-10-09T14:28:37Z,8211,89
2026-10-09T14:28:38Z,8211,88
2026-10-09T14:28:39Z,8211,103
2026-10-09T14:28:40Z,8211,103
2026-10-09T14:28:41Z,8211,111
2026-10-09T14:28:42Z,8211,114
2026-10-09T14:28:43Z,8211,107
2026-10-09T14:28:44Z,8211,102
2026-10-09T14:28:45Z,8211,124
2026-10-09T14:28:46Z,8211,88
2026-10-09T14:28:47Z,8211,88
2026-10-09T14:28:48Z,8211,105
2026-10-09T14:28:49Z,8211,87
2026-10-09T14:28:50Z,8211,110
2026-10-09T14:28:51Z,8211,89
2026-10-09T14:28:52Z,8211,112
2026-10-09T14:28:53Z,8211,88
2026-10-09T14:28:54Z,8211,88
2026-10-09T14:28:55Z,8211,88
2026-10-09T14:28:56Z,8211,209
2026-10-09T14:28:57Z,8211,127
2026-10-09T14:28:58Z,8211,88
2026-10-09T14:28:59Z,8211,95
2026-10-09T14:29:00Z,8211,90
2026-10-09T14:29:01Z,8211,90
2026-10-09T14:29:02Z,8211,88
2026-10-09T14:29:03Z,8211,110
2026-10-09T14:29:04Z,8211,98
2026-10-09T14:29:05Z,8211,101
2026-10-09T14:29:06Z,8211,204
2026-10-09T14:29:07Z,8211,124
2026-10-09T14:29:08Z,8211,118
2026-10-09T14:29:09Z,8211,113
2026-10-09T14:29:10Z,8211,121
2026-10-09T14:29:11Z,8211,90
2026-10-09T14:29:12Z,8211,87
2026-10-09T14:29:13Z,8211,129
2026-10-09T14:29:14Z,8211,88
2026-10-09T14:29:15Z,8211,90
2026-10-09T14:29:16Z,8211,196
2026-10-09T14:29:17Z,8211,104
2026-10-09T14:29:18Z,8211,110
2026-10-09T14:29:19Z,8211,101
2026-10-09T14:29:20Z,8211,110
2026-10-09T14:29:21Z,8211,88
2026-10-09T14:29:22Z,8211,87
2026-10-09T14:29:23Z,8211,88
2026-10-09T14:29:24Z,8211,88
2026-10-09T14:29:25Z,8211,88
2026-10-09T14:29:26Z,8211,207
2026-10-09T14:29:27Z,8211,105
2026-10-09T14:29:28Z,8211,89
2026-10-09T14:29:29Z,8211,124
2026-10-09T14:29:30Z,8211,88
2026-10-09T14:29:31Z,8211,88
2026-10-09T14:29:32Z,8211,88
2026-10-09T14:29:33Z,8211,88
2026-10-09T14:29:34Z,8211,105
2026-10-09T14:29:35Z,8211,128
2026-10-09T14:29:36Z,8211,194
2026-10-09T14:29:37Z,8211,121
2026-10-09T14:29:38Z,8211,112
2026-10-09T14:29:39Z,8211,122
2026-10-09T14:29:40Z,8211,113
2026-10-09T14:29:41Z,8211,98
2026-10-09T14:29:42Z,8211,88
2026-10-09T14:29:43Z,8211,112
2026-10-09T14:29:44Z,8211,106
2026-10-09T14:29:45Z,8211,132
2026-10-09T14:29:46Z,8211,169
2026-10-09T14:29:47Z,8211,89
2026-10-09T14:29:48Z,8211,114
2026-10-09T14:29:49Z,8211,94
2026-10-09T14:29:50Z,8211,88
2026-10-09T14:29:51Z,8211,101
2026-10-09T14:29:52Z,8211,107
2026-10-09T14:29:53Z,8211,129
2026-10-09T14:29:54Z,8211,118
2026-10-09T14:29:55Z,8211,91
2026-10-09T14:29:56Z,8211,94
2026-10-09T14:29:57Z,8211,101
2026-10-09T14:29:58Z,8211,110
2026-10-09T14:29:59Z,8211,103
2026-10-09T14:30:00Z,8211,110
2026-10-09T14:30:01Z,8211,112
2026-10-09T14:30:02Z,8211,88
2026-10-09T14:30:03Z,8211,88
2026-10-09T14:30:04Z,8211,122
2026-10-09T14:30:05Z,8211,87
2026-10-09T14:30:06Z,8211,177
2026-10-09T14:30:07Z,8211,88
2026-10-09T14:30:08Z,8211,106
2026-10-09T14:30:09Z,8211,88
2026-10-09T14:30:10Z,8211,101
2026-10-09T14:30:11Z,8211,88
2026-10-09T14:30:12Z,8211,88
2026-10-09T14:30:13Z,8211,112
2026-10-09T14:30:14Z,8211,92
2026-10-09T14:30:15Z,8211,112
2026-10-09T14:30:16Z,8211,173
2026-10-09T14:30:17Z,8211,118
2026-10-09T14:30:18Z,8211,113
2026-10-09T14:30:19Z,8211,123
2026-10-09T14:30:20Z,8211,113
2026-10-09T14:30:21Z,8211,108
2026-10-09T14:30:22Z,8211,120
2026-10-09T14:30:23Z,8211,124
2026-10-09T14:30:24Z,8211,133
2026-10-09T14:30:25Z,8211,108
2026-10-09T14:30:26Z,8211,106
2026-10-09T14:30:27Z,8211,111
2026-10-09T14:30:28Z,8211,108
2026-10-09T14:30:29Z,8211,114
2026-10-09T14:30:30Z,8211,105
2026-10-09T14:30:31Z,8211,116
2026-10-09T14:30:32Z,8211,108
2026-10-09T14:30:33Z,8211,114
2026-10-09T14:30:34Z,8211,107
2026-10-09T14:30:35Z,8211,89
2026-10-09T14:30:36Z,8211,93
2026-10-09T14:30:37Z,8211,101
2026-10-09T14:30:38Z,8211,113
2026-10-09T14:30:39Z,8211,104
2026-10-09T14:30:40Z,8211,88
2026-10-09T14:30:41Z,8211,120
2026-10-09T14:30:42Z,8211,128
2026-10-09T14:30:43Z,8211,102
2026-10-09T14:30:44Z,8211,119
2026-10-09T14:30:45Z,8211,128
2026-10-09T14:30:46Z,8211,154
2026-10-09T14:30:47Z,8211,124
2026-10-09T14:30:48Z,8211,114
2026-10-09T14:30:49Z,8211,123
2026-10-09T14:30:50Z,8211,117
2026-10-09T14:30:51Z,8211,100
2026-10-09T14:30:52Z,8211,118
2026-10-09T14:30:53Z,8211,112
2026-10-09T14:30:54Z,8211,117
2026-10-09T14:30:55Z,8211,113
2026-10-09T14:30:56Z,8211,96
2026-10-09T14:30:57Z,8211,93
2026-10-09T14:30:58Z,8211,141
2026-10-09T14:30:59Z,8211,112
2026-10-09T14:31:00Z,8211,125
2026-10-09T14:31:01Z,8211,131
2026-10-09T14:31:02Z,8211,117
2026-10-09T14:31:03Z,8211,126
2026-10-09T14:31:04Z,8211,88
2026-10-09T14:31:05Z,8211,126
2026-10-09T14:31:06Z,8211,201
2026-10-09T14:31:07Z,8211,121
2026-10-09T14:31:08Z,8211,114
2026-10-09T14:31:09Z,8211,88
2026-10-09T14:31:10Z,8211,88
2026-10-09T14:31:11Z,8211,123
2026-10-09T14:31:12Z,8211,104
2026-10-09T14:31:13Z,8211,113
2026-10-09T14:31:15Z,8211,108
2026-10-09T14:31:16Z,8211,115
2026-10-09T14:31:17Z,8211,191
2026-10-09T14:31:18Z,8211,115
2026-10-09T14:31:19Z,8211,129
2026-10-09T14:31:20Z,8211,104
2026-10-09T14:31:21Z,8211,127
2026-10-09T14:31:22Z,8211,126
2026-10-09T14:31:23Z,8211,125
2026-10-09T14:31:24Z,8211,117
2026-10-09T14:31:25Z,8211,88
2026-10-09T14:31:26Z,8211,125
2026-10-09T14:31:27Z,8211,183
2026-10-09T14:31:28Z,8211,122
2026-10-09T14:31:29Z,8211,111
2026-10-09T14:31:30Z,8211,118
2026-10-09T14:31:31Z,8211,113
2026-10-09T14:31:32Z,8211,109
2026-10-09T14:31:33Z,8211,119
2026-10-09T14:31:34Z,8211,114
2026-10-09T14:31:35Z,8211,109
2026-10-09T14:31:36Z,8211,107
2026-10-09T14:31:37Z,8211,101
2026-10-09T14:31:38Z,8211,111
2026-10-09T14:31:39Z,8211,123
2026-10-09T14:31:40Z,8211,103
2026-10-09T14:31:41Z,8211,114
2026-10-09T14:31:42Z,8211,108
2026-10-09T14:31:43Z,8211,115
2026-10-09T14:31:44Z,8211,106
2026-10-09T14:31:45Z,8211,90
2026-10-09T14:31:46Z,8211,104
2026-10-09T14:31:47Z,8211,202
2026-10-09T14:31:48Z,8211,126
2026-10-09T14:31:49Z,8211,136
2026-10-09T14:31:50Z,8211,103
2026-10-09T14:31:51Z,8211,123
2026-10-09T14:31:52Z,8211,106
2026-10-09T14:31:53Z,8211,115
2026-10-09T14:31:54Z,8211,121
2026-10-09T14:31:55Z,8211,103
2026-10-09T14:31:56Z,8211,230
2026-10-09T14:31:57Z,8211,201
2026-10-09T14:31:58Z,8211,437
2026-10-09T14:31:59Z,8211,104
2026-10-09T14:32:00Z,8211,188
2026-10-09T14:32:01Z,8211,103
2026-10-09T14:32:02Z,8211,114
2026-10-09T14:32:03Z,8211,119
2026-10-09T14:32:04Z,8211,114
2026-10-09T14:32:05Z,8211,88
2026-10-09T14:32:06Z,8211,122
2026-10-09T14:32:07Z,8211,152
2026-10-09T14:32:08Z,8211,120
2026-10-09T14:32:09Z,8211,116
2026-10-09T14:32:10Z,8211,110
2026-10-09T14:32:11Z,8211,105
2026-10-09T14:32:12Z,8211,119
2026-10-09T14:32:13Z,8211,116
2026-10-09T14:32:14Z,8211,110
2026-10-09T14:32:15Z,8211,101
2026-10-09T14:32:16Z,8211,112
2026-10-09T14:32:17Z,8211,143
2026-10-09T14:32:18Z,8211,111
2026-10-09T14:32:19Z,8211,88
2026-10-09T14:32:20Z,8211,115
2026-10-09T14:32:21Z,8211,110
2026-10-09T14:32:22Z,8211,104
2026-10-09T14:32:23Z,8211,102
2026-10-09T14:32:24Z,8211,109
2026-10-09T14:32:25Z,8211,105
2026-10-09T14:32:26Z,8211,148
2026-10-09T14:32:27Z,8211,133
2026-10-09T14:32:28Z,8211,103
2026-10-09T14:32:29Z,8211,90
2026-10-09T14:32:30Z,8211,127
2026-10-09T14:32:31Z,8211,121
2026-10-09T14:32:32Z,8211,101
2026-10-09T14:32:33Z,8211,128
2026-10-09T14:32:34Z,8211,126
2026-10-09T14:32:35Z,8211,119
2026-10-09T14:32:36Z,8211,125
2026-10-09T14:32:37Z,8211,115
2026-10-09T14:32:38Z,8211,124
2026-10-09T14:32:39Z,8211,117
2026-10-09T14:32:40Z,8211,112
2026-10-09T14:32:41Z,8211,109
2026-10-09T14:32:42Z,8211,90
2026-10-09T14:32:43Z,8211,115
2026-10-09T14:32:44Z,8211,125
2026-10-09T14:32:45Z,8211,132
2026-10-09T14:32:46Z,8211,111
2026-10-09T14:32:47Z,8211,135
2026-10-09T14:32:48Z,8211,125
2026-10-09T14:32:49Z,8211,120
2026-10-09T14:32:50Z,8211,112
2026-10-09T14:32:51Z,8211,108
2026-10-09T14:32:52Z,8211,116
2026-10-09T14:32:53Z,8211,122
2026-10-09T14:32:54Z,8211,123
2026-10-09T14:32:55Z,8211,115
2026-10-09T14:32:56Z,8211,106
2026-10-09T14:32:57Z,8211,104
2026-10-09T14:32:58Z,8211,111
2026-10-09T14:32:59Z,8211,107
2026-10-09T14:33:00Z,8211,102
2026-10-09T14:33:01Z,8211,111
2026-10-09T14:33:02Z,8211,110
2026-10-09T14:33:03Z,8211,88
2026-10-09T14:33:04Z,8211,101
2026-10-09T14:33:05Z,8211,88
2026-10-09T14:33:06Z,8211,111
2026-10-09T14:33:07Z,8211,114
2026-10-09T14:33:08Z,8211,103
2026-10-09T14:33:09Z,8211,129
2026-10-09T14:33:10Z,8211,122
2026-10-09T14:33:11Z,8211,101
2026-10-09T14:33:12Z,8211,128
2026-10-09T14:33:13Z,8211,121
2026-10-09T14:33:14Z,8211,126
2026-10-09T14:33:15Z,8211,122
2026-10-09T14:33:16Z,8211,118
2026-10-09T14:33:17Z,8211,124
2026-10-09T14:33:18Z,8211,110
2026-10-09T14:33:19Z,8211,121
2026-10-09T14:33:20Z,8211,115
2026-10-09T14:33:21Z,8211,110
2026-10-09T14:33:22Z,8211,120
2026-10-09T14:33:23Z,8211,114
2026-10-09T14:33:24Z,8211,93
2026-10-09T14:33:25Z,8211,113
2026-10-09T14:33:26Z,8211,106
2026-10-09T14:33:27Z,8211,117
2026-10-09T14:33:28Z,8211,113
2026-10-09T14:33:29Z,8211,104
2026-10-09T14:33:30Z,8211,115
2026-10-09T14:33:31Z,8211,113
2026-10-09T14:33:32Z,8211,87
2026-10-09T14:33:33Z,8211,88
2026-10-09T14:33:34Z,8211,88
2026-10-09T14:33:35Z,8211,111
2026-10-09T14:33:36Z,8211,101
2026-10-09T14:33:37Z,8211,88
2026-10-09T14:33:38Z,8211,109
2026-10-09T14:33:39Z,8211,88
2026-10-09T14:33:40Z,8211,103
2026-10-09T14:33:41Z,8211,108
2026-10-09T14:33:42Z,8211,101
2026-10-09T14:33:43Z,8211,108
2026-10-09T14:33:44Z,8211,92
2026-10-09T14:33:45Z,8211,88
2026-10-09T14:33:46Z,8211,122
2026-10-09T14:33:47Z,8211,89
2026-10-09T14:33:48Z,8211,93
2026-10-09T14:33:49Z,8211,88
2026-10-09T14:33:50Z,8211,88
2026-10-09T14:33:51Z,8211,111
2026-10-09T14:33:52Z,8211,101
2026-10-09T14:33:53Z,8211,88
2026-10-09T14:33:54Z,8211,98
2026-10-09T14:33:55Z,8211,87
2026-10-09T14:33:56Z,8211,118
2026-10-09T14:33:57Z,8211,124
2026-10-09T14:33:58Z,8211,90
2026-10-09T14:33:59Z,8211,705
2026-10-09T14:34:00Z,8211,94
2026-10-09T14:34:01Z,8211,111
2026-10-09T14:34:02Z,8211,89
2026-10-09T14:34:03Z,8211,98
2026-10-09T14:34:04Z,8211,94
2026-10-09T14:34:05Z,8211,708
2026-10-09T14:34:06Z,8211,91
2026-10-09T14:34:07Z,8211,109
2026-10-09T14:34:08Z,8211,117
2026-10-09T14:34:09Z,8211,112
2026-10-09T14:34:10Z,8211,110
2026-10-09T14:34:11Z,8211,98
2026-10-09T14:34:12Z,8211,119
2026-10-09T14:34:13Z,8211,94
2026-10-09T14:34:14Z,8211,695
2026-10-09T14:34:15Z,8211,702
2026-10-09T14:34:16Z,8211,693
2026-10-09T14:34:17Z,8211,204
2026-10-09T14:34:18Z,8211,117
2026-10-09T14:34:19Z,8211,95
2026-10-09T14:34:20Z,8211,113
2026-10-09T14:34:21Z,8211,139
2026-10-09T14:34:22Z,8211,87
2026-10-09T14:34:23Z,8211,97
2026-10-09T14:34:24Z,8211,122
2026-10-09T14:34:25Z,8211,87
2026-10-09T14:34:26Z,8211,125
2026-10-09T14:34:27Z,8211,92
2026-10-09T14:34:28Z,8211,87
2026-10-09T14:34:29Z,8211,122
2026-10-09T14:34:30Z,8211,146
2026-10-09T14:34:31Z,8211,101
2026-10-09T14:34:32Z,8211,110
2026-10-09T14:34:33Z,8211,116
2026-10-09T14:34:34Z,8211,138
2026-10-09T14:34:35Z,8211,110
2026-10-09T14:34:36Z,8211,116
2026-10-09T14:34:37Z,8211,150
2026-10-09T14:34:38Z,8211,114
2026-10-09T14:34:39Z,8211,88
2026-10-09T14:34:40Z,8211,99
2026-10-09T14:34:41Z,8211,113
2026-10-09T14:34:42Z,8211,89
2026-10-09T14:34:43Z,8211,116
2026-10-09T14:34:44Z,8211,90
2026-10-09T14:34:45Z,8211,110
2026-10-09T14:34:46Z,8211,90
2026-10-09T14:34:47Z,8211,666
2026-10-09T14:34:48Z,8211,127
2026-10-09T14:34:49Z,8211,88
2026-10-09T14:34:50Z,8211,103
2026-10-09T14:34:51Z,8211,112
2026-10-09T14:34:52Z,8211,132
2026-10-09T14:34:53Z,8211,128
2026-10-09T14:34:54Z,8211,123
2026-10-09T14:34:55Z,8211,132
2026-10-09T14:34:56Z,8211,127
2026-10-09T14:34:57Z,8211,120
2026-10-09T14:34:58Z,8211,88
2026-10-09T14:34:59Z,8211,103
2026-10-09T14:35:00Z,8211,118
2026-10-09T14:35:01Z,8211,127
2026-10-09T14:35:02Z,8211,120
2026-10-09T14:35:03Z,8211,140
2026-10-09T14:35:04Z,8211,96
2026-10-09T14:35:05Z,8211,94
2026-10-09T14:35:06Z,8211,142
2026-10-09T14:35:07Z,8211,106
2026-10-09T14:35:08Z,8211,93
2026-10-09T14:35:09Z,8211,646
2026-10-09T14:35:10Z,8211,647
2026-10-09T14:35:11Z,8211,123
2026-10-09T14:35:12Z,8211,111
2026-10-09T14:35:13Z,8211,118
2026-10-09T14:35:14Z,8211,110
2026-10-09T14:35:15Z,8211,107
2026-10-09T14:35:16Z,8211,120
2026-10-09T14:35:17Z,8211,97
2026-10-09T14:35:18Z,8211,88
2026-10-09T14:35:19Z,8211,126
2026-10-09T14:35:20Z,8211,121
2026-10-09T14:35:21Z,8211,88
2026-10-09T14:35:22Z,8211,109
2026-10-09T14:35:23Z,8211,114
2026-10-09T14:35:24Z,8211,102
2026-10-09T14:35:25Z,8211,113
2026-10-09T14:35:26Z,8211,88
2026-10-09T14:35:27Z,8211,89
2026-10-09T14:35:28Z,8211,89
2026-10-09T14:35:29Z,8211,88
2026-10-09T14:35:30Z,8211,631
2026-10-09T14:35:31Z,8211,88
2026-10-09T14:35:32Z,8211,100
2026-10-09T14:35:33Z,8211,88
2026-10-09T14:35:34Z,8211,89
2026-10-09T14:35:35Z,8211,88
2026-10-09T14:35:36Z,8211,88
2026-10-09T14:35:37Z,8211,94
2026-10-09T14:35:38Z,8211,103
2026-10-09T14:35:39Z,8211,124
2026-10-09T14:35:40Z,8211,88
2026-10-09T14:35:41Z,8211,121
2026-10-09T14:35:42Z,8211,106
2026-10-09T14:35:43Z,8211,111
2026-10-09T14:35:44Z,8211,94
2026-10-09T14:35:45Z,8211,88
2026-10-09T14:35:46Z,8211,119
2026-10-09T14:35:47Z,8211,128
2026-10-09T14:35:48Z,8211,111
2026-10-09T14:35:49Z,8211,118
2026-10-09T14:35:50Z,8211,110
2026-10-09T14:35:51Z,8211,122
2026-10-09T14:35:52Z,8211,118
2026-10-09T14:35:53Z,8211,129
2026-10-09T14:35:54Z,8211,103
2026-10-09T14:35:55Z,8211,113
2026-10-09T14:35:56Z,8211,100
2026-10-09T14:35:57Z,8211,97
2026-10-09T14:35:58Z,8211,88
2026-10-09T14:35:59Z,8211,111
2026-10-09T14:36:00Z,8211,104
2026-10-09T14:36:01Z,8211,110
2026-10-09T14:36:02Z,8211,108
2026-10-09T14:36:03Z,8211,88
2026-10-09T14:36:04Z,8211,88
2026-10-09T14:36:05Z,8211,101
2026-10-09T14:36:06Z,8211,88
2026-10-09T14:36:07Z,8211,88
2026-10-09T14:36:08Z,8211,125
2026-10-09T14:36:09Z,8211,87
2026-10-09T14:36:10Z,8211,124
2026-10-09T14:36:11Z,8211,119
2026-10-09T14:36:12Z,8211,125
2026-10-09T14:36:13Z,8211,118
2026-10-09T14:36:14Z,8211,112
2026-10-09T14:36:15Z,8211,119
2026-10-09T14:36:16Z,8211,123
2026-10-09T14:36:17Z,8211,115
2026-10-09T14:36:18Z,8211,87
2026-10-09T14:36:19Z,8211,87
2026-10-09T14:36:20Z,8211,88
2026-10-09T14:36:21Z,8211,119
2026-10-09T14:36:22Z,8211,111
2026-10-09T14:36:23Z,8211,121
2026-10-09T14:36:24Z,8211,88
2026-10-09T14:36:25Z,8211,92
2026-10-09T14:36:26Z,8211,115
2026-10-09T14:36:27Z,8211,112
2026-10-09T14:36:28Z,8211,116
2026-10-09T14:36:29Z,8211,111
2026-10-09T14:36:30Z,8211,87
2026-10-09T14:36:31Z,8211,88
2026-10-09T14:36:32Z,8211,140
2026-10-09T14:36:33Z,8211,117
2026-10-09T14:36:34Z,8211,113
2026-10-09T14:36:35Z,8211,102
2026-10-09T14:36:36Z,8211,106
2026-10-09T14:36:37Z,8211,120
2026-10-09T14:36:38Z,8211,89
2026-10-09T14:36:39Z,8211,87
2026-10-09T14:36:40Z,8211,89
2026-10-09T14:36:41Z,8211,87
2026-10-09T14:36:42Z,8211,87
2026-10-09T14:36:43Z,8211,88
2026-10-09T14:36:44Z,8211,88
2026-10-09T14:36:45Z,8211,89
2026-10-09T14:36:46Z,8211,127
2026-10-09T14:36:47Z,8211,124
2026-10-09T14:36:48Z,8211,121
2026-10-09T14:36:49Z,8211,88
2026-10-09T14:36:50Z,8211,88
2026-10-09T14:36:51Z,8211,88
2026-10-09T14:36:52Z,8211,110
2026-10-09T14:36:53Z,8211,104
2026-10-09T14:36:54Z,8211,111
2026-10-09T14:36:55Z,8211,99
2026-10-09T14:36:56Z,8211,108
2026-10-09T14:36:57Z,8211,122
2026-10-09T14:36:58Z,8211,94
2026-10-09T14:36:59Z,8211,88
2026-10-09T14:37:00Z,8211,88
2026-10-09T14:37:01Z,8211,121
2026-10-09T14:37:02Z,8211,108
2026-10-09T14:37:03Z,8211,104
2026-10-09T14:37:04Z,8211,89
2026-10-09T14:37:05Z,8211,108
2026-10-09T14:37:06Z,8211,91
2026-10-09T14:37:07Z,8211,126
2026-10-09T14:37:08Z,8211,92
2026-10-09T14:37:09Z,8211,104
2026-10-09T14:37:10Z,8211,108
2026-10-09T14:37:11Z,8211,88
2026-10-09T14:37:12Z,8211,105
2026-10-09T14:37:13Z,8211,129
2026-10-09T14:37:14Z,8211,106
2026-10-09T14:37:15Z,8211,120
2026-10-09T14:37:16Z,8211,130
2026-10-09T14:37:17Z,8211,127
2026-10-09T14:37:18Z,8211,87
2026-10-09T14:37:19Z,8211,89
2026-10-09T14:37:20Z,8211,120
2026-10-09T14:37:21Z,8211,113
2026-10-09T14:37:22Z,8211,113
2026-10-09T14:37:23Z,8211,106
2026-10-09T14:37:24Z,8211,117
2026-10-09T14:37:25Z,8211,109
2026-10-09T14:37:26Z,8211,114
2026-10-09T14:37:27Z,8211,88
2026-10-09T14:37:28Z,8211,114
2026-10-09T14:37:29Z,8211,88
2026-10-09T14:37:30Z,8211,88
2026-10-09T14:37:31Z,8211,110
2026-10-09T14:37:32Z,8211,118
2026-10-09T14:37:33Z,8211,122
2026-10-09T14:37:34Z,8211,125
2026-10-09T14:37:35Z,8211,127
2026-10-09T14:37:36Z,8211,114
2026-10-09T14:37:37Z,8211,89
2026-10-09T14:37:38Z,8211,96
2026-10-09T14:37:39Z,8211,117
2026-10-09T14:37:40Z,8211,107
2026-10-09T14:37:41Z,8211,122
2026-10-09T14:37:42Z,8211,107
2026-10-09T14:37:43Z,8211,88
2026-10-09T14:37:44Z,8211,109
2026-10-09T14:37:45Z,8211,88
2026-10-09T14:37:46Z,8211,88
2026-10-09T14:37:47Z,8211,98
2026-10-09T14:37:48Z,8211,88
2026-10-09T14:37:49Z,8211,88
2026-10-09T14:37:50Z,8211,89
2026-10-09T14:37:51Z,8211,101
2026-10-09T14:37:52Z,8211,114
2026-10-09T14:37:53Z,8211,128
2026-10-09T14:37:54Z,8211,108
2026-10-09T14:37:55Z,8211,131
2026-10-09T14:37:56Z,8211,110
2026-10-09T14:37:57Z,8211,104
2026-10-09T14:37:58Z,8211,122
2026-10-09T14:37:59Z,8211,140
2026-10-09T14:38:00Z,8211,88
2026-10-09T14:38:01Z,8211,127
2026-10-09T14:38:02Z,8211,113
2026-10-09T14:38:03Z,8211,133
2026-10-09T14:38:04Z,8211,88
2026-10-09T14:38:05Z,8211,103
2026-10-09T14:38:06Z,8211,113
2026-10-09T14:38:07Z,8211,111
2026-10-09T14:38:08Z,8211,104
2026-10-09T14:38:09Z,8211,89
2026-10-09T14:38:10Z,8211,88
2026-10-09T14:38:11Z,8211,88
2026-10-09T14:38:12Z,8211,91
2026-10-09T14:38:13Z,8211,119
2026-10-09T14:38:14Z,8211,113
2026-10-09T14:38:15Z,8211,107
2026-10-09T14:38:16Z,8211,87
2026-10-09T14:38:17Z,8211,87
2026-10-09T14:38:18Z,8211,88
2026-10-09T14:38:19Z,8211,121
2026-10-09T14:38:20Z,8211,149
2026-10-09T14:38:21Z,8211,125
2026-10-09T14:38:22Z,8211,102
2026-10-09T14:38:23Z,8211,123
2026-10-09T14:38:24Z,8211,102
2026-10-09T14:38:25Z,8211,126
2026-10-09T14:38:26Z,8211,118
2026-10-09T14:38:27Z,8211,123
2026-10-09T14:38:28Z,8211,117
2026-10-09T14:38:29Z,8211,87
2026-10-09T14:38:30Z,8211,97
2026-10-09T14:38:31Z,8211,123
2026-10-09T14:38:32Z,8211,111
2026-10-09T14:38:33Z,8211,114
2026-10-09T14:38:34Z,8211,90
2026-10-09T14:38:35Z,8211,124
2026-10-09T14:38:36Z,8211,131
2026-10-09T14:38:37Z,8211,102
2026-10-09T14:38:38Z,8211,87
2026-10-09T14:38:39Z,8211,125
2026-10-09T14:38:40Z,8211,106
2026-10-09T14:38:41Z,8211,113
2026-10-09T14:38:42Z,8211,121
2026-10-09T14:38:43Z,8211,87
2026-10-09T14:38:44Z,8211,88
2026-10-09T14:38:45Z,8211,88
2026-10-09T14:38:46Z,8211,111
2026-10-09T14:38:47Z,8211,104
2026-10-09T14:38:48Z,8211,112
2026-10-09T14:38:49Z,8211,105
2026-10-09T14:38:50Z,8211,88
2026-10-09T14:38:51Z,8211,105
2026-10-09T14:38:52Z,8211,88
2026-10-09T14:38:53Z,8211,87
2026-10-09T14:38:54Z,8211,87
2026-10-09T14:38:55Z,8211,119
2026-10-09T14:38:56Z,8211,89
2026-10-09T14:38:57Z,8211,88
2026-10-09T14:38:58Z,8211,88
2026-10-09T14:38:59Z,8211,129
2026-10-09T14:39:00Z,8211,131
2026-10-09T14:39:01Z,8211,102
2026-10-09T14:39:02Z,8211,109
2026-10-09T14:39:03Z,8211,126
2026-10-09T14:39:04Z,8211,222
2026-10-09T14:39:05Z,8211,118
2026-10-09T14:39:06Z,8211,112
2026-10-09T14:39:07Z,8211,87
2026-10-09T14:39:08Z,8211,87
2026-10-09T14:39:09Z,8211,88
2026-10-09T14:39:10Z,8211,88
2026-10-09T14:39:11Z,8211,109
2026-10-09T14:39:12Z,8211,101
2026-10-09T14:39:13Z,8211,108
2026-10-09T14:39:14Z,8211,87
2026-10-09T14:39:15Z,8211,115
2026-10-09T14:39:16Z,8211,108
2026-10-09T14:39:17Z,8211,88
2026-10-09T14:39:18Z,8211,88
2026-10-09T14:39:19Z,8211,88
2026-10-09T14:39:20Z,8211,87
2026-10-09T14:39:21Z,8211,113
2026-10-09T14:39:22Z,8211,136
2026-10-09T14:39:23Z,8211,91
2026-10-09T14:39:24Z,8211,121
2026-10-09T14:39:25Z,8211,110
2026-10-09T14:39:26Z,8211,88
2026-10-09T14:39:27Z,8211,88
2026-10-09T14:39:28Z,8211,88
2026-10-09T14:39:29Z,8211,88
2026-10-09T14:39:30Z,8211,88
2026-10-09T14:39:31Z,8211,88
2026-10-09T14:39:32Z,8211,121
2026-10-09T14:39:33Z,8211,97
2026-10-09T14:39:34Z,8211,119
2026-10-09T14:39:35Z,8211,136
2026-10-09T14:39:36Z,8211,115
2026-10-09T14:39:37Z,8211,106
2026-10-09T14:39:38Z,8211,116
2026-10-09T14:39:39Z,8211,124
2026-10-09T14:39:40Z,8211,97
2026-10-09T14:39:41Z,8211,88
2026-10-09T14:39:42Z,8211,87
2026-10-09T14:39:43Z,8211,87
2026-10-09T14:39:44Z,8211,88
2026-10-09T14:39:45Z,8211,119
2026-10-09T14:39:46Z,8211,113
2026-10-09T14:39:47Z,8211,117
2026-10-09T14:39:48Z,8211,115
2026-10-09T14:39:49Z,8211,105
2026-10-09T14:39:50Z,8211,111
2026-10-09T14:39:51Z,8211,87
2026-10-09T14:39:52Z,8211,87
2026-10-09T14:39:53Z,8211,87
2026-10-09T14:39:54Z,8211,112
2026-10-09T14:39:55Z,8211,89
2026-10-09T14:39:56Z,8211,87
2026-10-09T14:39:57Z,8211,88
2026-10-09T14:39:58Z,8211,88
2026-10-09T14:39:59Z,8211,88
2026-10-09T14:40:00Z,8211,88
2026-10-09T14:40:01Z,8211,88
2026-10-09T14:40:02Z,8211,88
2026-10-09T14:40:03Z,8211,108
2026-10-09T14:40:04Z,8211,89
2026-10-09T14:40:05Z,8211,88
2026-10-09T14:40:06Z,8211,99
2026-10-09T14:40:07Z,8211,105
2026-10-09T14:40:08Z,8211,113
2026-10-09T14:40:09Z,8211,87
2026-10-09T14:40:10Z,8211,87
2026-10-09T14:40:11Z,8211,88
2026-10-09T14:40:12Z,8211,92
2026-10-09T14:40:13Z,8211,115
2026-10-09T14:40:14Z,8211,89
2026-10-09T14:40:15Z,8211,105
2026-10-09T14:40:16Z,8211,88
2026-10-09T14:40:17Z,8211,112
2026-10-09T14:40:18Z,8211,125
2026-10-09T14:40:19Z,8211,114
2026-10-09T14:40:20Z,8211,105
2026-10-09T14:40:21Z,8211,111
2026-10-09T14:40:22Z,8211,87
2026-10-09T14:40:23Z,8211,87
2026-10-09T14:40:24Z,8211,111
2026-10-09T14:40:25Z,8211,101
2026-10-09T14:40:26Z,8211,114
2026-10-09T14:40:27Z,8211,110
2026-10-09T14:40:28Z,8211,106
2026-10-09T14:40:29Z,8211,131
2026-10-09T14:40:30Z,8211,95
2026-10-09T14:40:31Z,8211,88
2026-10-09T14:40:32Z,8211,88
2026-10-09T14:40:33Z,8211,104
2026-10-09T14:40:34Z,8211,102
2026-10-09T14:40:35Z,8211,111
2026-10-09T14:40:36Z,8211,122
2026-10-09T14:40:37Z,8211,124
2026-10-09T14:40:38Z,8211,124
2026-10-09T14:40:39Z,8211,118
2026-10-09T14:40:40Z,8211,120
2026-10-09T14:40:41Z,8211,116
2026-10-09T14:40:42Z,8211,87
2026-10-09T14:40:43Z,8211,88
2026-10-09T14:40:44Z,8211,106
2026-10-09T14:40:45Z,8211,112
2026-10-09T14:40:46Z,8211,103
2026-10-09T14:40:47Z,8211,109
2026-10-09T14:40:48Z,8211,119
2026-10-09T14:40:49Z,8211,109
2026-10-09T14:40:50Z,8211,118
2026-10-09T14:40:51Z,8211,121
2026-10-09T14:40:52Z,8211,90
2026-10-09T14:40:53Z,8211,88
2026-10-09T14:40:54Z,8211,89
2026-10-09T14:40:55Z,8211,102
2026-10-09T14:40:56Z,8211,111
2026-10-09T14:40:57Z,8211,104
2026-10-09T14:40:58Z,8211,113
2026-10-09T14:40:59Z,8211,102
2026-10-09T14:41:00Z,8211,112
2026-10-09T14:41:01Z,8211,88
2026-10-09T14:41:02Z,8211,95
2026-10-09T14:41:03Z,8211,87
2026-10-09T14:41:04Z,8211,88
2026-10-09T14:41:05Z,8211,111
2026-10-09T14:41:06Z,8211,121
2026-10-09T14:41:07Z,8211,113
2026-10-09T14:41:08Z,8211,122
2026-10-09T14:41:09Z,8211,88
2026-10-09T14:41:10Z,8211,126
2026-10-09T14:41:11Z,8211,123
2026-10-09T14:41:12Z,8211,118
2026-10-09T14:41:13Z,8211,114
2026-10-09T14:41:14Z,8211,122
2026-10-09T14:41:15Z,8211,88
2026-10-09T14:41:16Z,8211,88
2026-10-09T14:41:17Z,8211,110
2026-10-09T14:41:18Z,8211,122
2026-10-09T14:41:19Z,8211,119
2026-10-09T14:41:20Z,8211,123
2026-10-09T14:41:21Z,8211,121
2026-10-09T14:41:22Z,8211,108
2026-10-09T14:41:23Z,8211,115
2026-10-09T14:41:24Z,8211,105
2026-10-09T14:41:25Z,8211,87
2026-10-09T14:41:26Z,8211,208
2026-10-09T14:41:27Z,8211,115
2026-10-09T14:41:28Z,8211,112
2026-10-09T14:41:29Z,8211,140
2026-10-09T14:41:30Z,8211,116
2026-10-09T14:41:31Z,8211,112
2026-10-09T14:41:32Z,8211,105
2026-10-09T14:41:33Z,8211,127
2026-10-09T14:41:34Z,8211,111
2026-10-09T14:41:35Z,8211,108
2026-10-09T14:41:36Z,8211,182
2026-10-09T14:41:37Z,8211,127
2026-10-09T14:41:38Z,8211,134
2026-10-09T14:41:39Z,8211,127
2026-10-09T14:41:40Z,8211,119
2026-10-09T14:41:41Z,8211,103
2026-10-09T14:41:42Z,8211,112
2026-10-09T14:41:43Z,8211,121
2026-10-09T14:41:44Z,8211,117
2026-10-09T14:41:45Z,8211,112
2026-10-09T14:41:46Z,8211,144
2026-10-09T14:41:47Z,8211,120
2026-10-09T14:41:48Z,8211,120
2026-10-09T14:41:49Z,8211,110
2026-10-09T14:41:50Z,8211,123
2026-10-09T14:41:51Z,8211,123
2026-10-09T14:41:52Z,8211,114
2026-10-09T14:41:53Z,8211,121
2026-10-09T14:41:54Z,8211,131
2026-10-09T14:41:55Z,8211,122
2026-10-09T14:41:56Z,8211,168
2026-10-09T14:41:57Z,8211,113
2026-10-09T14:41:58Z,8211,110
2026-10-09T14:41:59Z,8211,117
2026-10-09T14:42:00Z,8211,108
2026-10-09T14:42:01Z,8211,115
2026-10-09T14:42:02Z,8211,102
2026-10-09T14:42:03Z,8211,116
2026-10-09T14:42:04Z,8211,88
2026-10-09T14:42:05Z,8211,102
2026-10-09T14:42:06Z,8211,130
2026-10-09T14:42:07Z,8211,88
2026-10-09T14:42:08Z,8211,108
2026-10-09T14:42:09Z,8211,101
2026-10-09T14:42:10Z,8211,111
2026-10-09T14:42:11Z,8211,106
2026-10-09T14:42:12Z,8211,101
2026-10-09T14:42:13Z,8211,127
2026-10-09T14:42:14Z,8211,124
2026-10-09T14:42:15Z,8211,125
2026-10-09T14:42:16Z,8211,153
2026-10-09T14:42:17Z,8211,103
2026-10-09T14:42:18Z,8211,90
2026-10-09T14:42:19Z,8211,105
2026-10-09T14:42:20Z,8211,115
2026-10-09T14:42:21Z,8211,88
2026-10-09T14:42:22Z,8211,122
2026-10-09T14:42:23Z,8211,119
2026-10-09T14:42:24Z,8211,115
2026-10-09T14:42:25Z,8211,121
2026-10-09T14:42:26Z,8211,135
2026-10-09T14:42:27Z,8211,112
2026-10-09T14:42:28Z,8211,108
2026-10-09T14:42:29Z,8211,129
2026-10-09T14:42:30Z,8211,109
2026-10-09T14:42:31Z,8211,103
2026-10-09T14:42:32Z,8211,115
2026-10-09T14:42:33Z,8211,124
2026-10-09T14:42:34Z,8211,117
2026-10-09T14:42:35Z,8211,113
2026-10-09T14:42:36Z,8211,122
2026-10-09T14:42:37Z,8211,114
2026-10-09T14:42:38Z,8211,104
2026-10-09T14:42:39Z,8211,114
2026-10-09T14:42:40Z,8211,109
2026-10-09T14:42:41Z,8211,105
2026-10-09T14:42:42Z,8211,113
2026-10-09T14:42:43Z,8211,108
2026-10-09T14:42:44Z,8211,106
2026-10-09T14:42:45Z,8211,107
2026-10-09T14:42:46Z,8211,118
2026-10-09T14:42:47Z,8211,115
2026-10-09T14:42:48Z,8211,109
2026-10-09T14:42:49Z,8211,115
2026-10-09T14:42:50Z,8211,115
2026-10-09T14:42:51Z,8211,103
2026-10-09T14:42:52Z,8211,111
2026-10-09T14:42:53Z,8211,112
2026-10-09T14:42:54Z,8211,109
2026-10-09T14:42:55Z,8211,108
2026-10-09T14:42:56Z,8211,122
2026-10-09T14:42:57Z,8211,110
2026-10-09T14:42:58Z,8211,116
2026-10-09T14:42:59Z,8211,104
2026-10-09T14:43:00Z,8211,116
2026-10-09T14:43:01Z,8211,105
2026-10-09T14:43:02Z,8211,88
2026-10-09T14:43:03Z,8211,104
2026-10-09T14:43:04Z,8211,91
2026-10-09T14:43:05Z,8211,118
2026-10-09T14:43:06Z,8211,123
2026-10-09T14:43:07Z,8211,126
2026-10-09T14:43:08Z,8211,105
2026-10-09T14:43:09Z,8211,157
2026-10-09T14:43:10Z,8211,169
2026-10-09T14:43:11Z,8211,164
2026-10-09T14:43:12Z,8211,157
2026-10-09T14:43:13Z,8211,158
2026-10-09T14:43:14Z,8211,155
2026-10-09T14:43:15Z,8211,164
2026-10-09T14:43:16Z,8211,135
2026-10-09T14:43:17Z,8211,169
2026-10-09T14:43:18Z,8211,151
2026-10-09T14:43:19Z,8211,136
2026-10-09T14:43:20Z,8211,154
2026-10-09T14:43:21Z,8211,150
2026-10-09T14:43:22Z,8211,148
2026-10-09T14:43:23Z,8211,132
2026-10-09T14:43:24Z,8211,147
2026-10-09T14:43:25Z,8211,145
2026-10-09T14:43:26Z,8211,206
2026-10-09T14:43:27Z,8211,156
2026-10-09T14:43:28Z,8211,168
2026-10-09T14:43:29Z,8211,144
2026-10-09T14:43:30Z,8211,141
2026-10-09T14:43:31Z,8211,153
2026-10-09T14:43:32Z,8211,144
2026-10-09T14:43:33Z,8211,137
2026-10-09T14:43:34Z,8211,151
2026-10-09T14:43:35Z,8211,155
2026-10-09T14:43:36Z,8211,129
2026-10-09T14:43:37Z,8211,146
2026-10-09T14:43:38Z,8211,124
2026-10-09T14:43:39Z,8211,145
2026-10-09T14:43:40Z,8211,142
2026-10-09T14:43:41Z,8211,139
2026-10-09T14:43:42Z,8211,137
2026-10-09T14:43:43Z,8211,131
2026-10-09T14:43:44Z,8211,115
2026-10-09T14:43:45Z,8211,146
2026-10-09T14:43:46Z,8211,197
2026-10-09T14:43:47Z,8211,136
2026-10-09T14:43:48Z,8211,129
2026-10-09T14:43:49Z,8211,141
2026-10-09T14:43:50Z,8211,134
2026-10-09T14:43:51Z,8211,129
2026-10-09T14:43:52Z,8211,136
2026-10-09T14:43:53Z,8211,134
2026-10-09T14:43:54Z,8211,140
2026-10-09T14:43:55Z,8211,131
2026-10-09T14:43:56Z,8211,185
2026-10-09T14:43:57Z,8211,105
2026-10-09T14:43:58Z,8211,130
2026-10-09T14:43:59Z,8211,123
2026-10-09T14:44:00Z,8211,114
2026-10-09T14:44:01Z,8211,125
2026-10-09T14:44:02Z,8211,118
2026-10-09T14:44:03Z,8211,131
2026-10-09T14:44:04Z,8211,119
2026-10-09T14:44:05Z,8211,97
2026-10-09T14:44:06Z,8211,170
2026-10-09T14:44:07Z,8211,125
2026-10-09T14:44:08Z,8211,96
2026-10-09T14:44:09Z,8211,116
2026-10-09T14:44:10Z,8211,109
2026-10-09T14:44:11Z,8211,93
2026-10-09T14:44:12Z,8211,124
2026-10-09T14:44:13Z,8211,118
2026-10-09T14:44:14Z,8211,111
2026-10-09T14:44:15Z,8211,88
2026-10-09T14:44:16Z,8211,123
2026-10-09T14:44:17Z,8211,88
2026-10-09T14:44:18Z,8211,115
2026-10-09T14:44:19Z,8211,124
2026-10-09T14:44:20Z,8211,89
2026-10-09T14:44:21Z,8211,90
2026-10-09T14:44:22Z,8211,89
2026-10-09T14:44:23Z,8211,89
2026-10-09T14:44:24Z,8211,101
2026-10-09T14:44:25Z,8211,99
2026-10-09T14:44:26Z,8211,106
2026-10-09T14:44:27Z,8211,88
2026-10-09T14:44:28Z,8211,88
2026-10-09T14:44:29Z,8211,115
2026-10-09T14:44:30Z,8211,104
2026-10-09T14:44:31Z,8211,130
2026-10-09T14:44:32Z,8211,107
2026-10-09T14:44:33Z,8211,102
2026-10-09T14:44:34Z,8211,90
2026-10-09T14:44:35Z,8211,103
2026-10-09T14:44:36Z,8211,154
2026-10-09T14:44:37Z,8211,1126
2026-10-09T14:44:39Z,8211,124
2026-10-09T14:44:40Z,8211,118
2026-10-09T14:44:41Z,8211,114
2026-10-09T14:44:42Z,8211,109
2026-10-09T14:44:43Z,8211,150
2026-10-09T14:44:44Z,8211,123
2026-10-09T14:44:45Z,8211,119
2026-10-09T14:44:46Z,8211,145
2026-10-09T14:44:47Z,8211,114
2026-10-09T14:44:48Z,8211,114
2026-10-09T14:44:49Z,8211,103
2026-10-09T14:44:50Z,8211,87
2026-10-09T14:44:51Z,8211,121
2026-10-09T14:44:52Z,8211,114
2026-10-09T14:44:53Z,8211,120
2026-10-09T14:44:54Z,8211,116
2026-10-09T14:44:55Z,8211,88
2026-10-09T14:44:56Z,8211,127
2026-10-09T14:44:57Z,8211,111
2026-10-09T14:44:58Z,8211,108
2026-10-09T14:44:59Z,8211,107
2026-10-09T14:45:00Z,8211,94
2026-10-09T14:45:01Z,8211,88
2026-10-09T14:45:02Z,8211,113
2026-10-09T14:45:03Z,8211,89
2026-10-09T14:45:04Z,8211,99
2026-10-09T14:45:05Z,8211,105
2026-10-09T14:45:06Z,8211,141
2026-10-09T14:45:07Z,8211,1098
2026-10-09T14:45:09Z,8211,121
2026-10-09T14:45:10Z,8211,95
2026-10-09T14:45:11Z,8211,94
2026-10-09T14:45:12Z,8211,94
2026-10-09T14:45:13Z,8211,1093
2026-10-09T14:45:15Z,8211,98
2026-10-09T14:45:16Z,8211,169
2026-10-09T14:45:17Z,8211,168
2026-10-09T14:45:18Z,8211,171
2026-10-09T14:45:19Z,8211,1087
2026-10-09T14:45:21Z,8211,115
2026-10-09T14:45:22Z,8211,91
2026-10-09T14:45:23Z,8211,130
2026-10-09T14:45:24Z,8211,90
2026-10-09T14:45:25Z,8211,1082
2026-10-09T14:45:27Z,8211,160
2026-10-09T14:45:28Z,8211,199
2026-10-09T14:45:29Z,8211,97
2026-10-09T14:45:30Z,8211,96
2026-10-09T14:45:31Z,8211,1077
2026-10-09T14:45:33Z,8211,94
2026-10-09T14:45:34Z,8211,1080
2026-10-09T14:45:36Z,8211,151
2026-10-09T14:45:37Z,8211,1070
2026-10-09T14:45:39Z,8211,150
2026-10-09T14:45:40Z,8211,187
2026-10-09T14:45:41Z,8211,123
2026-10-09T14:45:42Z,8211,91
2026-10-09T14:45:43Z,8211,1066
2026-10-09T14:45:45Z,8211,96
2026-10-09T14:45:46Z,8211,1063
2026-10-09T14:45:48Z,8211,142
2026-10-09T14:45:49Z,8211,1060
2026-10-09T14:45:51Z,8211,107
2026-10-09T14:45:52Z,8211,1058
2026-10-09T14:45:54Z,8211,109
2026-10-09T14:45:55Z,8211,1055
2026-10-09T14:45:57Z,8211,135
2026-10-09T14:45:58Z,8211,1054
2026-10-09T14:46:00Z,8211,97
2026-10-09T14:46:01Z,8211,1051
2026-10-09T14:46:03Z,8211,98
2026-10-09T14:46:04Z,8211,1054
2026-10-09T14:46:06Z,8211,124
2026-10-09T14:46:07Z,8211,1124
2026-10-09T14:46:09Z,8211,162
2026-10-09T14:46:10Z,8211,88
2026-10-09T14:46:11Z,8211,87
2026-10-09T14:46:12Z,8211,88
2026-10-09T14:46:13Z,8211,88
2026-10-09T14:46:14Z,8211,88
2026-10-09T14:46:15Z,8211,87
2026-10-09T14:46:16Z,8211,133
2026-10-09T14:46:17Z,8211,123
2026-10-09T14:46:18Z,8211,88
2026-10-09T14:46:19Z,8211,88
2026-10-09T14:46:20Z,8211,94
2026-10-09T14:46:21Z,8211,89
2026-10-09T14:46:22Z,8211,96
2026-10-09T14:46:23Z,8211,88
2026-10-09T14:46:24Z,8211,93
2026-10-09T14:46:25Z,8211,88
2026-10-09T14:46:26Z,8211,147
2026-10-09T14:46:27Z,8211,89
2026-10-09T14:46:28Z,8211,88
2026-10-09T14:46:29Z,8211,88
2026-10-09T14:46:30Z,8211,104
2026-10-09T14:46:31Z,8211,88
2026-10-09T14:46:32Z,8211,87
2026-10-09T14:46:33Z,8211,87
2026-10-09T14:46:34Z,8211,110
2026-10-09T14:46:35Z,8211,133
2026-10-09T14:46:36Z,8211,157
2026-10-09T14:46:37Z,8211,133
2026-10-09T14:46:38Z,8211,118
2026-10-09T14:46:39Z,8211,128
2026-10-09T14:46:40Z,8211,87
2026-10-09T14:46:41Z,8211,87
2026-10-09T14:46:42Z,8211,124
2026-10-09T14:46:43Z,8211,115
2026-10-09T14:46:44Z,8211,108
2026-10-09T14:46:45Z,8211,89
2026-10-09T14:46:46Z,8211,166
2026-10-09T14:46:47Z,8211,116
2026-10-09T14:46:48Z,8211,124
2026-10-09T14:46:49Z,8211,88
2026-10-09T14:46:50Z,8211,88
2026-10-09T14:46:51Z,8211,112
2026-10-09T14:46:52Z,8211,109
2026-10-09T14:46:53Z,8211,106
2026-10-09T14:46:54Z,8211,112
2026-10-09T14:46:55Z,8211,105
2026-10-09T14:46:56Z,8211,114
2026-10-09T14:46:57Z,8211,115
2026-10-09T14:46:58Z,8211,129
2026-10-09T14:46:59Z,8211,87
2026-10-09T14:47:00Z,8211,87
2026-10-09T14:47:01Z,8211,88
2026-10-09T14:47:02Z,8211,88
2026-10-09T14:47:03Z,8211,101
2026-10-09T14:47:04Z,8211,92
2026-10-09T14:47:05Z,8211,119
2026-10-09T14:47:06Z,8211,139
2026-10-09T14:47:07Z,8211,115
2026-10-09T14:47:08Z,8211,121
2026-10-09T14:47:09Z,8211,118
2026-10-09T14:47:10Z,8211,115
2026-10-09T14:47:11Z,8211,121
2026-10-09T14:47:12Z,8211,88
2026-10-09T14:47:13Z,8211,94
2026-10-09T14:47:14Z,8211,88
2026-10-09T14:47:15Z,8211,98
2026-10-09T14:47:16Z,8211,106
2026-10-09T14:47:17Z,8211,124
2026-10-09T14:47:18Z,8211,102
2026-10-09T14:47:19Z,8211,107
2026-10-09T14:47:20Z,8211,88
2026-10-09T14:47:21Z,8211,89
2026-10-09T14:47:22Z,8211,88
2026-10-09T14:47:23Z,8211,114
2026-10-09T14:47:24Z,8211,104
2026-10-09T14:47:25Z,8211,115
2026-10-09T14:47:26Z,8211,119
2026-10-09T14:47:27Z,8211,88
2026-10-09T14:47:28Z,8211,108
2026-10-09T14:47:29Z,8211,114
2026-10-09T14:47:30Z,8211,100
2026-10-09T14:47:31Z,8211,93
2026-10-09T14:47:32Z,8211,88
2026-10-09T14:47:33Z,8211,88
2026-10-09T14:47:34Z,8211,88
2026-10-09T14:47:35Z,8211,94
2026-10-09T14:47:36Z,8211,94
2026-10-09T14:47:37Z,8211,89
2026-10-09T14:47:38Z,8211,103
2026-10-09T14:47:39Z,8211,88
2026-10-09T14:47:40Z,8211,118
2026-10-09T14:47:41Z,8211,122
2026-10-09T14:47:42Z,8211,88
2026-10-09T14:47:43Z,8211,88
2026-10-09T14:47:44Z,8211,88
2026-10-09T14:47:45Z,8211,88
2026-10-09T14:47:46Z,8211,106
2026-10-09T14:47:47Z,8211,112
2026-10-09T14:47:48Z,8211,88
2026-10-09T14:47:49Z,8211,124
2026-10-09T14:47:50Z,8211,111
2026-10-09T14:47:51Z,8211,129
2026-10-09T14:47:52Z,8211,88
2026-10-09T14:47:53Z,8211,88
2026-10-09T14:47:54Z,8211,88
2026-10-09T14:47:55Z,8211,88
2026-10-09T14:47:56Z,8211,131
2026-10-09T14:47:57Z,8211,87
2026-10-09T14:47:58Z,8211,113
2026-10-09T14:47:59Z,8211,112
2026-10-09T14:48:00Z,8211,120
2026-10-09T14:48:01Z,8211,114
2026-10-09T14:48:02Z,8211,107
2026-10-09T14:48:03Z,8211,88
2026-10-09T14:48:04Z,8211,88
2026-10-09T14:48:05Z,8211,87
2026-10-09T14:48:06Z,8211,136
2026-10-09T14:48:07Z,8211,88
2026-10-09T14:48:08Z,8211,116
2026-10-09T14:48:09Z,8211,106
2026-10-09T14:48:10Z,8211,125
2026-10-09T14:48:11Z,8211,90
2026-10-09T14:48:12Z,8211,88
2026-10-09T14:48:13Z,8211,87
2026-10-09T14:48:14Z,8211,88
2026-10-09T14:48:15Z,8211,95
2026-10-09T14:48:16Z,8211,151
2026-10-09T14:48:17Z,8211,97
2026-10-09T14:48:18Z,8211,146
2026-10-09T14:48:19Z,8211,97
2026-10-09T14:48:20Z,8211,89
2026-10-09T14:48:21Z,8211,89
2026-10-09T14:48:22Z,8211,100
2026-10-09T14:48:23Z,8211,126
2026-10-09T14:48:24Z,8211,121
2026-10-09T14:48:25Z,8211,131
2026-10-09T14:48:26Z,8211,117
2026-10-09T14:48:27Z,8211,129
2026-10-09T14:48:28Z,8211,124
2026-10-09T14:48:29Z,8211,123
2026-10-09T14:48:30Z,8211,98
2026-10-09T14:48:31Z,8211,88
2026-10-09T14:48:32Z,8211,87
2026-10-09T14:48:33Z,8211,88
2026-10-09T14:48:34Z,8211,113
2026-10-09T14:48:35Z,8211,136
2026-10-09T14:48:36Z,8211,106
2026-10-09T14:48:37Z,8211,107
2026-10-09T14:48:38Z,8211,112
2026-10-09T14:48:39Z,8211,90
2026-10-09T14:48:40Z,8211,109
2026-10-09T14:48:41Z,8211,88
2026-10-09T14:48:42Z,8211,88
2026-10-09T14:48:43Z,8211,87
2026-10-09T14:48:44Z,8211,112
2026-10-09T14:48:45Z,8211,106
2026-10-09T14:48:46Z,8211,157
2026-10-09T14:48:47Z,8211,124
2026-10-09T14:48:48Z,8211,106
2026-10-09T14:48:49Z,8211,112
2026-10-09T14:48:50Z,8211,88
2026-10-09T14:48:51Z,8211,88
2026-10-09T14:48:52Z,8211,87
2026-10-09T14:48:53Z,8211,121
2026-10-09T14:48:54Z,8211,116
2026-10-09T14:48:55Z,8211,111
2026-10-09T14:48:56Z,8211,100
2026-10-09T14:48:57Z,8211,110
2026-10-09T14:48:58Z,8211,89
2026-10-09T14:48:59Z,8211,88
2026-10-09T14:49:00Z,8211,88
2026-10-09T14:49:01Z,8211,119
2026-10-09T14:49:02Z,8211,120
2026-10-09T14:49:03Z,8211,117
2026-10-09T14:49:04Z,8211,88
2026-10-09T14:49:05Z,8211,112
2026-10-09T14:49:06Z,8211,87
2026-10-09T14:49:07Z,8211,115
2026-10-09T14:49:08Z,8211,88
2026-10-09T14:49:09Z,8211,88
2026-10-09T14:49:10Z,8211,88
2026-10-09T14:49:11Z,8211,109
2026-10-09T14:49:12Z,8211,101
2026-10-09T14:49:13Z,8211,109
2026-10-09T14:49:14Z,8211,119
2026-10-09T14:49:15Z,8211,109
2026-10-09T14:49:16Z,8211,209
2026-10-09T14:49:17Z,8211,110
2026-10-09T14:49:18Z,8211,87
2026-10-09T14:49:19Z,8211,90
2026-10-09T14:49:20Z,8211,88
2026-10-09T14:49:21Z,8211,90
2026-10-09T14:49:22Z,8211,88
2026-10-09T14:49:23Z,8211,106
2026-10-09T14:49:24Z,8211,113
2026-10-09T14:49:25Z,8211,107
2026-10-09T14:49:26Z,8211,205
2026-10-09T14:49:27Z,8211,103
2026-10-09T14:49:28Z,8211,87
2026-10-09T14:49:29Z,8211,88
2026-10-09T14:49:30Z,8211,88
2026-10-09T14:49:31Z,8211,119
2026-10-09T14:49:32Z,8211,112
2026-10-09T14:49:33Z,8211,89
2026-10-09T14:49:34Z,8211,88
2026-10-09T14:49:35Z,8211,122
2026-10-09T14:49:36Z,8211,98
2026-10-09T14:49:37Z,8211,96
2026-10-09T14:49:38Z,8211,118
2026-10-09T14:49:39Z,8211,87
2026-10-09T14:49:40Z,8211,88
2026-10-09T14:49:41Z,8211,119
2026-10-09T14:49:42Z,8211,116
2026-10-09T14:49:43Z,8211,88
2026-10-09T14:49:44Z,8211,97
2026-10-09T14:49:45Z,8211,91
2026-10-09T14:49:46Z,8211,209
2026-10-09T14:49:47Z,8211,88
2026-10-09T14:49:48Z,8211,88
2026-10-09T14:49:49Z,8211,88
2026-10-09T14:49:50Z,8211,88
2026-10-09T14:49:51Z,8211,129
2026-10-09T14:49:52Z,8211,88
2026-10-09T14:49:53Z,8211,89
2026-10-09T14:49:54Z,8211,102
2026-10-09T14:49:55Z,8211,108
2026-10-09T14:49:56Z,8211,198
2026-10-09T14:49:57Z,8211,109
2026-10-09T14:49:58Z,8211,114
2026-10-09T14:49:59Z,8211,92
2026-10-09T14:50:01Z,8211,87
2026-10-09T14:50:02Z,8211,87
2026-10-09T14:50:03Z,8211,87
2026-10-09T14:50:04Z,8211,88
2026-10-09T14:50:05Z,8211,87
2026-10-09T14:50:06Z,8211,126
2026-10-09T14:50:07Z,8211,164
2026-10-09T14:50:08Z,8211,111
2026-10-09T14:50:09Z,8211,107
2026-10-09T14:50:10Z,8211,94
2026-10-09T14:50:11Z,8211,89
2026-10-09T14:50:12Z,8211,87
2026-10-09T14:50:13Z,8211,88
2026-10-09T14:50:14Z,8211,121
2026-10-09T14:50:15Z,8211,116
2026-10-09T14:50:16Z,8211,124
2026-10-09T14:50:17Z,8211,187
2026-10-09T14:50:18Z,8211,119
2026-10-09T14:50:19Z,8211,110
2026-10-09T14:50:20Z,8211,88
2026-10-09T14:50:21Z,8211,108
2026-10-09T14:50:22Z,8211,89
2026-10-09T14:50:23Z,8211,88
2026-10-09T14:50:24Z,8211,125
2026-10-09T14:50:25Z,8211,119
2026-10-09T14:50:26Z,8211,88
2026-10-09T14:50:27Z,8211,159
2026-10-09T14:50:28Z,8211,102
2026-10-09T14:50:29Z,8211,122
2026-10-09T14:50:30Z,8211,112
2026-10-09T14:50:31Z,8211,88
2026-10-09T14:50:32Z,8211,109
2026-10-09T14:50:33Z,8211,90
2026-10-09T14:50:34Z,8211,89
2026-10-09T14:50:35Z,8211,106
2026-10-09T14:50:36Z,8211,103
2026-10-09T14:50:37Z,8211,185
2026-10-09T14:50:38Z,8211,108
2026-10-09T14:50:39Z,8211,103
2026-10-09T14:50:40Z,8211,126
2026-10-09T14:50:41Z,8211,98
2026-10-09T14:50:42Z,8211,90
2026-10-09T14:50:43Z,8211,100
2026-10-09T14:50:44Z,8211,88
2026-10-09T14:50:45Z,8211,88
2026-10-09T14:50:46Z,8211,100
2026-10-09T14:50:47Z,8211,133
2026-10-09T14:50:48Z,8211,118
2026-10-09T14:50:49Z,8211,114
2026-10-09T14:50:50Z,8211,106
2026-10-09T14:50:51Z,8211,88
2026-10-09T14:50:52Z,8211,88
2026-10-09T14:50:53Z,8211,100
2026-10-09T14:50:54Z,8211,88
2026-10-09T14:50:55Z,8211,88
2026-10-09T14:50:56Z,8211,88
2026-10-09T14:50:57Z,8211,157
2026-10-09T14:50:58Z,8211,91
2026-10-09T14:50:59Z,8211,88
2026-10-09T14:51:00Z,8211,88
2026-10-09T14:51:01Z,8211,118
2026-10-09T14:51:02Z,8211,88
2026-10-09T14:51:03Z,8211,116
2026-10-09T14:51:04Z,8211,106
2026-10-09T14:51:05Z,8211,88
2026-10-09T14:51:06Z,8211,107
2026-10-09T14:51:07Z,8211,141
2026-10-09T14:51:08Z,8211,93
2026-10-09T14:51:09Z,8211,87
2026-10-09T14:51:10Z,8211,88
2026-10-09T14:51:11Z,8211,88
2026-10-09T14:51:12Z,8211,88
2026-10-09T14:51:13Z,8211,130
2026-10-09T14:51:14Z,8211,112
2026-10-09T14:51:15Z,8211,91
2026-10-09T14:51:16Z,8211,109
2026-10-09T14:51:17Z,8211,140
2026-10-09T14:51:18Z,8211,89
2026-10-09T14:51:19Z,8211,88
2026-10-09T14:51:20Z,8211,88
2026-10-09T14:51:21Z,8211,114
2026-10-09T14:51:22Z,8211,123
2026-10-09T14:51:23Z,8211,116
2026-10-09T14:51:24Z,8211,123
2026-10-09T14:51:25Z,8211,100
2026-10-09T14:51:26Z,8211,88
2026-10-09T14:51:27Z,8211,89
2026-10-09T14:51:28Z,8211,88
2026-10-09T14:51:29Z,8211,88
2026-10-09T14:51:30Z,8211,122
2026-10-09T14:51:31Z,8211,114
2026-10-09T14:51:32Z,8211,111
2026-10-09T14:51:33Z,8211,113
2026-10-09T14:51:34Z,8211,115
2026-10-09T14:51:35Z,8211,120
2026-10-09T14:51:36Z,8211,87
2026-10-09T14:51:37Z,8211,88
2026-10-09T14:51:38Z,8211,88
2026-10-09T14:51:39Z,8211,119
2026-10-09T14:51:40Z,8211,116
2026-10-09T14:51:41Z,8211,124
2026-10-09T14:51:42Z,8211,102
2026-10-09T14:51:43Z,8211,110
2026-10-09T14:51:44Z,8211,104
2026-10-09T14:51:45Z,8211,88
2026-10-09T14:51:46Z,8211,100
2026-10-09T14:51:47Z,8211,103
2026-10-09T14:51:48Z,8211,114
2026-10-09T14:51:49Z,8211,117
2026-10-09T14:51:50Z,8211,109
2026-10-09T14:51:51Z,8211,103
2026-10-09T14:51:52Z,8211,120
2026-10-09T14:51:53Z,8211,126
2026-10-09T14:51:54Z,8211,105
2026-10-09T14:51:55Z,8211,99
2026-10-09T14:51:56Z,8211,124
2026-10-09T14:51:57Z,8211,106
2026-10-09T14:51:58Z,8211,88
2026-10-09T14:51:59Z,8211,143
2026-10-09T14:52:00Z,8211,88
2026-10-09T14:52:01Z,8211,88
2026-10-09T14:52:02Z,8211,113
2026-10-09T14:52:03Z,8211,120
2026-10-09T14:52:04Z,8211,121
2026-10-09T14:52:05Z,8211,87
2026-10-09T14:52:06Z,8211,122
2026-10-09T14:52:07Z,8211,132
2026-10-09T14:52:08Z,8211,128
2026-10-09T14:52:09Z,8211,124
2026-10-09T14:52:10Z,8211,88
2026-10-09T14:52:11Z,8211,90
2026-10-09T14:52:12Z,8211,109
2026-10-09T14:52:13Z,8211,102
2026-10-09T14:52:14Z,8211,87
2026-10-09T14:52:15Z,8211,88
2026-10-09T14:52:16Z,8211,113
2026-10-09T14:52:17Z,8211,105
2026-10-09T14:52:18Z,8211,110
2026-10-09T14:52:19Z,8211,110
2026-10-09T14:52:20Z,8211,105
2026-10-09T14:52:21Z,8211,118
2026-10-09T14:52:22Z,8211,114
2026-10-09T14:52:23Z,8211,115
2026-10-09T14:52:24Z,8211,114
2026-10-09T14:52:25Z,8211,104
2026-10-09T14:52:26Z,8211,114
2026-10-09T14:52:27Z,8211,105
2026-10-09T14:52:28Z,8211,88
2026-10-09T14:52:29Z,8211,106
2026-10-09T14:52:30Z,8211,88
2026-10-09T14:52:31Z,8211,110
2026-10-09T14:52:32Z,8211,89
2026-10-09T14:52:33Z,8211,109
2026-10-09T14:52:34Z,8211,109
2026-10-09T14:52:35Z,8211,107
2026-10-09T14:52:36Z,8211,122
2026-10-09T14:52:37Z,8211,113
2026-10-09T14:52:38Z,8211,105
2026-10-09T14:52:39Z,8211,118
2026-10-09T14:52:40Z,8211,108
2026-10-09T14:52:41Z,8211,135
2026-10-09T14:52:42Z,8211,134
2026-10-09T14:52:43Z,8211,102
2026-10-09T14:52:44Z,8211,121
2026-10-09T14:52:45Z,8211,101
2026-10-09T14:52:46Z,8211,99
2026-10-09T14:52:47Z,8211,101
2026-10-09T14:52:48Z,8211,126
2026-10-09T14:52:49Z,8211,113
2026-10-09T14:52:50Z,8211,95
2026-10-09T14:52:51Z,8211,110
2026-10-09T14:52:52Z,8211,120
2026-10-09T14:52:53Z,8211,136
2026-10-09T14:52:54Z,8211,111
2026-10-09T14:52:55Z,8211,105
2026-10-09T14:52:56Z,8211,114
2026-10-09T14:52:57Z,8211,110
2026-10-09T14:52:58Z,8211,105
2026-10-09T14:52:59Z,8211,165
2026-10-09T14:53:00Z,8211,162
2026-10-09T14:53:01Z,8211,170
2026-10-09T14:53:02Z,8211,143
2026-10-09T14:53:03Z,8211,95
2026-10-09T14:53:04Z,8211,144
2026-10-09T14:53:05Z,8211,139
2026-10-09T14:53:06Z,8211,173
2026-10-09T14:53:07Z,8211,165
2026-10-09T14:53:08Z,8211,157
2026-10-09T14:53:09Z,8211,156
2026-10-09T14:53:10Z,8211,148
2026-10-09T14:53:11Z,8211,161
2026-10-09T14:53:12Z,8211,158
2026-10-09T14:53:13Z,8211,148
2026-10-09T14:53:14Z,8211,159
2026-10-09T14:53:15Z,8211,132
2026-10-09T14:53:16Z,8211,126
2026-10-09T14:53:17Z,8211,163
2026-10-09T14:53:18Z,8211,153
2026-10-09T14:53:19Z,8211,147
2026-10-09T14:53:20Z,8211,153
2026-10-09T14:53:21Z,8211,146
2026-10-09T14:53:22Z,8211,113
2026-10-09T14:53:23Z,8211,153
2026-10-09T14:53:24Z,8211,118
2026-10-09T14:53:25Z,8211,150
2026-10-09T14:53:26Z,8211,147
2026-10-09T14:53:27Z,8211,144
2026-10-09T14:53:28Z,8211,103
2026-10-09T14:53:29Z,8211,122
2026-10-09T14:53:30Z,8211,143
2026-10-09T14:53:31Z,8211,145
2026-10-09T14:53:32Z,8211,144
2026-10-09T14:53:33Z,8211,132
2026-10-09T14:53:34Z,8211,143
2026-10-09T14:53:35Z,8211,151
2026-10-09T14:53:36Z,8211,128
2026-10-09T14:53:37Z,8211,134
2026-10-09T14:53:38Z,8211,127
2026-10-09T14:53:39Z,8211,135
2026-10-09T14:53:40Z,8211,129
2026-10-09T14:53:41Z,8211,106
2026-10-09T14:53:42Z,8211,131
2026-10-09T14:53:43Z,8211,128
2026-10-09T14:53:44Z,8211,132
2026-10-09T14:53:45Z,8211,104
2026-10-09T14:53:46Z,8211,135
2026-10-09T14:53:47Z,8211,134
2026-10-09T14:53:48Z,8211,123
2026-10-09T14:53:49Z,8211,117
2026-10-09T14:53:50Z,8211,130
2026-10-09T14:53:51Z,8211,121
2026-10-09T14:53:52Z,8211,114
2026-10-09T14:53:53Z,8211,121
2026-10-09T14:53:54Z,8211,131
2026-10-09T14:53:55Z,8211,129
2026-10-09T14:53:56Z,8211,122
2026-10-09T14:53:57Z,8211,120
2026-10-09T14:53:58Z,8211,131
2026-10-09T14:53:59Z,8211,143
2026-10-09T14:54:00Z,8211,121
2026-10-09T14:54:01Z,8211,112
2026-10-09T14:54:02Z,8211,111
2026-10-09T14:54:03Z,8211,120
2026-10-09T14:54:04Z,8211,88
2026-10-09T14:54:05Z,8211,87
2026-10-09T14:54:06Z,8211,90
2026-10-09T14:54:07Z,8211,119
2026-10-09T14:54:08Z,8211,111
2026-10-09T14:54:09Z,8211,105
2026-10-09T14:54:10Z,8211,112
2026-10-09T14:54:11Z,8211,106
2026-10-09T14:54:12Z,8211,113
2026-10-09T14:54:13Z,8211,109
2026-10-09T14:54:14Z,8211,101
2026-10-09T14:54:15Z,8211,131
2026-10-09T14:54:16Z,8211,113
2026-10-09T14:54:17Z,8211,125
2026-10-09T14:54:18Z,8211,101
2026-10-09T14:54:19Z,8211,143
2026-10-09T14:54:20Z,8211,103
2026-10-09T14:54:21Z,8211,114
2026-10-09T14:54:22Z,8211,113
2026-10-09T14:54:23Z,8211,122
2026-10-09T14:54:24Z,8211,100
2026-10-09T14:54:25Z,8211,113
2026-10-09T14:54:26Z,8211,120
2026-10-09T14:54:27Z,8211,88
2026-10-09T14:54:28Z,8211,112
2026-10-09T14:54:29Z,8211,122
2026-10-09T14:54:30Z,8211,88
2026-10-09T14:54:31Z,8211,123
2026-10-09T14:54:32Z,8211,114
2026-10-09T14:54:33Z,8211,118
2026-10-09T14:54:34Z,8211,115
2026-10-09T14:54:35Z,8211,111
2026-10-09T14:54:36Z,8211,126
2026-10-09T14:54:37Z,8211,116
2026-10-09T14:54:38Z,8211,113
2026-10-09T14:54:39Z,8211,120
2026-10-09T14:54:40Z,8211,116
2026-10-09T14:54:41Z,8211,107
2026-10-09T14:54:42Z,8211,103
2026-10-09T14:54:43Z,8211,113
2026-10-09T14:54:44Z,8211,105
2026-10-09T14:54:45Z,8211,100
2026-10-09T14:54:46Z,8211,116
2026-10-09T14:54:47Z,8211,106
2026-10-09T14:54:48Z,8211,88
2026-10-09T14:54:49Z,8211,109
2026-10-09T14:54:50Z,8211,88
2026-10-09T14:54:51Z,8211,104
2026-10-09T14:54:52Z,8211,101
2026-10-09T14:54:53Z,8211,114
2026-10-09T14:54:54Z,8211,119
2026-10-09T14:54:55Z,8211,109
2026-10-09T14:54:56Z,8211,121
2026-10-09T14:54:57Z,8211,101
2026-10-09T14:54:58Z,8211,124
2026-10-09T14:54:59Z,8211,113
2026-10-09T14:55:00Z,8211,107
2026-10-09T14:55:01Z,8211,118
2026-10-09T14:55:02Z,8211,111
2026-10-09T14:55:03Z,8211,119
2026-10-09T14:55:04Z,8211,88
2026-10-09T14:55:05Z,8211,88
2026-10-09T14:55:06Z,8211,118
2026-10-09T14:55:07Z,8211,112
2026-10-09T14:55:08Z,8211,123
2026-10-09T14:55:09Z,8211,145
2026-10-09T14:55:10Z,8211,109
2026-10-09T14:55:11Z,8211,122
2026-10-09T14:55:12Z,8211,116
2026-10-09T14:55:13Z,8211,113
2026-10-09T14:55:14Z,8211,109
2026-10-09T14:55:15Z,8211,107
2026-10-09T14:55:16Z,8211,118
2026-10-09T14:55:17Z,8211,111
2026-10-09T14:55:18Z,8211,87
2026-10-09T14:55:19Z,8211,101
2026-10-09T14:55:20Z,8211,108
2026-10-09T14:55:21Z,8211,114
2026-10-09T14:55:22Z,8211,109
2026-10-09T14:55:23Z,8211,118
2026-10-09T14:55:24Z,8211,114
2026-10-09T14:55:25Z,8211,88
2026-10-09T14:55:26Z,8211,98
2026-10-09T14:55:27Z,8211,91
2026-10-09T14:55:28Z,8211,2568
2026-10-09T14:55:31Z,8211,565
2026-10-09T14:55:32Z,8211,565
2026-10-09T14:55:33Z,8211,3565
2026-10-09T14:55:37Z,8211,561
2026-10-09T14:55:38Z,8211,562
2026-10-09T14:55:39Z,8211,3563
2026-10-09T14:55:43Z,8211,559
2026-10-09T14:55:44Z,8211,559
2026-10-09T14:55:45Z,8211,3555
2026-10-09T14:55:49Z,8211,552
2026-10-09T14:55:50Z,8211,632
2026-10-09T14:55:51Z,8211,3552
2026-10-09T14:55:55Z,8211,557
2026-10-09T14:55:56Z,8211,551
2026-10-09T14:55:57Z,8211,127
2026-10-09T14:55:58Z,8211,117
2026-10-09T14:55:59Z,8211,107
2026-10-09T14:56:00Z,8211,116
2026-10-09T14:56:01Z,8211,139
2026-10-09T14:56:02Z,8211,121
2026-10-09T14:56:03Z,8211,92
2026-10-09T14:56:04Z,8211,88
2026-10-09T14:56:05Z,8211,119
2026-10-09T14:56:06Z,8211,87
2026-10-09T14:56:07Z,8211,93
2026-10-09T14:56:08Z,8211,89
2026-10-09T14:56:09Z,8211,89
2026-10-09T14:56:10Z,8211,87
2026-10-09T14:56:11Z,8211,88
2026-10-09T14:56:12Z,8211,88
2026-10-09T14:56:13Z,8211,108
2026-10-09T14:56:14Z,8211,87
2026-10-09T14:56:15Z,8211,120
2026-10-09T14:56:16Z,8211,88
2026-10-09T14:56:17Z,8211,141
2026-10-09T14:56:18Z,8211,106
2026-10-09T14:56:19Z,8211,88
2026-10-09T14:56:20Z,8211,88
2026-10-09T14:56:21Z,8211,87
2026-10-09T14:56:22Z,8211,87
2026-10-09T14:56:23Z,8211,88
2026-10-09T14:56:24Z,8211,122
2026-10-09T14:56:25Z,8211,97
2026-10-09T14:56:26Z,8211,88
2026-10-09T14:56:27Z,8211,126
2026-10-09T14:56:28Z,8211,88
2026-10-09T14:56:29Z,8211,88
2026-10-09T14:56:30Z,8211,87
2026-10-09T14:56:31Z,8211,88
2026-10-09T14:56:32Z,8211,126
2026-10-09T14:56:33Z,8211,88
2026-10-09T14:56:34Z,8211,119
2026-10-09T14:56:35Z,8211,110
2026-10-09T14:56:36Z,8211,119
2026-10-09T14:56:37Z,8211,89
2026-10-09T14:56:38Z,8211,89
2026-10-09T14:56:39Z,8211,87
2026-10-09T14:56:40Z,8211,87
2026-10-09T14:56:41Z,8211,89
2026-10-09T14:56:42Z,8211,88
2026-10-09T14:56:43Z,8211,112
2026-10-09T14:56:44Z,8211,88
2026-10-09T14:56:45Z,8211,88
2026-10-09T14:56:46Z,8211,87
2026-10-09T14:56:47Z,8211,100
2026-10-09T14:56:48Z,8211,126
2026-10-09T14:56:49Z,8211,88
2026-10-09T14:56:50Z,8211,113
2026-10-09T14:56:51Z,8211,87
2026-10-09T14:56:52Z,8211,125
2026-10-09T14:56:53Z,8211,88
2026-10-09T14:56:54Z,8211,88
2026-10-09T14:56:55Z,8211,104
2026-10-09T14:56:56Z,8211,88
2026-10-09T14:56:57Z,8211,88
2026-10-09T14:56:58Z,8211,91
2026-10-09T14:56:59Z,8211,89
2026-10-09T14:57:00Z,8211,88
2026-10-09T14:57:01Z,8211,88
2026-10-09T14:57:02Z,8211,89
2026-10-09T14:57:03Z,8211,89
2026-10-09T14:57:04Z,8211,90
2026-10-09T14:57:05Z,8211,90
2026-10-09T14:57:06Z,8211,97
2026-10-09T14:57:07Z,8211,117
2026-10-09T14:57:08Z,8211,121
2026-10-09T14:57:09Z,8211,89
2026-10-09T14:57:10Z,8211,88
2026-10-09T14:57:11Z,8211,121
2026-10-09T14:57:12Z,8211,112
2026-10-09T14:57:13Z,8211,88
2026-10-09T14:57:14Z,8211,112
2026-10-09T14:57:15Z,8211,107
2026-10-09T14:57:16Z,8211,97
2026-10-09T14:57:17Z,8211,482
2026-10-09T14:57:18Z,8211,88
2026-10-09T14:57:19Z,8211,88
2026-10-09T14:57:20Z,8211,88
2026-10-09T14:57:21Z,8211,478
2026-10-09T14:57:22Z,8211,477
2026-10-09T14:57:23Z,8211,88
2026-10-09T14:57:24Z,8211,88
2026-10-09T14:57:25Z,8211,89
2026-10-09T14:57:26Z,8211,122
2026-10-09T14:57:27Z,8211,88
2026-10-09T14:57:28Z,8211,88
2026-10-09T14:57:29Z,8211,88
2026-10-09T14:57:30Z,8211,99
2026-10-09T14:57:31Z,8211,88
2026-10-09T14:57:32Z,8211,112
2026-10-09T14:57:33Z,8211,88
2026-10-09T14:57:34Z,8211,88
2026-10-09T14:57:35Z,8211,88
2026-10-09T14:57:36Z,8211,121
2026-10-09T14:57:37Z,8211,107
2026-10-09T14:57:38Z,8211,88
2026-10-09T14:57:39Z,8211,128
2026-10-09T14:57:40Z,8211,97
2026-10-09T14:57:41Z,8211,87
2026-10-09T14:57:42Z,8211,123
2026-10-09T14:57:43Z,8211,89
2026-10-09T14:57:44Z,8211,91
2026-10-09T14:57:45Z,8211,167
2026-10-09T14:57:46Z,8211,133
2026-10-09T14:57:47Z,8211,137
2026-10-09T14:57:48Z,8211,98
2026-10-09T14:57:49Z,8211,89
2026-10-09T14:57:50Z,8211,122
2026-10-09T14:57:51Z,8211,113
2026-10-09T14:57:52Z,8211,87
2026-10-09T14:57:53Z,8211,106
2026-10-09T14:57:54Z,8211,132
2026-10-09T14:57:55Z,8211,112
2026-10-09T14:57:56Z,8211,88
2026-10-09T14:57:57Z,8211,88
2026-10-09T14:57:58Z,8211,89
2026-10-09T14:57:59Z,8211,133
2026-10-09T14:58:00Z,8211,88
2026-10-09T14:58:01Z,8211,90
2026-10-09T14:58:02Z,8211,95
2026-10-09T14:58:03Z,8211,92
2026-10-09T14:58:04Z,8211,87
2026-10-09T14:58:05Z,8211,98
2026-10-09T14:58:06Z,8211,114
2026-10-09T14:58:07Z,8211,119
2026-10-09T14:58:08Z,8211,121
2026-10-09T14:58:09Z,8211,120
2026-10-09T14:58:10Z,8211,127
2026-10-09T14:58:11Z,8211,134
2026-10-09T14:58:12Z,8211,88
2026-10-09T14:58:13Z,8211,87
2026-10-09T14:58:14Z,8211,89
2026-10-09T14:58:15Z,8211,123
2026-10-09T14:58:16Z,8211,115
2026-10-09T14:58:17Z,8211,112
2026-10-09T14:58:18Z,8211,120
2026-10-09T14:58:19Z,8211,99
2026-10-09T14:58:20Z,8211,122
2026-10-09T14:58:21Z,8211,89
2026-10-09T14:58:22Z,8211,89
2026-10-09T14:58:23Z,8211,87
2026-10-09T14:58:24Z,8211,87
2026-10-09T14:58:25Z,8211,88
2026-10-09T14:58:26Z,8211,108
2026-10-09T14:58:27Z,8211,89
2026-10-09T14:58:28Z,8211,135
2026-10-09T14:58:29Z,8211,112
2026-10-09T14:58:30Z,8211,106
2026-10-09T14:58:31Z,8211,87
2026-10-09T14:58:32Z,8211,87
2026-10-09T14:58:33Z,8211,89
2026-10-09T14:58:34Z,8211,98
2026-10-09T14:58:35Z,8211,121
2026-10-09T14:58:36Z,8211,88
2026-10-09T14:58:37Z,8211,87
2026-10-09T14:58:38Z,8211,88
2026-10-09T14:58:39Z,8211,88
2026-10-09T14:58:40Z,8211,95
2026-10-09T14:58:41Z,8211,87
2026-10-09T14:58:42Z,8211,89
2026-10-09T14:58:43Z,8211,87
2026-10-09T14:58:44Z,8211,93
2026-10-09T14:58:45Z,8211,88
2026-10-09T14:58:46Z,8211,88
2026-10-09T14:58:47Z,8211,88
2026-10-09T14:58:48Z,8211,94
2026-10-09T14:58:49Z,8211,88
2026-10-09T14:58:50Z,8211,117
2026-10-09T14:58:51Z,8211,116
2026-10-09T14:58:52Z,8211,108
2026-10-09T14:58:53Z,8211,88
2026-10-09T14:58:54Z,8211,87
2026-10-09T14:58:55Z,8211,88
2026-10-09T14:58:56Z,8211,87
2026-10-09T14:58:57Z,8211,114
2026-10-09T14:58:58Z,8211,121
2026-10-09T14:58:59Z,8211,113
2026-10-09T14:59:00Z,8211,99
2026-10-09T14:59:01Z,8211,113
2026-10-09T14:59:02Z,8211,110
2026-10-09T14:59:03Z,8211,124
2026-10-09T14:59:04Z,8211,88
2026-10-09T14:59:05Z,8211,116
2026-10-09T14:59:06Z,8211,109
2026-10-09T14:59:07Z,8211,121
2026-10-09T14:59:08Z,8211,88
2026-10-09T14:59:09Z,8211,105
2026-10-09T14:59:10Z,8211,101
2026-10-09T14:59:11Z,8211,125
2026-10-09T14:59:12Z,8211,87
2026-10-09T14:59:13Z,8211,88
2026-10-09T14:59:14Z,8211,87
2026-10-09T14:59:15Z,8211,141
2026-10-09T14:59:16Z,8211,113
2026-10-09T14:59:17Z,8211,110
2026-10-09T14:59:18Z,8211,121
2026-10-09T14:59:19Z,8211,109
2026-10-09T14:59:20Z,8211,115
2026-10-09T14:59:21Z,8211,122
2026-10-09T14:59:22Z,8211,88
2026-10-09T14:59:23Z,8211,88
2026-10-09T14:59:24Z,8211,87
2026-10-09T14:59:25Z,8211,88
2026-10-09T14:59:26Z,8211,89
2026-10-09T14:59:27Z,8211,122
2026-10-09T14:59:28Z,8211,115
2026-10-09T14:59:29Z,8211,109
2026-10-09T14:59:30Z,8211,120
2026-10-09T14:59:31Z,8211,100
2026-10-09T14:59:32Z,8211,115
2026-10-09T14:59:33Z,8211,102
2026-10-09T14:59:34Z,8211,87
2026-10-09T14:59:35Z,8211,88
2026-10-09T14:59:36Z,8211,88
2026-10-09T14:59:37Z,8211,105
2026-10-09T14:59:38Z,8211,109
2026-10-09T14:59:39Z,8211,128
2026-10-09T14:59:40Z,8211,106
2026-10-09T14:59:41Z,8211,89
2026-10-09T14:59:42Z,8211,104
2026-10-09T14:59:43Z,8211,89
2026-10-09T14:59:44Z,8211,87
2026-10-09T14:59:45Z,8211,96
2026-10-09T14:59:46Z,8211,88
2026-10-09T14:59:47Z,8211,102
2026-10-09T14:59:48Z,8211,114
2026-10-09T14:59:49Z,8211,98
2026-10-09T14:59:50Z,8211,88
2026-10-09T14:59:51Z,8211,88
2026-10-09T14:59:52Z,8211,88
2026-10-09T14:59:53Z,8211,88
2026-10-09T14:59:54Z,8211,88
2026-10-09T14:59:55Z,8211,88
2026-10-09T14:59:56Z,8211,88
2026-10-09T14:59:57Z,8211,123
2026-10-09T14:59:58Z,8211,100
2026-10-09T14:59:59Z,8211,120
2026-10-09T15:00:00Z,8211,119
2026-10-09T15:00:01Z,8211,114
2026-10-09T15:00:02Z,8211,89
2026-10-09T15:00:03Z,8211,88
2026-10-09T15:00:04Z,8211,91
2026-10-09T15:00:05Z,8211,90
2026-10-09T15:00:06Z,8211,88
2026-10-09T15:00:07Z,8211,117
2026-10-09T15:00:08Z,8211,111
2026-10-09T15:00:09Z,8211,105
2026-10-09T15:00:10Z,8211,117
2026-10-09T15:00:11Z,8211,109
2026-10-09T15:00:12Z,8211,131
2026-10-09T15:00:13Z,8211,90
2026-10-09T15:00:14Z,8211,88
2026-10-09T15:00:15Z,8211,88
2026-10-09T15:00:16Z,8211,103
2026-10-09T15:00:17Z,8211,111
2026-10-09T15:00:18Z,8211,92
2026-10-09T15:00:19Z,8211,111
2026-10-09T15:00:20Z,8211,117
2026-10-09T15:00:21Z,8211,121
2026-10-09T15:00:22Z,8211,88
2026-10-09T15:00:23Z,8211,88
2026-10-09T15:00:24Z,8211,105
2026-10-09T15:00:25Z,8211,89
2026-10-09T15:00:26Z,8211,129
2026-10-09T15:00:27Z,8211,88
2026-10-09T15:00:28Z,8211,101
2026-10-09T15:00:29Z,8211,112
2026-10-09T15:00:30Z,8211,102
2026-10-09T15:00:31Z,8211,118
2026-10-09T15:00:32Z,8211,88
2026-10-09T15:00:33Z,8211,87
2026-10-09T15:00:34Z,8211,88
2026-10-09T15:00:35Z,8211,107
2026-10-09T15:00:36Z,8211,121
2026-10-09T15:00:37Z,8211,111
2026-10-09T15:00:38Z,8211,107
2026-10-09T15:00:39Z,8211,87
2026-10-09T15:00:40Z,8211,110
2026-10-09T15:00:41Z,8211,116
2026-10-09T15:00:42Z,8211,88
2026-10-09T15:00:43Z,8211,88
2026-10-09T15:00:44Z,8211,87
2026-10-09T15:00:45Z,8211,88
2026-10-09T15:00:46Z,8211,104
2026-10-09T15:00:47Z,8211,127
2026-10-09T15:00:48Z,8211,90
2026-10-09T15:00:49Z,8211,107
2026-10-09T15:00:50Z,8211,113
2026-10-09T15:00:51Z,8211,121
2026-10-09T15:00:52Z,8211,102
2026-10-09T15:00:53Z,8211,101
2026-10-09T15:00:54Z,8211,92
2026-10-09T15:00:55Z,8211,99
2026-10-09T15:00:56Z,8211,89
2026-10-09T15:00:57Z,8211,87
2026-10-09T15:00:58Z,8211,88
2026-10-09T15:00:59Z,8211,88
2026-10-09T15:01:00Z,8211,87
2026-10-09T15:01:01Z,8211,88
2026-10-09T15:01:02Z,8211,88
2026-10-09T15:01:03Z,8211,87
2026-10-09T15:01:04Z,8211,87
2026-10-09T15:01:05Z,8211,119
2026-10-09T15:01:06Z,8211,115
2026-10-09T15:01:07Z,8211,111
2026-10-09T15:01:08Z,8211,108
2026-10-09T15:01:09Z,8211,99
2026-10-09T15:01:10Z,8211,88
2026-10-09T15:01:11Z,8211,87
2026-10-09T15:01:12Z,8211,92
2026-10-09T15:01:13Z,8211,88
2026-10-09T15:01:14Z,8211,107
2026-10-09T15:01:15Z,8211,116
2026-10-09T15:01:16Z,8211,110
2026-10-09T15:01:17Z,8211,105
2026-10-09T15:01:18Z,8211,126
2026-10-09T15:01:19Z,8211,117
2026-10-09T15:01:20Z,8211,91
2026-10-09T15:01:21Z,8211,87
2026-10-09T15:01:22Z,8211,88
2026-10-09T15:01:23Z,8211,88
2026-10-09T15:01:24Z,8211,124
2026-10-09T15:01:25Z,8211,88
2026-10-09T15:01:26Z,8211,122
2026-10-09T15:01:27Z,8211,116
2026-10-09T15:01:28Z,8211,109
2026-10-09T15:01:29Z,8211,118
2026-10-09T15:01:30Z,8211,120
2026-10-09T15:01:31Z,8211,91
2026-10-09T15:01:32Z,8211,89
2026-10-09T15:01:33Z,8211,87
2026-10-09T15:01:34Z,8211,88
2026-10-09T15:01:35Z,8211,88
2026-10-09T15:01:36Z,8211,113
2026-10-09T15:01:37Z,8211,107
2026-10-09T15:01:38Z,8211,119
2026-10-09T15:01:39Z,8211,117
2026-10-09T15:01:40Z,8211,116
2026-10-09T15:01:41Z,8211,88
2026-10-09T15:01:42Z,8211,88
2026-10-09T15:01:43Z,8211,88
2026-10-09T15:01:44Z,8211,103
2026-10-09T15:01:45Z,8211,111
2026-10-09T15:01:46Z,8211,196
2026-10-09T15:01:47Z,8211,110
2026-10-09T15:01:48Z,8211,110
2026-10-09T15:01:49Z,8211,109
2026-10-09T15:01:50Z,8211,104
2026-10-09T15:01:51Z,8211,103
2026-10-09T15:01:52Z,8211,87
2026-10-09T15:01:53Z,8211,87
2026-10-09T15:01:54Z,8211,88
2026-10-09T15:01:55Z,8211,88
2026-10-09T15:01:56Z,8211,154
2026-10-09T15:01:57Z,8211,88
2026-10-09T15:01:58Z,8211,102
2026-10-09T15:01:59Z,8211,112
2026-10-09T15:02:00Z,8211,89
2026-10-09T15:02:01Z,8211,88
2026-10-09T15:02:02Z,8211,91
2026-10-09T15:02:03Z,8211,101
2026-10-09T15:02:04Z,8211,89
2026-10-09T15:02:05Z,8211,107
2026-10-09T15:02:06Z,8211,149
2026-10-09T15:02:07Z,8211,162
2026-10-09T15:02:08Z,8211,90
2026-10-09T15:02:09Z,8211,88
2026-10-09T15:02:10Z,8211,88
2026-10-09T15:02:11Z,8211,101
2026-10-09T15:02:12Z,8211,88
2026-10-09T15:02:13Z,8211,120
2026-10-09T15:02:14Z,8211,117
2026-10-09T15:02:15Z,8211,108
2026-10-09T15:02:16Z,8211,169
2026-10-09T15:02:17Z,8211,112
2026-10-09T15:02:18Z,8211,95
2026-10-09T15:02:19Z,8211,89
2026-10-09T15:02:20Z,8211,97
2026-10-09T15:02:21Z,8211,120
2026-10-09T15:02:22Z,8211,101
2026-10-09T15:02:23Z,8211,174
2026-10-09T15:02:24Z,8211,193
2026-10-09T15:02:25Z,8211,108
2026-10-09T15:02:26Z,8211,177
2026-10-09T15:02:27Z,8211,167
2026-10-09T15:02:28Z,8211,177
2026-10-09T15:02:29Z,8211,143
2026-10-09T15:02:30Z,8211,123
2026-10-09T15:02:31Z,8211,117
2026-10-09T15:02:32Z,8211,181
2026-10-09T15:02:33Z,8211,130
2026-10-09T15:02:34Z,8211,94
2026-10-09T15:02:35Z,8211,156
2026-10-09T15:02:36Z,8211,162
2026-10-09T15:02:37Z,8211,143
2026-10-09T15:02:38Z,8211,131
2026-10-09T15:02:39Z,8211,114
2026-10-09T15:02:40Z,8211,156
2026-10-09T15:02:41Z,8211,153
2026-10-09T15:02:42Z,8211,148
2026-10-09T15:02:43Z,8211,154
2026-10-09T15:02:44Z,8211,103
2026-10-09T15:02:45Z,8211,149
2026-10-09T15:02:46Z,8211,171
2026-10-09T15:02:47Z,8211,102
2026-10-09T15:02:48Z,8211,123
2026-10-09T15:02:49Z,8211,156
2026-10-09T15:02:50Z,8211,151
2026-10-09T15:02:51Z,8211,155
2026-10-09T15:02:52Z,8211,133
2026-10-09T15:02:53Z,8211,144
2026-10-09T15:02:54Z,8211,104
2026-10-09T15:02:55Z,8211,119
2026-10-09T15:02:56Z,8211,146
2026-10-09T15:02:57Z,8211,150
2026-10-09T15:02:58Z,8211,143
2026-10-09T15:02:59Z,8211,123
2026-10-09T15:03:00Z,8211,131
2026-10-09T15:03:01Z,8211,138
2026-10-09T15:03:02Z,8211,130
2026-10-09T15:03:03Z,8211,139
2026-10-09T15:03:04Z,8211,104
2026-10-09T15:03:05Z,8211,107
2026-10-09T15:03:06Z,8211,281
2026-10-09T15:03:07Z,8211,132
2026-10-09T15:03:08Z,8211,136
2026-10-09T15:03:09Z,8211,109
2026-10-09T15:03:10Z,8211,105
2026-10-09T15:03:11Z,8211,122
2026-10-09T15:03:12Z,8211,89
2026-10-09T15:03:13Z,8211,97
2026-10-09T15:03:14Z,8211,93
2026-10-09T15:03:15Z,8211,89
2026-10-09T15:03:16Z,8211,87
2026-10-09T15:03:17Z,8211,94
2026-10-09T15:03:18Z,8211,88
2026-10-09T15:03:19Z,8211,101
2026-10-09T15:03:20Z,8211,117
2026-10-09T15:03:21Z,8211,131
2026-10-09T15:03:22Z,8211,119
2026-10-09T15:03:23Z,8211,114
2026-10-09T15:03:24Z,8211,123
2026-10-09T15:03:25Z,8211,119
2026-10-09T15:03:26Z,8211,113
2026-10-09T15:03:27Z,8211,94
2026-10-09T15:03:28Z,8211,108
2026-10-09T15:03:29Z,8211,119
2026-10-09T15:03:30Z,8211,116
2026-10-09T15:03:31Z,8211,114
2026-10-09T15:03:32Z,8211,88
2026-10-09T15:03:33Z,8211,150
2026-10-09T15:03:34Z,8211,87
2026-10-09T15:03:35Z,8211,108
2026-10-09T15:03:36Z,8211,108
2026-10-09T15:03:37Z,8211,89
2026-10-09T15:03:38Z,8211,107
2026-10-09T15:03:39Z,8211,103
2026-10-09T15:03:40Z,8211,109
2026-10-09T15:03:41Z,8211,116
2026-10-09T15:03:42Z,8211,108
2026-10-09T15:03:43Z,8211,88
2026-10-09T15:03:44Z,8211,110
2026-10-09T15:03:45Z,8211,107
2026-10-09T15:03:46Z,8211,90
2026-10-09T15:03:47Z,8211,105
2026-10-09T15:03:48Z,8211,115
2026-10-09T15:03:49Z,8211,111
2026-10-09T15:03:50Z,8211,117
2026-10-09T15:03:51Z,8211,107
2026-10-09T15:03:52Z,8211,115
2026-10-09T15:03:53Z,8211,127
2026-10-09T15:03:54Z,8211,124
2026-10-09T15:03:55Z,8211,116
2026-10-09T15:03:56Z,8211,93
2026-10-09T15:03:57Z,8211,123
2026-10-09T15:03:58Z,8211,120
2026-10-09T15:03:59Z,8211,125
2026-10-09T15:04:00Z,8211,118
2026-10-09T15:04:01Z,8211,114
2026-10-09T15:04:02Z,8211,108
2026-10-09T15:04:03Z,8211,120
2026-10-09T15:04:04Z,8211,87
2026-10-09T15:04:05Z,8211,108
2026-10-09T15:04:06Z,8211,167
2026-10-09T15:04:07Z,8211,109
2026-10-09T15:04:08Z,8211,106
2026-10-09T15:04:09Z,8211,122
2026-10-09T15:04:10Z,8211,121
2026-10-09T15:04:11Z,8211,115
2026-10-09T15:04:12Z,8211,111
2026-10-09T15:04:13Z,8211,108
2026-10-09T15:04:14Z,8211,104
2026-10-09T15:04:15Z,8211,113
2026-10-09T15:04:16Z,8211,159
2026-10-09T15:04:17Z,8211,102
2026-10-09T15:04:18Z,8211,128
2026-10-09T15:04:19Z,8211,89
2026-10-09T15:04:20Z,8211,100
2026-10-09T15:04:21Z,8211,109
2026-10-09T15:04:22Z,8211,106
2026-10-09T15:04:23Z,8211,104
2026-10-09T15:04:24Z,8211,109
2026-10-09T15:04:25Z,8211,109
2026-10-09T15:04:26Z,8211,143
2026-10-09T15:04:27Z,8211,109
2026-10-09T15:04:28Z,8211,115
2026-10-09T15:04:29Z,8211,123
2026-10-09T15:04:30Z,8211,116
2026-10-09T15:04:31Z,8211,127
2026-10-09T15:04:32Z,8211,121
2026-10-09T15:04:33Z,8211,113
2026-10-09T15:04:34Z,8211,117
2026-10-09T15:04:35Z,8211,92
2026-10-09T15:04:36Z,8211,137
2026-10-09T15:04:37Z,8211,117
2026-10-09T15:04:38Z,8211,107
2026-10-09T15:04:39Z,8211,112
2026-10-09T15:04:40Z,8211,129
2026-10-09T15:04:41Z,8211,109
2026-10-09T15:04:42Z,8211,109
2026-10-09T15:04:43Z,8211,115
2026-10-09T15:04:44Z,8211,110
2026-10-09T15:04:45Z,8211,103
2026-10-09T15:04:46Z,8211,131
2026-10-09T15:04:47Z,8211,111
2026-10-09T15:04:48Z,8211,108
2026-10-09T15:04:49Z,8211,100
2026-10-09T15:04:50Z,8211,144
2026-10-09T15:04:51Z,8211,101
2026-10-09T15:04:52Z,8211,110
2026-10-09T15:04:53Z,8211,116
2026-10-09T15:04:54Z,8211,125
2026-10-09T15:04:55Z,8211,113
2026-10-09T15:04:56Z,8211,150
2026-10-09T15:04:57Z,8211,92
2026-10-09T15:04:58Z,8211,121
2026-10-09T15:04:59Z,8211,112
2026-10-09T15:05:00Z,8211,110
2026-10-09T15:05:01Z,8211,111
2026-10-09T15:05:02Z,8211,122
2026-10-09T15:05:03Z,8211,101
2026-10-09T15:05:04Z,8211,89
2026-10-09T15:05:05Z,8211,119
2026-10-09T15:05:06Z,8211,115
2026-10-09T15:05:07Z,8211,126
2026-10-09T15:05:08Z,8211,121
2026-10-09T15:05:09Z,8211,121
2026-10-09T15:05:10Z,8211,121
2026-10-09T15:05:11Z,8211,124
2026-10-09T15:05:12Z,8211,132
2026-10-09T15:05:13Z,8211,129
2026-10-09T15:05:14Z,8211,116
2026-10-09T15:05:15Z,8211,109
2026-10-09T15:05:16Z,8211,109
2026-10-09T15:05:17Z,8211,123
2026-10-09T15:05:18Z,8211,121
2026-10-09T15:05:19Z,8211,87
2026-10-09T15:05:20Z,8211,118
2026-10-09T15:05:21Z,8211,114
2026-10-09T15:05:22Z,8211,110
2026-10-09T15:05:23Z,8211,107
2026-10-09T15:05:24Z,8211,102
2026-10-09T15:05:25Z,8211,128
2026-10-09T15:05:26Z,8211,92
2026-10-09T15:05:27Z,8211,120
2026-10-09T15:05:28Z,8211,133
2026-10-09T15:05:29Z,8211,106
2026-10-09T15:05:30Z,8211,88
2026-10-09T15:05:31Z,8211,112
2026-10-09T15:05:32Z,8211,107
2026-10-09T15:05:33Z,8211,90
2026-10-09T15:05:34Z,8211,119
2026-10-09T15:05:35Z,8211,88
2026-10-09T15:05:36Z,8211,90
2026-10-09T15:05:37Z,8211,106
2026-10-09T15:05:38Z,8211,99
2026-10-09T15:05:39Z,8211,121
2026-10-09T15:05:40Z,8211,117
2026-10-09T15:05:41Z,8211,112
2026-10-09T15:05:42Z,8211,116
2026-10-09T15:05:43Z,8211,128
2026-10-09T15:05:44Z,8211,122
2026-10-09T15:05:45Z,8211,114
2026-10-09T15:05:46Z,8211,88
2026-10-09T15:05:47Z,8211,124
2026-10-09T15:05:48Z,8211,119
2026-10-09T15:05:49Z,8211,117
2026-10-09T15:05:50Z,8211,112
2026-10-09T15:05:51Z,8211,119
2026-10-09T15:05:52Z,8211,111
2026-10-09T15:05:53Z,8211,120
2026-10-09T15:05:54Z,8211,89
2026-10-09T15:05:55Z,8211,107
2026-10-09T15:05:56Z,8211,153
2026-10-09T15:05:57Z,8211,107
2026-10-09T15:05:58Z,8211,115
2026-10-09T15:05:59Z,8211,105
2026-10-09T15:06:00Z,8211,118
2026-10-09T15:06:01Z,8211,109
2026-10-09T15:06:02Z,8211,102
2026-10-09T15:06:03Z,8211,116
2026-10-09T15:06:04Z,8211,118
2026-10-09T15:06:05Z,8211,114
2026-10-09T15:06:06Z,8211,168
2026-10-09T15:06:07Z,8211,128
2026-10-09T15:06:08Z,8211,107
2026-10-09T15:06:09Z,8211,104
2026-10-09T15:06:10Z,8211,113
2026-10-09T15:06:11Z,8211,122
2026-10-09T15:06:12Z,8211,109
2026-10-09T15:06:13Z,8211,89
2026-10-09T15:06:14Z,8211,116
2026-10-09T15:06:15Z,8211,123
2026-10-09T15:06:16Z,8211,143
2026-10-09T15:06:17Z,8211,117
2026-10-09T15:06:18Z,8211,125
2026-10-09T15:06:19Z,8211,138
2026-10-09T15:06:20Z,8211,88
2026-10-09T15:06:21Z,8211,122
2026-10-09T15:06:22Z,8211,119
2026-10-09T15:06:23Z,8211,110
2026-10-09T15:06:24Z,8211,121
2026-10-09T15:06:25Z,8211,88
2026-10-09T15:06:26Z,8211,127
2026-10-09T15:06:27Z,8211,88
2026-10-09T15:06:28Z,8211,87
2026-10-09T15:06:29Z,8211,93
2026-10-09T15:06:30Z,8211,88
2026-10-09T15:06:31Z,8211,112
2026-10-09T15:06:32Z,8211,103
2026-10-09T15:06:33Z,8211,111
2026-10-09T15:06:34Z,8211,88
2026-10-09T15:06:35Z,8211,88
2026-10-09T15:06:36Z,8211,152
2026-10-09T15:06:37Z,8211,89
2026-10-09T15:06:38Z,8211,126
2026-10-09T15:06:39Z,8211,88
2026-10-09T15:06:40Z,8211,90
2026-10-09T15:06:41Z,8211,88
2026-10-09T15:06:42Z,8211,114
2026-10-09T15:06:43Z,8211,125
2026-10-09T15:06:44Z,8211,94
2026-10-09T15:06:45Z,8211,88
2026-10-09T15:06:46Z,8211,101
2026-10-09T15:06:47Z,8211,114
2026-10-09T15:06:48Z,8211,132
2026-10-09T15:06:49Z,8211,117
2026-10-09T15:06:50Z,8211,87
2026-10-09T15:06:51Z,8211,87
2026-10-09T15:06:52Z,8211,87
2026-10-09T15:06:53Z,8211,110
2026-10-09T15:06:54Z,8211,88
2026-10-09T15:06:55Z,8211,118
2026-10-09T15:06:56Z,8211,169
2026-10-09T15:06:57Z,8211,87
2026-10-09T15:06:58Z,8211,88
2026-10-09T15:06:59Z,8211,122
2026-10-09T15:07:00Z,8211,88
2026-10-09T15:07:01Z,8211,88
2026-10-09T15:07:02Z,8211,88
2026-10-09T15:07:03Z,8211,120
2026-10-09T15:07:04Z,8211,88
2026-10-09T15:07:05Z,8211,88
2026-10-09T15:07:06Z,8211,128
2026-10-09T15:07:07Z,8211,88
2026-10-09T15:07:08Z,8211,104
2026-10-09T15:07:09Z,8211,88
2026-10-09T15:07:10Z,8211,88
2026-10-09T15:07:11Z,8211,109
2026-10-09T15:07:12Z,8211,88
2026-10-09T15:07:13Z,8211,88
2026-10-09T15:07:14Z,8211,90
2026-10-09T15:07:15Z,8211,106
2026-10-09T15:07:16Z,8211,97
2026-10-09T15:07:17Z,8211,88
2026-10-09T15:07:18Z,8211,87
2026-10-09T15:07:19Z,8211,110
2026-10-09T15:07:20Z,8211,88
2026-10-09T15:07:21Z,8211,93
2026-10-09T15:07:22Z,8211,98
2026-10-09T15:07:23Z,8211,90
2026-10-09T15:07:24Z,8211,90
2026-10-09T15:07:25Z,8211,87
2026-10-09T15:07:26Z,8211,147
2026-10-09T15:07:27Z,8211,88
2026-10-09T15:07:28Z,8211,89
2026-10-09T15:07:29Z,8211,88
2026-10-09T15:07:30Z,8211,87
2026-10-09T15:07:31Z,8211,119
2026-10-09T15:07:32Z,8211,88
2026-10-09T15:07:33Z,8211,88
2026-10-09T15:07:34Z,8211,87
2026-10-09T15:07:35Z,8211,115
2026-10-09T15:07:36Z,8211,147
2026-10-09T15:07:37Z,8211,88
2026-10-09T15:07:38Z,8211,88
2026-10-09T15:07:39Z,8211,114
2026-10-09T15:07:40Z,8211,88
2026-10-09T15:07:41Z,8211,87
2026-10-09T15:07:42Z,8211,88
2026-10-09T15:07:43Z,8211,88
2026-10-09T15:07:44Z,8211,87
2026-10-09T15:07:45Z,8211,95
2026-10-09T15:07:46Z,8211,145
2026-10-09T15:07:47Z,8211,112
2026-10-09T15:07:48Z,8211,102
2026-10-09T15:07:49Z,8211,89
2026-10-09T15:07:50Z,8211,87
2026-10-09T15:07:51Z,8211,89
2026-10-09T15:07:52Z,8211,89
2026-10-09T15:07:53Z,8211,89
2026-10-09T15:07:54Z,8211,88
2026-10-09T15:07:55Z,8211,128
2026-10-09T15:07:56Z,8211,159
2026-10-09T15:07:57Z,8211,88
2026-10-09T15:07:58Z,8211,100
2026-10-09T15:07:59Z,8211,88
2026-10-09T15:08:00Z,8211,122
2026-10-09T15:08:01Z,8211,90
2026-10-09T15:08:02Z,8211,87
2026-10-09T15:08:03Z,8211,90
2026-10-09T15:08:04Z,8211,89
2026-10-09T15:08:05Z,8211,98
2026-10-09T15:08:06Z,8211,129
2026-10-09T15:08:07Z,8211,105
2026-10-09T15:08:08Z,8211,91
2026-10-09T15:08:09Z,8211,101
2026-10-09T15:08:10Z,8211,104
2026-10-09T15:08:11Z,8211,134
2026-10-09T15:08:12Z,8211,93
2026-10-09T15:08:13Z,8211,99
2026-10-09T15:08:14Z,8211,123
2026-10-09T15:08:15Z,8211,116
2026-10-09T15:08:16Z,8211,146
2026-10-09T15:08:17Z,8211,88
2026-10-09T15:08:18Z,8211,88
2026-10-09T15:08:19Z,8211,127
2026-10-09T15:08:20Z,8211,89
2026-10-09T15:08:21Z,8211,114
2026-10-09T15:08:22Z,8211,88
2026-10-09T15:08:23Z,8211,89
2026-10-09T15:08:24Z,8211,89
2026-10-09T15:08:25Z,8211,88
2026-10-09T15:08:26Z,8211,106
2026-10-09T15:08:27Z,8211,96
2026-10-09T15:08:28Z,8211,135
2026-10-09T15:08:29Z,8211,89
2026-10-09T15:08:30Z,8211,146
2026-10-09T15:08:31Z,8211,89
2026-10-09T15:08:32Z,8211,106
2026-10-09T15:08:33Z,8211,113
2026-10-09T15:08:34Z,8211,89
2026-10-09T15:08:35Z,8211,88
2026-10-09T15:08:36Z,8211,127
2026-10-09T15:08:37Z,8211,110
2026-10-09T15:08:38Z,8211,106
2026-10-09T15:08:39Z,8211,87
2026-10-09T15:08:40Z,8211,88
2026-10-09T15:08:41Z,8211,87
2026-10-09T15:08:42Z,8211,88
2026-10-09T15:08:43Z,8211,88
2026-10-09T15:08:44Z,8211,88
2026-10-09T15:08:45Z,8211,88
2026-10-09T15:08:46Z,8211,94
2026-10-09T15:08:47Z,8211,87
2026-10-09T15:08:48Z,8211,87
2026-10-09T15:08:49Z,8211,87
2026-10-09T15:08:50Z,8211,88
2026-10-09T15:08:51Z,8211,89
2026-10-09T15:08:52Z,8211,87
2026-10-09T15:08:53Z,8211,88
2026-10-09T15:08:54Z,8211,124
2026-10-09T15:08:55Z,8211,90
2026-10-09T15:08:56Z,8211,116
2026-10-09T15:08:57Z,8211,89
2026-10-09T15:08:58Z,8211,90
2026-10-09T15:08:59Z,8211,106
2026-10-09T15:09:00Z,8211,88
2026-10-09T15:09:01Z,8211,88
2026-10-09T15:09:02Z,8211,88
2026-10-09T15:09:03Z,8211,89
2026-10-09T15:09:04Z,8211,112
2026-10-09T15:09:05Z,8211,88
2026-10-09T15:09:06Z,8211,93
2026-10-09T15:09:07Z,8211,139
2026-10-09T15:09:08Z,8211,87
2026-10-09T15:09:09Z,8211,88
2026-10-09T15:09:10Z,8211,104
2026-10-09T15:09:11Z,8211,126
2026-10-09T15:09:12Z,8211,115
2026-10-09T15:09:13Z,8211,89
2026-10-09T15:09:14Z,8211,88
2026-10-09T15:09:15Z,8211,88
2026-10-09T15:09:16Z,8211,87
2026-10-09T15:09:17Z,8211,88
2026-10-09T15:09:19Z,8211,107
2026-10-09T15:09:20Z,8211,112
2026-10-09T15:09:21Z,8211,88
2026-10-09T15:09:22Z,8211,88
2026-10-09T15:09:23Z,8211,88
2026-10-09T15:09:24Z,8211,88
2026-10-09T15:09:25Z,8211,88
2026-10-09T15:09:26Z,8211,120
2026-10-09T15:09:27Z,8211,88
2026-10-09T15:09:28Z,8211,109
2026-10-09T15:09:29Z,8211,115
2026-10-09T15:09:30Z,8211,88
2026-10-09T15:09:31Z,8211,88
2026-10-09T15:09:32Z,8211,88
2026-10-09T15:09:33Z,8211,88
2026-10-09T15:09:34Z,8211,88
2026-10-09T15:09:35Z,8211,88
2026-10-09T15:09:36Z,8211,88
2026-10-09T15:09:37Z,8211,206
2026-10-09T15:09:38Z,8211,140
2026-10-09T15:09:39Z,8211,111
2026-10-09T15:09:40Z,8211,102
2026-10-09T15:09:41Z,8211,87
2026-10-09T15:09:42Z,8211,87
2026-10-09T15:09:43Z,8211,124
2026-10-09T15:09:44Z,8211,88
2026-10-09T15:09:45Z,8211,87
2026-10-09T15:09:46Z,8211,87
2026-10-09T15:09:47Z,8211,202
2026-10-09T15:09:48Z,8211,103
2026-10-09T15:09:49Z,8211,115
2026-10-09T15:09:50Z,8211,89
2026-10-09T15:09:51Z,8211,104
2026-10-09T15:09:52Z,8211,88
2026-10-09T15:09:53Z,8211,123
2026-10-09T15:09:54Z,8211,104
2026-10-09T15:09:55Z,8211,88
2026-10-09T15:09:56Z,8211,113
2026-10-09T15:09:57Z,8211,182
2026-10-09T15:09:58Z,8211,88
2026-10-09T15:09:59Z,8211,94
2026-10-09T15:10:00Z,8211,88
2026-10-09T15:10:01Z,8211,113
2026-10-09T15:10:02Z,8211,120
2026-10-09T15:10:03Z,8211,118
2026-10-09T15:10:04Z,8211,123
2026-10-09T15:10:05Z,8211,88
2026-10-09T15:10:06Z,8211,88
2026-10-09T15:10:07Z,8211,153
2026-10-09T15:10:08Z,8211,106
2026-10-09T15:10:09Z,8211,88
2026-10-09T15:10:10Z,8211,88
2026-10-09T15:10:11Z,8211,87
2026-10-09T15:10:12Z,8211,88
2026-10-09T15:10:13Z,8211,102
2026-10-09T15:10:14Z,8211,88
2026-10-09T15:10:15Z,8211,110
