minute,endpoint,status,reason,valid,blocks,blocks_per_s,selected_chain_blocks,selected_chain_blocks_per_s,tx_slots,tx_slots_per_s,unique_ids,unique_ids_per_s,duplicate_share,unique_accepted,unique_accepted_per_s,accept_cover,lag_max_s,lag_samples,mined_blocks,own_slots,own_unique_ids,own_duplicate_share,own_accepted,own_accepted_per_s,shape,mass,window_s,deviation
2026-10-09T17:24:00Z,locus,ok,partial window,false,304,10.047,200,6.61,3015,99.64,1725,57.01,0.4279,1925,63.62,1,1,4,211,0,0,,0,0,signed payment,1624,30.3,
2026-10-09T17:25:00Z,locus,ok,,true,548,9.134,384,6.4,5481,91.35,3302,55.04,0.3976,3686,61.44,1,1,6,369,0,0,,0,0,signed payment,1624,60,
2026-10-09T17:26:00Z,locus,ok,,true,613,10.216,421,7.016,4942,82.36,3259,54.31,0.3406,3665,61.08,0.9954,1,6,443,0,0,,0,0,signed payment,1624,60,
2026-10-09T17:27:00Z,locus,ok,,true,654,10.901,444,7.401,4786,79.77,3188,53.14,0.3339,3638,60.64,1,1,6,445,0,0,,0,0,signed payment,1624,60,
2026-10-09T17:28:00Z,locus,ok,,true,627,10.451,452,7.534,4373,72.89,3309,55.15,0.2433,3761,62.69,1,0,6,386,0,0,,0,0,signed payment,1624,60,
2026-10-09T17:29:00Z,locus,ok,,true,597,9.949,416,6.932,5062,84.36,3244,54.06,0.3591,3660,60.99,1,1,5,419,0,0,,0,0,signed payment,1624,60,
2026-10-09T17:30:00Z,locus,ok,,true,582,9.699,412,6.866,4839,80.64,3249,54.15,0.3286,3661,61.01,1,1,6,393,0,0,,0,0,signed payment,1624,60,
2026-10-09T17:31:00Z,locus,ok,,true,586,9.769,410,6.835,5018,83.65,3253,54.23,0.3517,3613,60.23,0.9846,1,6,373,0,0,,0,0,signed payment,1624,60,
2026-10-09T17:32:00Z,locus,ok,,true,607,10.116,414,6.9,4859,80.98,3305,55.08,0.3198,3719,61.98,1,1,6,407,0,0,,0,0,signed payment,1624,60,
2026-10-09T17:33:00Z,locus,ok,,true,649,10.815,451,7.516,4601,76.67,3241,54.01,0.2956,3691,61.51,0.9997,1,6,441,0,0,,0,0,signed payment,1624,60,
2026-10-09T17:34:00Z,locus,ok,,true,588,9.801,417,6.95,4881,81.36,3299,54.99,0.3241,3716,61.94,0.9997,0,6,407,0,0,,0,0,signed payment,1624,60,
2026-10-09T17:35:00Z,locus,ok,,true,641,10.684,452,7.534,5933,98.89,3394,56.57,0.4279,3847,64.12,1,1,6,446,0,0,,0,0,signed payment,1624,60,
2026-10-09T17:36:00Z,locus,ok,,true,622,10.365,430,7.166,5050,84.15,3349,55.81,0.3368,3679,61.31,0.9701,1,6,437,0,0,,0,0,signed payment,1624,60,
2026-10-09T17:37:00Z,locus,ok,,true,619,10.317,435,7.25,5110,85.17,3222,53.7,0.3695,3706,61.77,0.9997,0,6,423,0,0,,0,0,signed payment,1624,60,
2026-10-09T17:38:00Z,locus,ok,,true,601,10.016,400,6.666,5260,87.66,3345,55.75,0.3641,3696,61.6,0.9851,0,6,423,0,0,,0,0,signed payment,1624,60,
2026-10-09T17:39:00Z,locus,ok,,true,614,10.235,428,7.134,5006,83.44,3249,54.16,0.351,3627,60.46,0.9846,1,6,401,0,0,,0,0,signed payment,1624,60,
2026-10-09T17:40:00Z,locus,ok,,true,599,9.984,422,7.034,4780,79.67,3288,54.81,0.3121,3660,61.01,0.9848,1,6,429,0,0,,0,0,signed payment,1624,60,
2026-10-09T17:41:00Z,locus,ok,,true,577,9.615,403,6.716,4940,82.32,3250,54.16,0.3421,3703,61.71,1,1,6,396,0,0,,0,0,signed payment,1624,60,
2026-10-09T17:42:00Z,locus,ok,,true,549,9.15,382,6.367,5328,88.8,3196,53.27,0.4002,3578,59.63,1,0,6,375,0,0,,0,0,signed payment,1624,60,
2026-10-09T17:43:00Z,locus,ok,,true,592,9.867,415,6.917,4724,78.74,3292,54.87,0.3031,3607,60.12,0.9696,1,6,408,0,0,,0,0,signed payment,1624,60,
2026-10-09T17:44:00Z,locus,ok,,true,608,10.131,432,7.199,4693,78.2,3208,53.46,0.3164,3740,62.32,1,1,6,400,0,0,,0,0,signed payment,1624,60,
2026-10-09T17:45:00Z,locus,ok,,true,626,10.435,440,7.334,5122,85.38,3241,54.02,0.3672,3681,61.36,1,1,6,420,0,0,,0,0,signed payment,1624,60,
2026-10-09T17:46:00Z,locus,ok,,true,610,10.167,443,7.384,4785,79.75,3260,54.34,0.3187,3703,61.72,1,0,6,419,0,0,,0,0,signed payment,1624,60,
2026-10-09T17:47:00Z,locus,ok,,true,593,9.882,429,7.149,5039,83.97,3308,55.13,0.3435,3673,61.21,0.9807,1,6,388,0,0,,0,0,signed payment,1624,60,
2026-10-09T17:48:00Z,locus,ok,,true,597,9.951,428,7.134,4996,83.28,3433,57.22,0.3129,3868,64.48,1,0,6,411,0,0,,0,0,signed payment,1624,60,
2026-10-09T17:49:00Z,locus,ok,,true,603,10.05,420,7,4666,77.77,3254,54.23,0.3026,3624,60.4,0.9846,1,6,422,0,0,,0,0,signed payment,1624,60,
2026-10-09T17:50:00Z,locus,ok,,true,616,10.265,445,7.416,4466,74.42,3240,53.99,0.2745,3684,61.39,0.9997,0,6,414,0,0,,0,0,signed payment,1624,60,
2026-10-09T17:51:00Z,locus,ok,,true,631,10.518,447,7.451,4939,82.32,3243,54.06,0.3434,3690,61.51,1,1,6,455,0,0,,0,0,signed payment,1624,60,
2026-10-09T17:52:00Z,locus,ok,,true,565,9.417,421,7.017,4284,71.41,3286,54.77,0.233,3656,60.94,0.9845,1,6,399,0,0,,0,0,signed payment,1624,60,
2026-10-09T17:53:00Z,locus,ok,,true,635,10.583,454,7.567,4706,78.43,3261,54.35,0.3071,3708,61.8,0.9979,1,6,451,0,0,,0,0,signed payment,1624,60,
2026-10-09T17:54:00Z,locus,ok,,true,616,10.266,422,7.033,5148,85.8,3184,53.07,0.3815,3613,60.22,1,1,6,427,0,0,,0,0,signed payment,1624,60,
2026-10-09T17:55:00Z,locus,ok,,true,585,9.748,422,7.032,4885,81.4,3301,55.01,0.3243,3723,62.04,1,1,6,400,0,0,,0,0,signed payment,1624,60,
2026-10-09T17:56:00Z,locus,ok,,true,567,9.451,401,6.684,4951,82.53,3256,54.27,0.3424,3657,60.96,1,1,6,408,0,0,,0,0,signed payment,1624,60,
2026-10-09T17:57:00Z,locus,ok,,true,630,10.501,426,7.101,4899,81.66,3198,53.31,0.3472,3624,60.41,1,0,6,430,0,0,,0,0,signed payment,1624,60,
2026-10-09T17:58:00Z,locus,ok,,true,557,9.283,383,6.383,5075,84.58,3240,54,0.3616,3623,60.38,1,1,6,406,0,0,,0,0,signed payment,1624,60,
2026-10-09T17:59:00Z,locus,ok,,true,603,10.048,425,7.082,4452,74.19,3253,54.21,0.2693,3678,61.29,1,0,6,425,0,0,,0,0,signed payment,1624,60,
2026-10-09T18:00:00Z,locus,ok,,true,606,10.1,407,6.784,5225,87.09,3376,56.27,0.3539,3776,62.94,0.9979,1,6,402,0,0,,0,0,signed payment,1624,60,
2026-10-09T18:01:00Z,locus,ok,,true,659,10.984,453,7.55,5430,90.5,3369,56.15,0.3796,3829,63.82,1,0,6,453,0,0,,0,0,signed payment,1624,60,
2026-10-09T18:02:00Z,locus,ok,,true,605,10.083,417,6.95,4723,78.71,3261,54.35,0.3095,3678,61.3,1,1,6,454,0,0,,0,0,signed payment,1624,60,
2026-10-09T18:03:00Z,locus,ok,,true,632,10.532,421,7.016,4394,73.23,3254,54.23,0.2594,3675,61.24,1,1,6,419,0,0,,0,0,signed payment,1624,60,
2026-10-09T18:04:00Z,locus,ok,,true,664,11.068,451,7.518,5501,91.69,3203,53.39,0.4177,3654,60.91,1,1,6,456,0,0,,0,0,signed payment,1624,60,
2026-10-09T18:05:00Z,locus,ok,,true,602,10.032,414,6.899,4833,80.54,3257,54.28,0.3261,3671,61.18,1,1,6,400,0,0,,0,0,signed payment,1624,60,
2026-10-09T18:06:00Z,locus,ok,,true,608,10.136,413,6.885,4801,80.04,3307,55.13,0.3112,3620,60.35,0.9698,1,6,457,0,0,,0,0,signed payment,1624,60,
2026-10-09T18:07:00Z,locus,ok,,true,667,11.115,433,7.216,5336,88.92,3310,55.16,0.3797,3693,61.54,0.9849,0,6,457,0,0,,0,0,signed payment,1624,60,
2026-10-09T18:08:00Z,locus,ok,,true,638,10.634,413,6.884,5070,84.51,3209,53.49,0.3671,3672,61.21,1,1,6,438,0,0,,0,0,signed payment,1624,60,
2026-10-09T18:09:00Z,locus,ok,,true,627,10.449,430,7.166,5103,85.04,3202,53.36,0.3725,3689,61.48,1,1,6,402,0,0,,0,0,signed payment,1624,60,
2026-10-09T18:10:00Z,locus,ok,,true,612,10.199,429,7.149,4482,74.69,3246,54.1,0.2758,3675,61.24,1,0,6,442,0,0,,0,0,signed payment,1624,60,
2026-10-09T18:11:00Z,locus,ok,,true,631,10.517,417,6.95,5565,92.75,3267,54.45,0.4129,3684,61.4,1,1,6,441,0,0,,0,0,signed payment,1624,60,
2026-10-09T18:12:00Z,locus,ok,,true,647,10.785,418,6.968,5284,88.08,3255,54.26,0.384,3671,61.19,0.9994,0,6,437,0,0,,0,0,signed payment,1624,60,
2026-10-09T18:13:00Z,locus,ok,,true,620,10.331,418,6.965,4815,80.24,3395,56.57,0.2949,3813,63.54,1,0,6,415,0,0,,0,0,signed payment,1624,60,
2026-10-09T18:14:00Z,locus,ok,,true,627,10.451,451,7.517,5556,92.6,3235,53.92,0.4177,3686,61.44,1,0,6,396,0,0,,0,0,signed payment,1624,60,
2026-10-09T18:15:00Z,locus,ok,,true,611,10.184,423,7.05,4839,80.65,3264,54.4,0.3255,3687,61.45,1,0,6,436,0,0,,0,0,signed payment,1624,60,
2026-10-09T18:16:00Z,locus,ok,,true,603,10.05,428,7.133,4955,82.58,3188,53.13,0.3566,3616,60.26,1,0,6,407,0,0,,0,0,signed payment,1624,60,
2026-10-09T18:17:00Z,locus,ok,,true,619,10.318,434,7.234,4781,79.69,3263,54.39,0.3175,3697,61.62,1,1,6,425,0,0,,0,0,signed payment,1624,60,
2026-10-09T18:18:00Z,locus,ok,,true,551,9.183,388,6.466,4745,79.08,3254,54.23,0.3142,3642,60.7,1,1,6,390,0,0,,0,0,signed payment,1624,60,
2026-10-09T18:19:00Z,locus,ok,,true,549,9.149,376,6.266,4645,77.41,3196,53.26,0.3119,3572,59.53,1,1,6,370,0,0,,0,0,signed payment,1624,60,
2026-10-09T18:20:00Z,locus,ok,,true,512,8.535,342,5.701,4946,82.45,3252,54.21,0.3425,3594,59.91,1,1,6,286,0,0,,0,0,signed payment,1624,60,
2026-10-09T18:21:00Z,locus,ok,,true,516,8.599,356,5.932,5052,84.19,3253,54.21,0.3561,3609,60.14,1,1,6,309,0,0,,0,0,signed payment,1624,60,
2026-10-09T18:22:00Z,locus,ok,,true,475,7.918,294,4.901,5133,85.56,3198,53.31,0.377,3491,58.19,0.9997,1,6,261,0,0,,0,0,signed payment,1624,60,
2026-10-09T18:23:00Z,locus,ok,,true,469,7.817,318,5.3,5188,86.47,3254,54.23,0.3728,3573,59.55,1,1,6,250,0,0,,0,0,signed payment,1624,60,
2026-10-09T18:24:00Z,locus,ok,,true,572,9.533,370,6.167,4809,80.15,3251,54.18,0.324,3564,59.4,0.9825,1,6,378,0,0,,0,0,signed payment,1624,60,
2026-10-09T18:25:00Z,locus,ok,,true,628,10.466,425,7.083,4977,82.95,3412,56.86,0.3144,3893,64.88,0.9997,0,6,427,0,0,,0,0,signed payment,1624,60,
2026-10-09T18:26:00Z,locus,ok,,true,509,8.484,327,5.451,4694,78.24,3248,54.14,0.3081,3575,59.59,1,1,6,260,0,0,,0,0,signed payment,1624,60,
2026-10-09T18:27:00Z,locus,ok,,true,507,8.449,332,5.533,4614,76.89,3202,53.36,0.306,3526,58.76,0.9975,1,6,294,0,0,,0,0,signed payment,1624,60,
2026-10-09T18:28:00Z,locus,ok,,true,542,9.035,372,6.201,4875,81.26,3249,54.16,0.3335,3622,60.38,0.9978,1,6,356,0,0,,0,0,signed payment,1624,60,
2026-10-09T18:29:00Z,locus,ok,,true,602,10.033,399,6.65,4565,76.08,3295,54.92,0.2782,3601,60.02,0.9697,1,6,436,0,0,,0,0,signed payment,1624,60,
2026-10-09T18:30:00Z,locus,ok,,true,588,9.8,399,6.65,4553,75.88,3217,53.62,0.2934,3609,60.15,0.9823,1,6,411,0,0,,0,0,signed payment,1624,60,
2026-10-09T18:31:00Z,locus,ok,,true,561,9.348,395,6.582,5546,92.41,3299,54.97,0.4052,3644,60.72,0.9827,1,6,371,0,0,,0,0,signed payment,1624,60,
2026-10-09T18:32:00Z,locus,ok,,true,560,9.334,393,6.55,4793,79.89,3249,54.15,0.3221,3649,60.82,1,1,6,363,0,0,,0,0,signed payment,1624,60,
2026-10-09T18:33:00Z,locus,ok,,true,571,9.516,407,6.783,4876,81.26,3248,54.13,0.3339,3605,60.08,0.9846,0,6,396,0,0,,0,0,signed payment,1624,60,
2026-10-09T18:34:00Z,locus,ok,,true,573,9.548,401,6.682,4835,80.56,3205,53.4,0.3371,3656,60.92,1,1,6,409,0,0,,0,0,signed payment,1624,60,
2026-10-09T18:35:00Z,locus,ok,,true,472,7.869,327,5.451,4396,73.28,3164,52.75,0.2803,3489,58.16,0.9994,1,6,251,0,0,,0,0,signed payment,1624,60,
2026-10-09T18:36:00Z,locus,ok,,true,614,10.234,406,6.767,5565,92.76,3901,65.02,0.299,4307,71.79,1,1,6,395,0,0,,0,0,signed payment,1624,60,
2026-10-09T18:37:00Z,locus,ok,,true,583,9.716,395,6.583,8847,147.44,6606,110.09,0.2533,6988,116.46,0.998,1,6,415,0,0,,0,0,signed payment,1624,60,
2026-10-09T18:38:00Z,locus,ok,,true,636,10.602,426,7.101,11655,194.29,8188,136.49,0.2975,8615,143.61,1,0,6,459,0,0,,0,0,signed payment,1624,60,
2026-10-09T18:39:00Z,locus,ok,,true,596,9.932,403,6.715,4984,83.05,3252,54.19,0.3475,3654,60.89,0.9997,0,6,388,0,0,,0,0,signed payment,1624,60,
2026-10-09T18:40:00Z,locus,ok,,true,611,10.184,432,7.201,6545,109.09,4489,74.82,0.3141,4915,81.92,0.9984,1,6,411,0,0,,0,0,signed payment,1624,60,
2026-10-09T18:41:00Z,locus,ok,,true,630,10.5,423,7.05,6657,110.95,4929,82.15,0.2596,5343,89.05,0.9968,1,6,435,0,0,,0,0,signed payment,1624,60,
2026-10-09T18:42:00Z,locus,ok,,true,605,10.084,433,7.217,6372,106.21,4941,82.35,0.2246,5318,88.64,0.9868,1,6,396,0,0,,0,0,signed payment,1624,60,
2026-10-09T18:43:00Z,locus,ok,,true,605,10.081,418,6.965,6629,110.46,4908,81.78,0.2596,5341,89,1,1,6,399,0,0,,0,0,signed payment,1624,60,
2026-10-09T18:44:00Z,locus,ok,,true,582,9.702,401,6.685,6477,107.98,4923,82.07,0.2399,5318,88.65,0.9988,1,6,395,0,0,,0,0,signed payment,1624,60,
2026-10-09T18:45:00Z,locus,ok,,true,577,9.616,390,6.5,6928,115.46,4910,81.83,0.2913,5315,88.58,1,1,6,369,0,0,,0,0,signed payment,1624,60,
2026-10-09T18:46:00Z,locus,ok,,true,601,10.015,414,6.899,7250,120.81,4954,82.55,0.3167,5360,89.32,0.9984,1,6,389,0,0,,0,0,signed payment,1624,60,
2026-10-09T18:47:00Z,locus,ok,,true,663,11.051,454,7.567,6798,113.31,4910,81.84,0.2777,5364,89.4,1,0,6,462,1,1,0,1,0.02,signed payment,1624,60,
2026-10-09T18:48:00Z,locus,ok,,true,631,10.517,423,7.05,7587,126.45,5138,85.64,0.3228,5553,92.55,0.9984,1,6,404,0,0,,0,0,signed payment,1624,60,
2026-10-09T18:49:00Z,locus,ok,,true,593,9.884,406,6.767,6771,112.86,4995,83.26,0.2623,5405,90.09,0.9998,0,6,397,49,37,0.2449,36,0.6,signed payment,1624,60,
2026-10-09T18:50:00Z,locus,ok,,true,618,10.3,429,7.15,7024,117.06,5371,89.51,0.2353,5799,96.65,0.9996,1,6,440,494,386,0.2186,385,6.42,signed payment,1624,60,
2026-10-09T18:51:00Z,locus,ok,,true,627,10.448,426,7.099,7633,127.19,5327,88.77,0.3021,5742,95.68,0.9979,1,6,453,582,412,0.2921,411,6.85,signed payment,1624,60,
2026-10-09T18:52:00Z,locus,ok,,true,589,9.818,403,6.718,7261,121.04,5305,88.43,0.2694,5709,95.17,0.9981,1,6,409,523,379,0.2753,378,6.3,signed payment,1624,60,
2026-10-09T18:53:00Z,locus,ok,,true,638,10.632,437,7.283,7579,126.3,5268,87.79,0.3049,5714,95.22,0.9998,1,6,425,406,344,0.1527,343,5.72,signed payment,1624,60,
2026-10-09T18:54:00Z,locus,ok,,true,612,10.201,412,6.867,7464,124.41,5257,87.63,0.2957,5668,94.48,0.9996,1,6,394,411,331,0.1946,330,5.5,signed payment,1624,60,
2026-10-09T18:55:00Z,locus,ok,,true,597,9.949,421,7.016,7065,117.74,5233,87.21,0.2593,5654,94.22,0.9998,0,6,410,362,323,0.1077,322,5.37,signed payment,1624,60,
2026-10-09T18:56:00Z,locus,ok,,true,634,10.567,422,7.034,7423,123.72,5390,89.84,0.2739,5745,95.75,0.9874,1,6,416,377,328,0.13,327,5.45,signed payment,1624,60,
2026-10-09T18:57:00Z,locus,ok,,true,625,10.416,403,6.716,7205,120.08,4880,81.33,0.3227,5293,88.21,0.9998,0,6,441,407,318,0.2187,317,5.28,signed payment,1624,60,
2026-10-09T18:58:00Z,locus,ok,,true,574,9.568,364,6.068,6190,103.19,3708,61.81,0.401,4071,67.86,0.9995,0,6,419,343,295,0.1399,293,4.88,signed payment,1624,60,
2026-10-09T18:59:00Z,locus,ok,,true,578,9.633,379,6.316,5774,96.23,3764,62.73,0.3481,4142,69.03,0.9995,1,6,423,358,307,0.1425,306,5.1,signed payment,1624,60,
2026-10-09T19:00:00Z,locus,ok,,true,568,9.467,370,6.167,5175,86.25,3630,60.5,0.2986,4001,66.68,0.9997,1,6,405,358,305,0.148,304,5.07,signed payment,1624,60,
2026-10-09T19:01:00Z,locus,ok,,true,589,9.816,392,6.533,5014,83.56,3535,58.91,0.295,3921,65.34,0.998,0,6,428,350,313,0.1057,313,5.22,signed payment,1624,60,
2026-10-09T19:02:00Z,locus,ok,,true,602,10.034,404,6.734,5668,94.47,3602,60.04,0.3645,3961,66.02,0.9856,1,6,468,361,340,0.0582,338,5.63,signed payment,1624,60,
2026-10-09T19:03:00Z,locus,ok,,true,559,9.317,375,6.25,5311,88.52,3542,59.04,0.3331,3917,65.29,0.9997,0,6,396,349,295,0.1547,294,4.9,signed payment,1624,60,
2026-10-09T19:04:00Z,locus,ok,,true,586,9.765,404,6.732,6969,116.13,5020,83.65,0.2797,5418,90.29,0.9986,1,6,427,2076,1824,0.1214,1817,30.28,signed payment,1624,60,
2026-10-09T19:05:00Z,locus,ok,,true,540,9,322,5.366,7615,126.91,5626,93.76,0.2612,5945,99.08,0.9982,1,6,360,3127,2440,0.2197,2432,40.53,signed payment,1624,60,
2026-10-09T19:06:00Z,locus,ok,,true,534,8.9,364,6.067,7926,132.11,5764,96.07,0.2728,6098,101.64,0.9936,1,6,365,2893,2521,0.1286,2506,41.77,signed payment,1624,60,
2026-10-09T19:07:00Z,locus,ok,,true,547,9.117,315,5.25,7930,132.17,5801,96.68,0.2685,6122,102.03,0.9953,1,6,372,3129,2511,0.1975,2500,41.67,signed payment,1624,60,
2026-10-09T19:08:00Z,locus,ok,,true,565,9.417,352,5.867,8106,135.1,5905,98.42,0.2715,6253,104.21,0.9968,0,6,422,3241,2727,0.1586,2713,45.22,signed payment,1624,60,
2026-10-09T19:09:00Z,locus,ok,,true,586,9.768,390,6.501,7888,131.49,5997,99.96,0.2397,6372,106.22,0.996,1,6,421,3247,2774,0.1457,2768,46.14,signed payment,1624,60,
2026-10-09T19:10:00Z,locus,ok,,true,538,8.966,347,5.783,7670,127.82,6014,100.22,0.2159,6362,106.02,0.9978,1,6,380,3150,2714,0.1384,2711,45.18,signed payment,1624,60,
2026-10-09T19:11:00Z,locus,ok,,true,599,9.984,403,6.717,9141,152.36,6477,107.95,0.2914,6881,114.69,0.9988,1,6,418,3603,3032,0.1585,3024,50.4,signed payment,1624,60,
2026-10-09T19:12:00Z,locus,ok,,true,546,9.099,361,6.016,8358,139.28,6180,102.98,0.2606,6485,108.07,0.9896,1,6,398,3436,2934,0.1461,2922,48.69,signed payment,1624,60,
2026-10-09T19:13:00Z,locus,ok,,true,544,9.069,372,6.202,8110,135.2,6239,104.01,0.2307,6555,109.28,0.9899,0,6,401,3464,2979,0.14,2977,49.63,signed payment,1624,60,
2026-10-09T19:14:00Z,locus,ok,,true,583,9.716,376,6.266,8529,142.13,6061,101,0.2894,6474,107.89,0.9979,1,6,410,3470,2847,0.1795,2841,47.34,signed payment,1624,60,
2026-10-09T19:15:00Z,locus,ok,,true,509,8.483,349,5.816,8383,139.71,5909,98.48,0.2951,6148,102.46,0.9805,1,6,340,3035,2556,0.1578,2548,42.46,signed payment,1624,60,
2026-10-09T19:16:00Z,locus,ok,,true,601,10.018,386,6.434,8705,145.1,6327,105.46,0.2732,6711,111.86,0.9986,1,6,452,3712,3073,0.1721,3064,51.07,signed payment,1624,60,
2026-10-09T19:17:00Z,locus,ok,,true,609,10.149,385,6.416,8766,146.09,6138,102.29,0.2998,6519,108.64,0.9979,1,6,412,3555,2892,0.1865,2879,47.98,signed payment,1624,60,
2026-10-09T19:18:00Z,locus,ok,,true,485,8.084,315,5.25,6912,115.21,5165,86.09,0.2527,5486,91.44,0.9986,1,5,366,3038,2495,0.1787,2488,41.47,signed payment,1624,60,
2026-10-09T19:19:00Z,locus,ok,,true,691,11.517,332,5.534,9119,151.99,6575,109.59,0.279,6912,115.21,0.9997,22,7,469,3764,2798,0.2566,2796,46.6,signed payment,1624,60,
2026-10-09T19:20:00Z,locus,ok,,true,547,9.117,295,4.917,8614,143.57,5545,92.42,0.3563,5831,97.19,0.998,1,6,388,3089,2248,0.2723,2238,37.3,signed payment,1624,60,
2026-10-09T19:21:00Z,locus,ok,,true,604,10.065,311,5.182,8435,140.56,5299,88.3,0.3718,5618,93.62,0.9987,1,6,504,3028,2120,0.2999,2113,35.21,signed payment,1624,60,
2026-10-09T19:22:00Z,locus,ok,,true,609,10.151,311,5.184,9173,152.9,5374,89.58,0.4142,5670,94.51,0.9959,1,6,506,2837,2053,0.2763,2041,34.02,signed payment,1624,60,
2026-10-09T19:23:00Z,locus,ok,,true,577,9.616,306,5.099,9521,158.67,5682,94.69,0.4032,6048,100.79,0.9988,1,6,480,3295,2387,0.2756,2380,39.66,signed payment,1624,60,
2026-10-09T19:24:00Z,locus,ok,,true,600,10.002,300,5.001,10000,166.7,5531,92.2,0.4469,5828,97.15,0.9984,0,6,505,3150,2194,0.3035,2187,36.46,signed payment,1624,60,
2026-10-09T19:25:00Z,locus,ok,,true,602,10.033,293,4.883,8913,148.54,5363,89.38,0.3983,5603,93.38,0.9896,1,6,527,2985,2089,0.3002,2071,34.51,signed payment,1624,60,
2026-10-09T19:26:00Z,locus,ok,,true,594,9.9,317,5.283,8579,142.98,5436,90.6,0.3664,5734,95.56,0.9943,1,6,491,2974,2131,0.2835,2118,35.3,signed payment,1624,60,
2026-10-09T19:27:00Z,locus,ok,,true,586,9.766,295,4.916,9178,152.96,5540,92.33,0.3964,5778,96.3,0.9884,1,6,480,3162,2292,0.2751,2282,38.03,signed payment,1624,60,
2026-10-09T19:28:00Z,locus,ok,,true,606,10.1,303,5.05,8989,149.81,5505,91.75,0.3876,5918,98.63,0.9962,1,6,494,3209,2302,0.2826,2288,38.13,signed payment,1624,60,
2026-10-09T19:29:00Z,locus,ok,,true,526,8.768,288,4.801,8404,140.09,5423,90.4,0.3547,5629,93.83,0.9812,0,6,391,2810,2102,0.252,2088,34.81,signed payment,1624,60,
2026-10-09T19:30:00Z,locus,ok,,true,593,9.883,290,4.833,8897,148.28,5379,89.65,0.3954,5706,95.1,0.9987,1,6,465,2948,2083,0.2934,2077,34.62,signed payment,1624,60,
2026-10-09T19:31:00Z,locus,ok,,true,616,10.265,324,5.399,8296,138.25,5411,90.17,0.3478,5735,95.57,0.9987,2,6,499,2961,2137,0.2783,2130,35.5,signed payment,1624,60,
2026-10-09T19:32:00Z,locus,ok,,true,608,10.133,303,5.05,8930,148.83,5579,92.98,0.3753,5882,98.03,0.9987,1,6,485,3179,2320,0.2702,2313,38.55,signed payment,1624,60,
2026-10-09T19:33:00Z,locus,ok,,true,557,9.284,306,5.1,8474,141.24,5799,96.66,0.3157,6160,102.67,0.9988,1,6,456,3391,2531,0.2536,2524,42.07,signed payment,1624,60,
2026-10-09T19:34:00Z,locus,ok,,true,600,10.001,325,5.417,8873,147.9,5834,97.25,0.3425,6109,101.83,0.9902,0,6,458,3399,2539,0.253,2532,42.21,signed payment,1624,60,
2026-10-09T19:35:00Z,locus,ok,,true,585,9.749,334,5.566,8103,135.04,5692,94.86,0.2975,6088,101.46,0.9961,1,6,446,3177,2499,0.2134,2484,41.4,signed payment,1624,60,
2026-10-09T19:36:00Z,locus,ok,,true,633,10.549,387,6.449,8620,143.65,5891,98.17,0.3166,6291,104.84,0.9988,1,6,445,3109,2508,0.1933,2502,41.7,signed payment,1624,60,
2026-10-09T19:37:00Z,locus,ok,,true,601,10.016,371,6.183,8138,135.63,5932,98.86,0.2711,6300,104.99,0.9985,1,6,414,3323,2632,0.2079,2623,43.71,signed payment,1624,60,
2026-10-09T19:38:00Z,locus,ok,,true,630,10.501,377,6.284,8786,146.45,5969,99.5,0.3206,6341,105.7,0.9985,1,6,455,3390,2721,0.1973,2714,45.24,signed payment,1624,60,
2026-10-09T19:39:00Z,locus,ok,,true,659,10.983,380,6.333,8668,144.47,6034,100.57,0.3039,6358,105.97,0.9896,0,6,462,3477,2733,0.214,2722,45.37,signed payment,1624,60,
2026-10-09T19:40:00Z,locus,ok,,true,623,10.384,369,6.15,8440,140.67,5950,99.17,0.295,6317,105.29,0.9985,1,6,439,3571,2736,0.2338,2729,45.48,signed payment,1624,60,
2026-10-09T19:41:00Z,locus,ok,,true,680,11.334,404,6.734,8188,136.48,5505,91.76,0.3277,5918,98.64,1,1,6,506,2793,2220,0.2052,2220,37,signed payment,1624,60,
2026-10-09T19:42:00Z,locus,ok,,true,618,10.299,410,6.833,4687,78.11,3207,53.44,0.3158,3617,60.28,1,1,6,415,0,0,,0,0,signed payment,1624,60,
2026-10-09T19:43:00Z,locus,ok,,true,634,10.567,415,6.917,5016,83.6,3316,55.27,0.3389,3680,61.33,0.9846,1,6,454,17,16,0.0588,16,0.27,signed payment,1624,60,
2026-10-09T19:44:00Z,locus,ok,,true,639,10.65,442,7.366,4700,78.33,3267,54.45,0.3049,3710,61.83,1,0,6,427,0,0,,0,0,signed payment,1624,60,
2026-10-09T19:45:00Z,locus,ok,,true,683,11.384,451,7.517,5237,87.29,3265,54.42,0.3766,3716,61.94,1,0,6,461,0,0,,0,0,signed payment,1624,60,
2026-10-09T19:46:00Z,locus,ok,,true,644,10.731,453,7.548,5227,87.1,3247,54.1,0.3788,3700,61.65,1,0,6,461,0,0,,0,0,signed payment,1624,60,
2026-10-09T19:47:00Z,locus,ok,,true,691,11.517,464,7.734,4826,80.44,3244,54.07,0.3278,3658,60.97,0.9846,0,6,516,0,0,,0,0,signed payment,1624,60,
2026-10-09T19:48:00Z,locus,ok,,true,645,10.752,430,7.168,4881,81.36,3206,53.44,0.3432,3686,61.44,1,1,6,438,0,0,,0,0,signed payment,1624,60,
2026-10-09T19:49:00Z,locus,ok,,true,696,11.6,474,7.9,5208,86.8,3460,57.67,0.3356,3934,65.57,1,0,6,507,0,0,,0,0,signed payment,1624,60,
2026-10-09T19:50:00Z,locus,ok,,true,578,9.634,403,6.717,5366,89.44,3257,54.29,0.393,3660,61,1,1,6,391,0,0,,0,0,signed payment,1624,60,
2026-10-09T19:51:00Z,locus,ok,,true,633,10.55,431,7.183,5302,88.36,3258,54.3,0.3855,3696,61.6,1,1,6,460,0,0,,0,0,signed payment,1624,60,
2026-10-09T19:52:00Z,locus,ok,,true,655,10.916,432,7.2,4729,78.81,3241,54.01,0.3147,3673,61.21,1,1,6,447,0,0,,0,0,signed payment,1624,60,
2026-10-09T19:53:00Z,locus,ok,,true,656,10.932,454,7.566,5227,87.11,3243,54.04,0.3796,3647,60.78,0.9846,0,6,450,0,0,,0,0,signed payment,1624,60,
2026-10-09T19:54:00Z,locus,ok,,true,685,11.418,464,7.734,4717,78.63,3204,53.41,0.3208,3718,61.98,1,0,6,492,0,0,,0,0,signed payment,1624,60,
2026-10-09T19:55:00Z,locus,ok,,true,629,10.482,403,6.716,5541,92.34,3239,53.98,0.4154,3642,60.69,1,0,6,433,0,0,,0,0,signed payment,1624,60,
2026-10-09T19:56:00Z,locus,ok,,true,607,10.118,415,6.917,5406,90.11,3215,53.59,0.4053,3623,60.39,0.9978,1,6,402,0,0,,0,0,signed payment,1624,60,
2026-10-09T19:57:00Z,locus,ok,,true,557,9.284,387,6.45,5205,86.76,3268,54.47,0.3721,3655,60.92,1,1,6,360,0,0,,0,0,signed payment,1624,60,
2026-10-09T19:58:00Z,locus,ok,,true,636,10.601,441,7.35,4531,75.52,3261,54.35,0.2803,3702,61.7,1,1,6,430,0,0,,0,0,signed payment,1624,60,
2026-10-09T19:59:00Z,locus,ok,,true,598,9.966,416,6.933,4729,78.81,3259,54.31,0.3108,3675,61.25,1,1,6,403,0,0,,0,0,signed payment,1624,60,
2026-10-09T20:00:00Z,locus,ok,,true,642,10.701,440,7.334,4640,77.34,3220,53.67,0.306,3660,61,1,1,6,439,0,0,,0,0,signed payment,1624,60,
2026-10-09T20:01:00Z,locus,ok,,true,617,10.281,413,6.882,5914,98.54,3395,56.57,0.4259,3801,63.34,0.9979,1,6,404,0,0,,0,0,signed payment,1624,60,
2026-10-09T20:02:00Z,locus,ok,,true,609,10.151,411,6.851,4950,82.51,3305,55.09,0.3323,3723,62.06,1,1,6,405,0,0,,0,0,signed payment,1624,60,
2026-10-09T20:03:00Z,locus,ok,,true,606,10.101,415,6.917,4363,72.72,3249,54.15,0.2553,3664,61.07,1,1,6,388,0,0,,0,0,signed payment,1624,60,
2026-10-09T20:04:00Z,locus,ok,,true,618,10.3,432,7.2,4681,78.02,3208,53.47,0.3147,3640,60.67,1,1,6,427,0,0,,0,0,signed payment,1624,60,
2026-10-09T20:05:00Z,locus,ok,,true,579,9.65,405,6.75,4702,78.37,3249,54.15,0.309,3654,60.9,1,1,6,393,0,0,,0,0,signed payment,1624,60,
2026-10-09T20:06:00Z,locus,ok,,true,645,10.748,433,7.216,5165,86.07,3246,54.09,0.3715,3629,60.47,0.9846,1,6,430,0,0,,0,0,signed payment,1624,60,
2026-10-09T20:07:00Z,locus,ok,,true,572,9.533,385,6.417,4743,79.05,3258,54.3,0.3131,3586,59.77,0.9825,1,6,396,0,0,,0,0,signed payment,1624,60,
2026-10-09T20:08:00Z,locus,ok,,true,618,10.302,431,7.185,5023,83.73,3216,53.61,0.3597,3703,61.73,0.9997,1,6,414,0,0,,0,0,signed payment,1624,60,
2026-10-09T20:09:00Z,locus,ok,,true,643,10.717,433,7.217,4955,82.58,3294,54.9,0.3352,3678,61.3,0.9848,1,6,426,0,0,,0,0,signed payment,1624,60,
2026-10-09T20:10:00Z,locus,ok,,true,622,10.367,439,7.317,5009,83.48,3188,53.13,0.3635,3677,61.28,1,1,6,435,0,0,,0,0,signed payment,1624,60,
2026-10-09T20:11:00Z,locus,ok,,true,585,9.748,397,6.616,5011,83.5,3291,54.84,0.3432,3638,60.62,0.9848,1,6,397,0,0,,0,0,signed payment,1624,60,
2026-10-09T20:12:00Z,locus,ok,,true,649,10.818,462,7.701,4582,76.38,3255,54.26,0.2896,3667,61.13,0.9846,1,6,434,0,0,,0,0,signed payment,1624,60,
2026-10-09T20:13:00Z,locus,ok,,true,606,10.098,433,7.215,5389,89.8,3343,55.7,0.3797,3776,62.92,1,0,6,432,0,0,,0,0,signed payment,1624,60,
2026-10-09T20:14:00Z,locus,ok,,true,573,9.552,394,6.568,4722,78.72,3304,55.08,0.3003,3698,61.65,1,0,6,384,0,0,,0,0,signed payment,1624,60,
2026-10-09T20:15:00Z,locus,ok,,true,554,9.234,392,6.534,4594,76.57,3243,54.05,0.2941,3635,60.59,1,0,6,395,0,0,,0,0,signed payment,1624,60,
2026-10-09T20:16:00Z,locus,ok,,true,620,10.332,420,6.999,4714,78.55,3239,53.97,0.3129,3659,60.97,1,1,6,433,0,0,,0,0,signed payment,1624,60,
2026-10-09T20:17:00Z,locus,ok,,true,615,10.251,441,7.351,4522,75.37,3202,53.37,0.2919,3643,60.72,1,0,6,410,0,0,,0,0,signed payment,1624,60,
2026-10-09T20:18:00Z,locus,ok,,true,621,10.349,434,7.232,4852,80.86,3215,53.58,0.3374,3649,60.81,1,1,6,418,0,0,,0,0,signed payment,1624,60,
2026-10-09T20:19:00Z,locus,ok,,true,578,9.633,415,6.916,4454,74.23,3188,53.13,0.2842,3602,60.03,0.9997,0,6,374,0,0,,0,0,signed payment,1624,60,
2026-10-09T20:20:00Z,locus,ok,,true,590,9.835,400,6.668,5226,87.11,3237,53.96,0.3806,3638,60.64,1,1,6,402,0,0,,0,0,signed payment,1624,60,
2026-10-09T20:21:00Z,locus,ok,,true,651,10.851,441,7.351,4470,74.51,3212,53.54,0.2814,3653,60.89,1,1,6,447,0,0,,0,0,signed payment,1624,60,
2026-10-09T20:22:00Z,locus,ok,,true,618,10.299,431,7.183,4881,81.34,3184,53.06,0.3477,3615,60.24,1,0,6,419,0,0,,0,0,signed payment,1624,60,
2026-10-09T20:23:00Z,locus,ok,,true,560,9.334,396,6.601,4940,82.34,3299,54.99,0.3322,3644,60.74,0.9845,0,6,397,0,0,,0,0,signed payment,1624,60,
2026-10-09T20:24:00Z,locus,ok,,true,578,9.631,413,6.882,4554,75.88,3195,53.24,0.2984,3602,60.02,0.9822,1,6,434,0,0,,0,0,signed payment,1624,60,
2026-10-09T20:25:00Z,locus,ok,,true,578,9.635,420,7.001,4980,83.02,3385,56.43,0.3203,3855,64.26,0.9979,0,6,396,0,0,,0,0,signed payment,1624,60,
2026-10-09T20:26:00Z,locus,ok,,true,615,10.248,423,7.048,4729,78.8,3248,54.12,0.3132,3677,61.27,1,0,6,410,0,0,,0,0,signed payment,1624,60,
2026-10-09T20:27:00Z,locus,ok,,true,604,10.068,434,7.234,5233,87.23,3187,53.12,0.391,3614,60.24,0.9978,0,6,383,0,0,,0,0,signed payment,1624,60,
2026-10-09T20:28:00Z,locus,ok,,true,655,10.918,440,7.334,4608,76.81,3235,53.92,0.298,3682,61.37,1,1,6,434,0,0,,0,0,signed payment,1624,60,
2026-10-09T20:29:00Z,locus,ok,,true,580,9.665,407,6.782,4539,75.64,3187,53.11,0.2979,3594,59.89,1,1,6,412,0,0,,0,0,signed payment,1624,60,
2026-10-09T20:30:00Z,locus,ok,,true,423,7.05,248,4.133,8462,141.04,6548,109.14,0.2262,6764,112.74,0.9951,1,6,91,0,0,,0,0,signed payment,1624,60,
2026-10-09T20:31:00Z,locus,ok,,true,424,7.066,228,3.8,9184,153.06,6823,113.71,0.2571,7083,118.04,1,1,6,86,0,0,,0,0,signed payment,1624,60,
2026-10-09T20:32:00Z,locus,ok,,true,406,6.768,202,3.367,9949,165.84,6751,112.53,0.3214,6919,115.33,0.995,2,6,52,0,0,,0,0,signed payment,1624,60,
2026-10-09T20:33:00Z,locus,ok,,true,422,7.033,226,3.767,9767,162.78,6759,112.65,0.308,6983,116.38,0.9948,1,6,57,0,0,,0,0,signed payment,1624,60,
2026-10-09T20:34:00Z,locus,ok,,true,443,7.383,225,3.75,9875,164.58,6921,115.35,0.2991,7180,119.66,0.9999,1,6,51,0,0,,0,0,signed payment,1624,60,
2026-10-09T20:35:00Z,locus,ok,,true,468,7.8,256,4.267,10303,171.73,6799,113.32,0.3401,7044,117.41,0.9982,2,6,79,0,0,,0,0,signed payment,1624,60,
2026-10-09T20:36:00Z,locus,ok,,true,429,7.15,235,3.917,12543,209.05,6934,115.57,0.4472,7152,119.2,0.9958,1,6,38,0,0,,0,0,signed payment,1624,60,
2026-10-09T20:37:00Z,locus,ok,,true,409,6.816,227,3.783,11801,196.66,6980,116.32,0.4085,7162,119.35,0.9884,1,6,52,0,0,,0,0,signed payment,1624,60,
2026-10-09T20:38:00Z,locus,ok,,true,371,6.184,232,3.867,7482,124.71,4849,80.82,0.3519,5145,85.75,0.9984,2,6,53,0,0,,0,0,signed payment,1624,60,
2026-10-09T20:39:00Z,locus,ok,accepted under 95% of ids in blocks,false,421,7.016,233,3.883,21844,364.05,6155,102.58,0.7182,4929,82.15,0.7617,2,6,108,0,0,,0,0,signed payment,1624,60,
2026-10-09T20:40:00Z,locus,ok,accepted under 95% of ids in blocks,false,476,7.934,252,4.2,12038,200.64,5219,86.99,0.5665,4593,76.55,0.8304,1,6,92,0,0,,0,0,signed payment,1624,60,
2026-10-09T20:41:00Z,locus,ok,,true,457,7.616,239,3.983,8634,143.9,4428,73.8,0.4871,4653,77.55,0.9966,1,6,68,0,0,,0,0,signed payment,1624,60,
2026-10-09T20:42:00Z,locus,ok,,true,415,6.918,214,3.567,7109,118.5,4457,74.29,0.373,4621,77.03,0.9872,1,6,46,0,0,,0,0,signed payment,1624,60,
2026-10-09T20:43:00Z,locus,ok,,true,455,7.584,234,3.9,7415,123.59,4418,73.64,0.4042,4699,78.32,1,1,6,62,0,0,,0,0,signed payment,1624,60,
2026-10-09T20:44:00Z,locus,ok,,true,457,7.616,241,4.016,7562,126.02,4477,74.61,0.408,4665,77.74,0.9882,2,6,78,0,0,,0,0,signed payment,1624,60,
2026-10-09T20:45:00Z,locus,ok,,true,456,7.599,238,3.966,11285,188.06,6162,102.68,0.454,6453,107.53,1,1,6,59,0,0,,0,0,signed payment,1624,60,
2026-10-09T20:46:00Z,locus,ok,,true,438,7.3,238,3.967,10741,179.02,6255,104.25,0.4177,6491,108.19,0.9997,1,6,56,0,0,,0,0,signed payment,1624,60,
2026-10-09T20:47:00Z,locus,ok,,true,448,7.467,223,3.717,11494,191.58,6311,105.19,0.4509,6451,107.52,0.9867,1,6,63,0,0,,0,0,signed payment,1624,60,
2026-10-09T20:48:00Z,locus,ok,,true,476,7.933,223,3.717,12312,205.19,6354,105.9,0.4839,6531,108.85,0.9928,1,6,67,0,0,,0,0,signed payment,1624,60,
2026-10-09T20:49:00Z,locus,ok,,true,492,8.202,245,4.084,11919,198.69,6397,106.64,0.4633,6537,108.97,0.9798,1,6,59,0,0,,0,0,signed payment,1624,60,
2026-10-09T20:50:00Z,locus,ok,,true,493,8.217,253,4.217,13054,217.57,6859,114.32,0.4746,7162,119.37,1,1,6,59,0,0,,0,0,signed payment,1624,60,
2026-10-09T20:51:00Z,locus,ok,,true,473,7.882,240,3.999,12468,207.76,6912,115.18,0.4456,7067,117.76,0.9877,1,6,87,0,0,,0,0,signed payment,1624,60,
2026-10-09T20:52:00Z,locus,ok,,true,456,7.601,228,3.8,11816,196.96,6826,113.78,0.4223,7089,118.16,0.9927,1,6,86,0,0,,0,0,signed payment,1624,60,
2026-10-09T20:53:00Z,locus,ok,,true,486,8.1,240,4,11674,194.56,6775,112.91,0.4197,7102,118.36,0.9931,1,6,71,6063,3480,0.426,3433,57.21,signed payment,1624,60,
2026-10-09T20:54:00Z,locus,ok,,true,483,8.05,246,4.1,10854,180.91,6905,115.09,0.3638,7133,118.89,0.9906,2,6,64,5899,3600,0.3897,3593,59.89,signed payment,1624,60,
2026-10-09T20:55:00Z,locus,ok,,true,482,8.033,246,4.1,10463,174.37,6882,114.69,0.3423,7139,118.98,0.9997,1,6,79,5523,3540,0.359,3540,59,signed payment,1624,60,
2026-10-09T20:56:00Z,locus,ok,,true,476,7.934,215,3.584,20308,338.51,10548,175.82,0.4806,10762,179.39,0.9997,1,6,83,6651,3600,0.4587,3599,59.99,signed payment,1624,60,
2026-10-09T20:57:00Z,locus,ok,,true,493,8.217,210,3.5,19306,321.77,10763,179.39,0.4425,10827,180.45,0.9862,1,6,91,6269,3537,0.4358,3479,57.98,signed payment,1624,60,
2026-10-09T20:58:00Z,locus,ok,,true,455,7.582,189,3.15,18569,309.45,10943,182.36,0.4107,11214,186.88,0.9954,1,5,76,6291,3603,0.4273,3603,60.04,signed payment,1624,60,
2026-10-09T20:59:00Z,locus,ok,,true,482,8.034,224,3.734,5483,91.4,3581,59.69,0.3469,3787,63.13,0.9899,1,6,76,0,0,,0,0,signed payment,1624,60,
2026-10-09T21:00:00Z,locus,ok,,true,510,8.499,266,4.433,6183,103.04,3611,60.18,0.416,3877,64.61,1,2,6,82,0,0,,0,0,signed payment,1624,60,
2026-10-09T21:01:00Z,locus,ok,,true,512,8.534,273,4.55,5718,95.3,3705,61.75,0.352,3966,66.1,0.9968,1,6,99,0,0,,0,0,signed payment,1624,60,
2026-10-09T21:02:00Z,locus,ok,,true,539,8.983,277,4.616,5524,92.06,3712,61.86,0.328,3984,66.39,0.9981,1,6,63,0,0,,0,0,signed payment,1624,60,
2026-10-09T21:03:00Z,locus,ok,,true,557,9.285,263,4.384,6807,113.47,3611,60.19,0.4695,3874,64.58,1,1,6,110,0,0,,0,0,signed payment,1624,60,
2026-10-09T21:04:00Z,locus,ok,,true,543,9.05,287,4.783,5533,92.22,3602,60.03,0.349,3889,64.82,1,1,6,66,0,0,,0,0,signed payment,1624,60,
2026-10-09T21:05:00Z,locus,ok,,true,502,8.366,263,4.383,6385,106.41,3580,59.66,0.4393,3791,63.18,0.9855,1,6,68,0,0,,0,0,signed payment,1624,60,
2026-10-09T21:06:00Z,locus,ok,,true,488,8.134,239,3.984,5374,89.57,3605,60.09,0.3292,3896,64.94,1,1,6,60,0,0,,0,0,signed payment,1624,60,
2026-10-09T21:07:00Z,locus,ok,,true,497,8.283,267,4.45,5945,99.07,3592,59.86,0.3958,3859,64.31,1,1,6,66,0,0,,0,0,signed payment,1624,60,
2026-10-09T21:08:00Z,locus,ok,,true,436,7.266,288,4.8,5106,85.1,3227,53.78,0.368,3465,57.75,0.9845,1,6,52,0,0,,0,0,signed payment,1624,60,
2026-10-09T21:09:00Z,locus,ok,,true,443,7.383,265,4.417,5277,87.95,3234,53.9,0.3872,3549,59.15,1,1,6,55,0,0,,0,0,signed payment,1624,60,
2026-10-09T21:10:00Z,locus,ok,,true,442,7.367,269,4.483,4990,83.17,3308,55.13,0.3371,3568,59.47,0.9973,2,6,61,0,0,,0,0,signed payment,1624,60,
2026-10-09T21:11:00Z,locus,ok,,true,462,7.699,288,4.8,4994,83.23,3234,53.9,0.3524,3522,58.7,0.9978,1,6,51,0,0,,0,0,signed payment,1624,60,
2026-10-09T21:12:00Z,locus,ok,,true,474,7.901,299,4.984,5044,84.08,3700,61.68,0.2665,3999,66.66,0.9981,1,6,60,0,0,,0,0,signed payment,1624,60,
2026-10-09T21:13:00Z,locus,ok,,true,459,7.65,275,4.583,5887,98.12,4159,69.32,0.2935,4336,72.27,0.9748,1,6,76,0,0,,0,0,signed payment,1624,60,
2026-10-09T21:14:00Z,locus,ok,,true,434,7.233,270,4.5,5957,99.28,4256,70.93,0.2855,4572,76.2,0.9979,2,6,60,0,0,,0,0,signed payment,1624,60,
2026-10-09T21:15:00Z,locus,ok,,true,448,7.466,275,4.583,6418,106.96,4174,69.56,0.3496,4458,74.29,1,1,6,70,0,0,,0,0,signed payment,1624,60,
2026-10-09T21:16:00Z,locus,ok,,true,466,7.767,277,4.617,5711,95.19,4154,69.24,0.2726,4420,73.67,0.9974,1,6,68,0,0,,0,0,signed payment,1624,60,
2026-10-09T21:17:00Z,locus,ok,,true,472,7.866,285,4.749,5985,99.74,4200,69.99,0.2982,4446,74.09,0.9881,1,6,75,0,0,,0,0,signed payment,1624,60,
2026-10-09T21:18:00Z,locus,ok,,true,496,8.268,303,5.051,5857,97.63,4107,68.46,0.2988,4460,74.35,1,1,6,74,0,0,,0,0,signed payment,1624,60,
2026-10-09T21:19:00Z,locus,ok,,true,491,8.182,293,4.883,5772,96.19,4132,68.86,0.2841,4425,73.74,1,1,6,68,0,0,,0,0,signed payment,1624,60,
2026-10-09T21:20:00Z,locus,ok,,true,500,8.333,292,4.866,4977,82.95,3265,54.41,0.344,3557,59.28,1,1,6,63,0,0,,0,0,signed payment,1624,60,
2026-10-09T21:21:00Z,locus,ok,,true,483,8.051,297,4.951,4883,81.4,3255,54.26,0.3334,3545,59.09,0.9978,1,6,49,0,0,,0,0,signed payment,1624,60,
2026-10-09T21:22:00Z,locus,ok,,true,507,8.449,290,4.833,4928,82.13,3234,53.9,0.3438,3480,58,0.9842,1,6,68,0,0,,0,0,signed payment,1624,60,
2026-10-09T21:23:00Z,locus,ok,,true,530,8.834,321,5.351,4880,81.34,3274,54.57,0.3291,3646,60.77,1,1,6,73,0,0,,0,0,signed payment,1624,60,
2026-10-09T21:24:00Z,locus,ok,,true,545,9.083,319,5.317,4390,73.17,3192,53.2,0.2729,3552,59.2,0.9972,1,6,77,0,0,,0,0,signed payment,1624,60,
2026-10-09T21:25:00Z,locus,ok,,true,526,8.767,311,5.183,5153,85.88,3254,54.23,0.3685,3567,59.45,0.9978,1,6,72,0,0,,0,0,signed payment,1624,60,
2026-10-09T21:26:00Z,locus,ok,,true,538,8.965,313,5.216,4897,81.6,3268,54.46,0.3327,3588,59.79,1,1,6,64,0,0,,0,0,signed payment,1624,60,
2026-10-09T21:27:00Z,locus,ok,,true,682,11.369,322,5.368,6483,108.07,3806,63.44,0.4129,4123,68.73,0.9987,0,6,96,0,0,,0,0,signed payment,1624,60,
2026-10-09T21:28:00Z,locus,ok,,true,642,10.699,300,4.999,6439,107.3,3638,60.63,0.435,3891,64.84,0.9857,1,6,109,0,0,,0,0,signed payment,1624,60,
2026-10-09T21:29:00Z,locus,ok,,true,686,11.434,330,5.5,5616,93.61,3444,57.4,0.3868,3776,62.94,1,0,6,107,0,0,,0,0,signed payment,1624,60,
2026-10-09T21:32:00Z,locus,ok,partial window; lag not sampled the whole minute; accepted under 95% of ids in blocks,false,89,8.631,53,5.14,933,90.48,614,59.54,0.3419,617,59.83,0.9072,1,2,5,0,0,,0,0,signed payment,1624,10.3,
2026-10-09T21:33:00Z,locus,ok,,true,529,8.818,310,5.168,5277,87.97,3231,53.86,0.3877,3548,59.14,0.9845,1,6,63,0,0,,0,0,signed payment,1624,60,
2026-10-09T21:34:00Z,locus,ok,,true,547,9.116,328,5.466,5177,86.28,3262,54.36,0.3699,3590,59.83,1,1,6,68,0,0,,0,0,signed payment,1624,60,
2026-10-09T21:35:00Z,locus,ok,partial window,false,235,8.811,148,5.549,2089,78.32,1301,48.78,0.3772,1450,54.37,1,0,3,37,0,0,,0,0,signed payment,1624,26.7,
2026-10-09T21:35:00Z,locus,ok,partial window,false,182,8.791,114,5.506,1770,85.49,1104,53.33,0.3763,1221,58.98,1,1,3,35,0,0,,0,0,signed payment,1624,20.7,
2026-10-09T21:36:00Z,locus,ok,,true,531,8.85,321,5.35,4962,82.7,3232,53.87,0.3486,3553,59.22,1,2,6,74,0,0,,0,0,signed payment,1624,60,
2026-10-09T21:36:00Z,locus,ok,,true,531,8.85,321,5.35,4962,82.7,3232,53.87,0.3486,3553,59.22,1,1,6,74,0,0,,0,0,signed payment,1624,60,
2026-10-09T21:37:00Z,locus,ok,partial window,false,399,8.474,236,5.012,4224,89.71,2499,53.08,0.4084,2735,58.09,0.98,1,5,42,0,0,,0,0,signed payment,1624,47.1,
2026-10-09T21:37:00Z,locus,ok,,true,521,8.684,307,5.117,5318,88.64,3232,53.87,0.3923,3489,58.15,0.9845,1,6,53,0,0,,0,0,signed payment,1624,60,
2026-10-09T21:38:00Z,locus,ok,partial window,false,432,9.349,256,5.54,3458,74.84,2449,53,0.2918,2755,59.62,0.9971,1,5,72,0,0,,0,0,signed payment,1624,46.2,
2026-10-09T21:39:00Z,locus,ok,,true,519,8.65,329,5.483,5122,85.37,3341,55.68,0.3477,3677,61.28,1,1,6,76,0,0,,0,0,signed payment,1624,60,
2026-10-09T21:40:00Z,locus,ok,,true,551,9.182,325,5.416,4925,82.07,3394,56.56,0.3109,3669,61.14,0.9853,1,6,70,0,0,,0,0,signed payment,1624,60,
2026-10-09T21:41:00Z,locus,ok,,true,569,9.483,343,5.716,4639,77.31,3209,53.48,0.3083,3595,59.91,0.9978,1,6,87,0,0,,0,0,signed payment,1624,60,
2026-10-09T21:42:00Z,locus,ok,,true,541,9.017,311,5.184,5357,89.29,3257,54.29,0.392,3575,59.59,1,2,6,68,0,0,,0,0,signed payment,1624,60,
2026-10-09T21:43:00Z,locus,ok,,true,542,9.035,346,5.768,4730,78.85,3247,54.13,0.3135,3543,59.06,0.9846,1,6,70,0,0,,0,0,signed payment,1624,60,
2026-10-09T21:44:00Z,locus,ok,,true,549,9.149,322,5.366,5006,83.42,3216,53.59,0.3576,3588,59.79,1,1,6,84,0,0,,0,0,signed payment,1624,60,
2026-10-09T21:45:00Z,locus,ok,,true,531,8.851,311,5.184,5051,84.19,3264,54.4,0.3538,3575,59.59,1,1,6,80,0,0,,0,0,signed payment,1624,60,
2026-10-09T21:46:00Z,locus,ok,,true,564,9.398,334,5.565,4664,77.72,3545,59.07,0.2399,3829,63.8,0.9859,1,6,60,356,294,0.1742,294,4.9,signed payment,1624,60,
2026-10-09T21:47:00Z,locus,ok,,true,578,9.635,329,5.484,5041,84.03,3622,60.38,0.2815,4001,66.7,1,1,6,93,546,413,0.2436,413,6.88,signed payment,1624,60,
2026-10-09T21:48:00Z,locus,ok,,true,483,9.247,293,5.609,3672,70.3,2799,53.59,0.2377,3092,59.2,1,2,6,66,0,0,,0,0,signed payment,1624,52.2,
2026-10-09T21:49:00Z,locus,ok,,true,531,8.85,321,5.35,5085,84.75,3257,54.28,0.3595,3578,59.63,1,1,6,63,0,0,,0,0,signed payment,1624,60,
2026-10-09T21:50:00Z,locus,ok,,true,558,9.302,341,5.684,4731,78.86,3238,53.98,0.3156,3578,59.64,0.9997,2,6,88,0,0,,0,0,signed payment,1624,60,
2026-10-09T21:51:00Z,locus,ok,,true,623,10.383,359,5.983,5429,90.48,3233,53.88,0.4045,3586,59.77,0.9978,1,6,110,0,0,,0,0,signed payment,1624,60,
2026-10-09T21:52:00Z,locus,ok,,true,495,9.68,295,5.769,4424,86.51,2965,57.98,0.3298,3267,63.89,0.9831,1,6,98,0,0,,0,0,signed payment,1624,51.1,
2026-10-09T21:53:00Z,locus,ok,,true,572,9.532,331,5.516,5062,84.36,3327,55.44,0.3427,3708,61.79,1,1,6,95,177,140,0.209,140,2.33,signed payment,1624,60,
2026-10-09T21:54:00Z,locus,ok,,true,566,9.435,322,5.368,5874,97.92,3664,61.08,0.3762,3935,65.6,0.9861,1,6,88,501,414,0.1737,414,6.9,signed payment,1624,60,
2026-10-09T21:55:00Z,locus,ok,,true,583,9.716,353,5.883,4941,82.34,3203,53.38,0.3518,3608,60.13,1,1,6,66,24,6,0.75,6,0.1,signed payment,1624,60,
2026-10-09T21:56:00Z,locus,ok,,true,613,10.217,358,5.967,5133,85.55,3246,54.1,0.3676,3554,59.23,0.9846,1,6,112,0,0,,0,0,signed payment,1624,60,
2026-10-09T21:57:00Z,locus,ok,,true,592,9.866,349,5.816,5158,85.96,3209,53.48,0.3779,3607,60.11,0.9997,1,6,81,0,0,,0,0,signed payment,1624,60,
2026-10-09T21:58:00Z,locus,ok,,true,578,9.635,338,5.634,5280,88.01,3196,53.27,0.3947,3534,58.91,1,1,6,83,0,0,,0,0,signed payment,1624,60,
2026-10-09T21:59:00Z,locus,ok,,true,561,9.348,324,5.399,4795,79.9,3249,54.14,0.3224,3571,59.51,0.9994,1,6,85,0,0,,0,0,signed payment,1624,60,
2026-10-09T22:00:00Z,locus,ok,,true,503,8.384,309,5.15,8548,142.47,5836,97.27,0.3173,6147,102.45,1,1,6,10,0,0,,0,0,signed payment,1624,60,
2026-10-09T22:01:00Z,locus,ok,,true,511,8.518,295,4.917,9656,160.95,5853,97.56,0.3938,6069,101.16,0.9865,1,6,0,0,0,,0,0,signed payment,1624,60,
2026-10-09T22:02:00Z,locus,ok,,true,546,9.099,307,5.116,8492,141.52,5824,97.06,0.3142,6210,103.49,1,1,6,0,0,0,,0,0,signed payment,1624,60,
2026-10-09T22:03:00Z,locus,ok,,true,547,9.117,323,5.384,8505,141.76,5973,99.56,0.2977,6246,104.11,0.9916,1,6,0,0,0,,0,0,signed payment,1624,60,
2026-10-09T22:04:00Z,locus,ok,,true,524,8.733,308,5.133,8321,138.68,6026,100.43,0.2758,6334,105.57,1,1,6,0,0,0,,0,0,signed payment,1624,60,
2026-10-09T22:05:00Z,locus,ok,,true,592,9.867,331,5.517,8879,147.99,5894,98.24,0.3362,6225,103.75,1,1,6,0,0,0,,0,0,signed payment,1624,60,
2026-10-09T22:06:00Z,locus,ok,,true,546,9.1,330,5.5,8825,147.08,6077,101.28,0.3114,6407,106.78,1,1,6,0,280,203,0.275,203,3.38,signed payment,1624,60,
2026-10-09T22:07:00Z,locus,ok,,true,598,9.967,348,5.8,9501,158.36,6300,105.01,0.3369,6648,110.81,1,1,6,0,545,420,0.2294,420,7,signed payment,1624,60,
2026-10-09T22:08:00Z,locus,ok,,true,533,8.882,284,4.733,10891,181.49,6260,104.32,0.4252,6544,109.05,1,1,6,0,643,413,0.3577,413,6.88,signed payment,1624,60,
2026-10-09T22:09:00Z,locus,ok,,true,555,9.25,321,5.35,9517,158.61,6325,105.41,0.3354,6596,109.93,0.9921,2,6,0,592,420,0.2905,420,7,signed payment,1624,60,
2026-10-09T22:10:00Z,locus,ok,,true,554,9.234,329,5.484,5576,92.94,3700,61.67,0.3364,4021,67.02,0.9843,1,6,0,534,413,0.2266,406,6.77,signed payment,1624,60,
2026-10-09T22:11:00Z,locus,ok,,true,544,9.067,321,5.35,5372,89.54,3680,61.34,0.315,3994,66.57,0.9959,1,6,0,555,420,0.2432,413,6.88,signed payment,1624,60,
2026-10-09T22:12:00Z,locus,ok,,true,542,9.032,303,5.049,5887,98.11,3671,61.18,0.3764,3932,65.53,0.9845,2,6,0,536,413,0.2295,407,6.78,signed payment,1624,60,
2026-10-09T22:13:00Z,locus,ok,,true,510,8.5,296,4.933,5766,96.1,3688,61.47,0.3604,3983,66.39,0.9978,1,6,0,549,413,0.2477,413,6.88,signed payment,1624,60,
2026-10-09T22:14:00Z,locus,ok,,true,530,8.835,320,5.334,4897,81.63,3622,60.37,0.2604,3993,66.56,1,0,6,0,559,418,0.2522,418,6.97,signed payment,1624,60,
2026-10-09T22:15:00Z,locus,ok,,true,520,8.666,310,5.166,6149,102.48,3816,63.6,0.3794,4126,68.76,1,1,6,0,519,415,0.2004,415,6.92,signed payment,1624,60,
2026-10-09T22:16:00Z,locus,ok,,true,558,9.298,306,5.099,5722,95.35,3681,61.34,0.3567,3982,66.35,0.9986,1,6,0,507,418,0.1755,413,6.88,signed payment,1624,60,
2026-10-09T22:17:00Z,locus,ok,,true,569,9.483,335,5.583,5401,90.02,3621,60.35,0.3296,3961,66.02,1,0,6,0,534,415,0.2228,415,6.92,signed payment,1624,60,
2026-10-09T22:18:00Z,locus,ok,,true,543,9.052,321,5.351,5697,94.97,3616,60.28,0.3653,3930,65.51,0.9981,1,5,0,561,418,0.2549,418,6.97,signed payment,1624,60,
2026-10-09T22:19:00Z,locus,ok,,true,580,9.667,344,5.734,5575,92.92,3654,60.9,0.3446,3955,65.92,0.9863,1,6,0,492,414,0.1585,414,6.9,signed payment,1624,60,
2026-10-09T22:20:00Z,locus,ok,,true,625,10.415,353,5.882,8675,144.56,5767,96.1,0.3352,6170,102.81,1,1,6,0,1,1,0,1,0.02,signed payment,1624,60,
2026-10-09T22:21:00Z,locus,ok,,true,631,10.518,351,5.85,9065,151.1,5883,98.06,0.351,6184,103.08,0.9915,2,6,0,0,0,,0,0,signed payment,1624,60,
2026-10-09T22:22:00Z,locus,ok,,true,599,9.983,344,5.733,9025,150.41,5847,97.45,0.3521,6191,103.18,1,1,6,0,0,0,,0,0,signed payment,1624,60,
2026-10-09T22:23:00Z,locus,ok,,true,614,10.234,352,5.867,5432,90.54,3293,54.89,0.3938,3645,60.75,1,1,6,0,0,0,,0,0,signed payment,1624,60,
2026-10-09T22:24:00Z,locus,ok,,true,605,10.084,331,5.517,5354,89.24,3247,54.12,0.3935,3578,59.64,1,1,6,0,0,0,,0,0,signed payment,1624,60,
2026-10-09T22:25:00Z,locus,ok,,true,605,10.083,345,5.75,5511,91.85,3222,53.7,0.4154,3540,59,0.9916,1,6,107,0,0,,0,0,signed payment,1624,60,
2026-10-09T22:26:00Z,locus,ok,,true,619,10.316,364,6.066,9177,152.94,5832,97.2,0.3645,6223,103.71,1,1,6,110,0,0,,0,0,signed payment,1624,60,
2026-10-09T22:27:00Z,locus,ok,,true,622,10.368,339,5.651,9310,155.18,6019,100.33,0.3535,6358,105.98,1,1,6,114,0,0,,0,0,signed payment,1624,60,
2026-10-09T22:28:00Z,locus,ok,,true,620,10.333,360,6,8800,146.66,5888,98.13,0.3309,6191,103.18,0.9903,1,6,116,0,0,,0,0,signed payment,1624,60,
2026-10-09T22:29:00Z,locus,ok,,true,670,11.166,384,6.4,5767,96.11,3337,55.61,0.4214,3771,62.85,0.9979,1,6,138,0,0,,0,0,signed payment,1624,60,
2026-10-09T22:30:00Z,locus,ok,,true,626,10.434,334,5.567,5412,90.2,3579,59.65,0.3387,3920,65.34,1,1,6,127,0,0,,0,0,signed payment,1624,60,
2026-10-09T22:31:00Z,locus,ok,,true,678,11.3,357,5.95,11410,190.16,7902,131.7,0.3074,8259,137.65,1,2,6,114,5855,4292,0.267,4292,71.53,signed payment,1624,60,
2026-10-09T22:32:00Z,locus,ok,,true,640,10.665,349,5.816,17760,295.96,12534,208.87,0.2943,12814,213.54,0.9945,2,6,125,11231,8880,0.2093,8861,147.66,signed payment,1624,60,
2026-10-09T22:33:00Z,locus,ok,,true,651,10.853,348,5.801,17028,283.87,12201,203.4,0.2835,12642,210.75,0.9953,1,6,158,11466,8584,0.2514,8584,143.1,signed payment,1624,60,
2026-10-09T22:34:00Z,locus,ok,,true,586,9.764,333,5.549,17115,285.18,12486,208.05,0.2705,12824,213.68,0.9998,1,6,109,11615,8880,0.2355,8880,147.97,signed payment,1624,60,
2026-10-09T22:35:00Z,locus,ok,,true,629,10.485,351,5.851,16042,267.41,12420,207.03,0.2258,12741,212.39,0.9974,2,6,119,10779,8764,0.1869,8732,145.56,signed payment,1624,60,
2026-10-09T22:36:00Z,locus,ok,,true,606,10.099,336,5.599,16070,267.81,12508,208.45,0.2217,12851,214.16,0.9994,1,6,116,11016,8880,0.1939,8880,147.99,signed payment,1624,60,
2026-10-09T22:37:00Z,locus,ok,,true,661,11.018,356,5.934,16112,268.57,12348,205.83,0.2336,12711,211.88,1,2,6,140,10951,8732,0.2026,8732,145.55,signed payment,1624,60,
2026-10-09T22:38:00Z,locus,ok,,true,637,10.615,369,6.149,16003,266.68,12485,208.06,0.2198,12833,213.85,0.9983,1,6,131,10572,8880,0.16,8860,147.65,signed payment,1624,60,
2026-10-09T22:39:00Z,locus,ok,,true,618,10.302,353,5.884,15385,256.46,12469,207.85,0.1895,12652,210.9,0.9848,1,6,117,10194,8709,0.1457,8584,143.09,signed payment,1624,60,
2026-10-09T22:40:00Z,locus,ok,,true,639,10.648,364,6.065,21388,356.38,15171,252.79,0.2907,15645,260.69,0.9984,1,6,107,11867,8867,0.2528,8850,147.47,signed payment,1624,60,
2026-10-09T22:41:00Z,locus,ok,,true,610,10.169,349,5.818,21031,350.59,14987,249.83,0.2874,15359,256.03,0.9999,1,6,123,11438,8768,0.2334,8768,146.16,signed payment,1624,60,
2026-10-09T22:42:00Z,locus,ok,,true,631,10.516,340,5.666,22134,368.87,15011,250.16,0.3218,15328,255.45,0.9984,1,6,126,11940,8732,0.2687,8732,145.52,signed payment,1624,60,
2026-10-09T22:43:00Z,locus,ok,,true,558,9.3,329,5.484,20488,341.48,15165,252.76,0.2598,15285,254.76,0.9846,1,6,112,10899,8879,0.1853,8721,145.35,signed payment,1624,60,
2026-10-09T22:44:00Z,locus,ok,,true,647,10.782,366,6.099,20927,348.75,15221,253.66,0.2727,15335,255.56,0.9714,1,6,116,11392,8865,0.2218,8586,143.09,signed payment,1624,60,
2026-10-09T22:45:00Z,locus,ok,,true,625,10.418,364,6.067,9164,152.75,6245,104.1,0.3185,6855,114.26,0.9998,1,6,140,5,5,0,5,0.08,signed payment,1624,60,
2026-10-09T22:46:00Z,locus,ok,,true,627,10.449,338,5.633,9224,153.72,6196,103.26,0.3283,6535,108.91,1,1,6,127,0,0,,0,0,signed payment,1624,60,
2026-10-09T22:47:00Z,locus,ok,,true,643,10.717,361,6.017,9275,154.59,6318,105.31,0.3188,6676,111.27,0.9995,1,6,141,0,0,,0,0,signed payment,1624,60,
2026-10-09T22:48:00Z,locus,ok,,true,685,11.415,381,6.349,9322,155.34,6271,104.5,0.3273,6626,110.42,0.9959,1,6,114,0,0,,0,0,signed payment,1624,60,
2026-10-09T22:49:00Z,locus,ok,,true,610,10.167,338,5.634,9595,159.92,6157,102.62,0.3583,6512,108.54,0.9989,1,6,121,0,0,,0,0,signed payment,1624,60,
2026-10-09T22:50:00Z,locus,ok,,true,669,11.151,397,6.617,5703,95.06,3741,62.36,0.344,4145,69.09,1,1,6,133,0,0,,0,0,signed payment,1624,60,
2026-10-09T22:51:00Z,locus,ok,,true,620,10.334,356,5.934,17839,297.33,14092,234.88,0.21,14448,240.81,1,1,6,136,12591,10527,0.1639,10527,175.46,signed payment,1624,60,
2026-10-09T22:52:00Z,locus,ok,,true,631,10.516,326,5.433,34659,577.63,25114,418.55,0.2754,25442,424.02,1,1,6,107,28831,21417,0.2572,21417,356.94,signed payment,1624,60,
2026-10-09T22:53:00Z,locus,ok,,true,572,9.533,321,5.35,33183,553.03,25330,422.15,0.2367,25434,423.89,0.9914,1,6,102,27654,21634,0.2177,21417,356.94,signed payment,1624,60,
2026-10-09T22:54:00Z,locus,ok,,true,628,10.467,336,5.6,33665,561.08,25151,419.18,0.2529,25704,428.4,1,1,6,122,27636,21563,0.2197,21563,359.38,signed payment,1624,60,
2026-10-09T22:55:00Z,locus,ok,,true,621,10.349,340,5.666,33738,562.24,25242,420.66,0.2518,25362,422.66,0.9913,2,6,119,28316,21637,0.2359,21417,356.91,signed payment,1624,60,
2026-10-09T22:56:00Z,locus,ok,,true,638,10.634,358,5.967,32434,540.62,25156,419.31,0.2244,25734,428.94,1,1,6,128,27047,21560,0.2029,21560,359.37,signed payment,1624,60,
2026-10-09T22:57:00Z,locus,ok,,true,608,10.134,333,5.55,32571,542.89,24856,414.29,0.2369,24981,416.38,0.9916,1,6,117,27363,21264,0.2229,21058,350.99,signed payment,1624,60,
2026-10-09T22:58:00Z,locus,ok,,true,596,9.933,326,5.433,33722,562.01,25519,425.3,0.2433,25805,430.06,0.9903,1,6,81,28306,21904,0.2262,21658,360.95,signed payment,1624,60,
2026-10-09T22:59:00Z,locus,ok,,true,628,10.466,347,5.783,33276,554.59,25044,417.39,0.2474,25639,427.31,1,1,6,114,27542,21446,0.2213,21446,357.43,signed payment,1624,60,
2026-10-09T23:00:00Z,locus,ok,,true,657,10.949,354,5.9,40110,668.46,27577,459.59,0.3125,27881,464.65,0.9982,1,6,133,30471,21417,0.2971,21417,356.93,signed payment,1624,60,
2026-10-09T23:01:00Z,locus,ok,,true,567,9.452,310,5.168,38294,638.36,27616,460.36,0.2788,27976,466.36,1,2,6,123,28508,21417,0.2487,21417,357.02,signed payment,1624,60,
2026-10-09T23:02:00Z,locus,ok,,true,572,9.533,332,5.533,36114,601.85,28102,468.33,0.2219,28247,470.74,0.9933,1,6,126,26417,21780,0.1755,21643,360.69,signed payment,1624,60,
2026-10-09T23:03:00Z,locus,ok,,true,560,9.334,308,5.134,39222,653.72,27613,460.23,0.296,28084,468.08,0.9991,1,6,111,28728,21418,0.2545,21418,356.98,signed payment,1624,60,
2026-10-09T23:04:00Z,locus,ok,,true,643,10.716,346,5.766,36100,601.63,27904,465.04,0.227,28030,467.14,0.9912,1,6,147,27028,21640,0.1993,21420,356.98,signed payment,1624,60,
2026-10-09T23:05:00Z,locus,ok,,true,654,10.899,371,6.183,10392,173.18,6535,108.91,0.3712,7151,119.17,1,1,6,157,278,139,0.5,139,2.32,signed payment,1624,60,
2026-10-09T23:06:00Z,locus,ok,,true,603,10.051,355,5.917,8961,149.37,6300,105.01,0.297,6630,110.51,0.9921,1,6,139,0,0,,0,0,signed payment,1624,60,
2026-10-09T23:07:00Z,locus,ok,,true,564,9.399,310,5.166,9858,164.28,6186,103.09,0.3725,6546,109.09,1,1,6,103,0,0,,0,0,signed payment,1624,60,
2026-10-09T23:08:00Z,locus,ok,,true,562,9.369,332,5.535,9373,156.25,6274,104.59,0.3306,6575,109.61,0.9951,1,6,100,0,0,,0,0,signed payment,1624,60,
2026-10-09T23:09:00Z,locus,ok,,true,570,9.498,335,5.582,9337,155.58,6258,104.28,0.3298,6624,110.37,1,1,6,138,0,0,,0,0,signed payment,1624,60,
2026-10-09T23:10:00Z,locus,ok,,true,574,9.567,326,5.434,8871,147.86,6255,104.26,0.2949,6557,109.29,0.9962,1,6,95,0,0,,0,0,signed payment,1624,60,
2026-10-09T23:11:00Z,locus,ok,,true,613,10.217,348,5.8,38826,647.14,29227,487.15,0.2472,29561,492.72,0.9987,1,6,102,29578,22997,0.2225,22959,382.68,signed payment,1624,60,
2026-10-09T23:12:00Z,locus,ok,,true,513,8.551,273,4.55,75016,1250.39,53332,888.96,0.2891,53248,887.56,0.9926,1,6,112,64897,47150,0.2735,46787,779.86,signed payment,1624,60,
2026-10-09T23:13:00Z,locus,ok,,true,578,9.633,294,4.9,72834,1213.84,52659,877.61,0.277,53331,888.81,0.9998,1,6,127,62637,46428,0.2588,46428,773.76,signed payment,1624,60,
2026-10-09T23:14:00Z,locus,ok,,true,528,8.799,279,4.65,76500,1274.89,53385,889.68,0.3022,53248,887.39,0.9916,1,6,116,66932,47142,0.2957,46783,779.65,signed payment,1624,60,
2026-10-09T23:15:00Z,locus,ok,,true,595,9.918,307,5.117,76452,1274.35,53799,896.75,0.2963,54234,904.01,0.994,1,6,122,66348,47520,0.2838,47221,787.11,signed payment,1624,60,
2026-10-09T23:16:00Z,locus,ok,,true,557,9.283,296,4.933,77800,1296.62,52799,879.95,0.3213,53235,887.22,0.9966,1,6,101,67575,46636,0.3099,46463,774.36,signed payment,1624,60,
2026-10-09T23:17:00Z,locus,ok,,true,532,8.866,282,4.7,76902,1281.59,53668,894.39,0.3021,54130,902.09,1,1,6,97,66124,47348,0.284,47348,789.07,signed payment,1624,60,
2026-10-09T23:18:00Z,locus,ok,,true,567,9.45,313,5.217,73878,1231.32,53440,890.68,0.2766,53890,898.18,0.9999,1,6,121,63761,47002,0.2628,47002,783.38,signed payment,1624,60,
2026-10-09T23:19:00Z,locus,ok,,true,574,9.568,295,4.917,75256,1254.43,53585,893.2,0.288,53723,895.5,0.9971,1,6,115,65900,47308,0.2821,47159,786.09,signed payment,1624,60,
2026-10-09T23:20:00Z,locus,ok,,true,568,9.466,307,5.116,73952,1232.49,53244,887.37,0.28,53578,892.94,0.9977,1,6,107,63895,47011,0.2642,46912,781.84,signed payment,1624,60,
2026-10-09T23:21:00Z,locus,ok,,true,538,8.965,293,4.882,79660,1327.4,53102,884.86,0.3334,53256,887.42,0.9969,1,6,89,69557,46911,0.3256,46749,778.99,signed payment,1624,60,
2026-10-09T23:22:00Z,locus,ok,,true,549,9.151,280,4.667,77347,1289.22,52922,882.11,0.3158,53051,884.26,0.9941,1,6,97,67541,46743,0.3079,46443,774.11,signed payment,1624,60,
2026-10-09T23:23:00Z,locus,ok,,true,514,8.567,276,4.6,76453,1274.28,53684,894.78,0.2978,53532,892.24,0.9866,1,6,79,65972,47323,0.2827,46726,778.81,signed payment,1624,60,
2026-10-09T23:24:00Z,locus,ok,,true,572,9.534,297,4.95,76680,1278.11,53597,893.36,0.301,53963,899.46,0.9943,1,6,133,66809,47399,0.2905,47093,784.95,signed payment,1624,60,
2026-10-09T23:25:00Z,locus,ok,,true,579,9.649,342,5.699,6258,104.29,4381,73.01,0.2999,4790,79.82,0.9984,1,6,141,980,709,0.2765,709,11.82,signed payment,1624,60,
2026-10-09T23:26:00Z,locus,ok,,true,625,10.417,365,6.084,5361,89.35,3615,60.25,0.3257,3987,66.45,1,1,6,143,0,0,,0,0,signed payment,1624,60,
2026-10-09T23:27:00Z,locus,ok,,true,614,10.233,357,5.95,5319,88.65,3602,60.03,0.3228,3959,65.98,1,1,6,131,0,0,,0,0,signed payment,1624,60,
2026-10-09T23:28:00Z,locus,ok,,true,590,9.833,354,5.9,5518,91.96,3651,60.85,0.3383,3943,65.71,0.983,1,6,122,0,0,,0,0,signed payment,1624,60,
2026-10-09T23:29:00Z,locus,ok,,true,566,9.433,321,5.35,5675,94.58,3604,60.06,0.3649,3884,64.73,0.9861,1,6,150,0,0,,0,0,signed payment,1624,60,
2026-10-09T23:30:00Z,locus,ok,,true,574,9.567,314,5.233,5500,91.67,3802,63.37,0.3087,4108,68.47,0.9979,1,6,140,0,0,,0,0,signed payment,1624,60,
2026-10-09T23:31:00Z,locus,ok,,true,599,9.984,328,5.467,44189,736.51,32108,535.15,0.2734,32363,539.4,0.9977,1,6,153,38620,28507,0.2619,28434,473.92,signed payment,1624,60,
2026-10-09T23:32:00Z,locus,ok,,true,493,8.218,246,4.101,88026,1467.37,61560,1026.19,0.3007,61880,1031.52,1,0,6,109,82852,57997,0.3,57997,966.79,signed payment,1624,60,
2026-10-09T23:33:00Z,locus,ok,,true,517,8.617,255,4.25,91634,1527.28,61947,1032.48,0.324,61846,1030.8,0.9943,1,6,105,86117,58303,0.323,57997,966.65,signed payment,1624,60,
2026-10-09T23:34:00Z,locus,ok,,true,543,9.049,257,4.283,88902,1481.55,61948,1032.36,0.3032,62143,1035.61,0.9941,1,6,107,83598,58459,0.3007,58091,968.09,signed payment,1624,60,
2026-10-09T23:35:00Z,locus,ok,,true,508,8.467,267,4.45,93535,1558.89,65148,1085.78,0.3035,65384,1089.72,0.9948,1,6,102,84324,58971,0.3007,58660,977.65,signed payment,1624,60,
2026-10-09T23:36:00Z,locus,ok,,true,503,8.384,262,4.367,94458,1574.35,63988,1066.5,0.3226,64062,1067.74,0.994,1,6,109,84423,57739,0.3161,57437,957.32,signed payment,1624,60,
2026-10-09T23:37:00Z,locus,ok,,true,532,8.865,262,4.366,96559,1609.02,64417,1073.42,0.3329,64236,1070.4,0.9883,1,6,130,86312,58155,0.3262,57503,958.21,signed payment,1624,60,
2026-10-09T23:38:00Z,locus,ok,,true,572,9.533,269,4.483,93528,1558.8,64262,1071.03,0.3129,64698,1078.3,0.9952,1,6,109,83589,58071,0.3053,57764,962.73,signed payment,1624,60,
2026-10-09T23:39:00Z,locus,ok,,true,544,9.069,263,4.384,97193,1620.29,64836,1080.87,0.3329,65264,1088.01,0.9978,2,6,118,86625,58576,0.3238,58446,974.34,signed payment,1624,60,
2026-10-09T23:40:00Z,locus,ok,,true,529,8.816,249,4.15,101359,1689.18,65019,1083.56,0.3585,64892,1081.44,0.9942,1,6,131,90959,58764,0.354,58445,974,signed payment,1624,60,
2026-10-09T23:41:00Z,locus,ok,,true,552,9.2,280,4.667,92424,1540.37,64975,1082.9,0.297,65003,1083.37,0.9952,1,6,136,82526,58728,0.2884,58430,973.82,signed payment,1624,60,
2026-10-09T23:42:00Z,locus,ok,,true,540,8.999,259,4.316,101168,1685.96,64376,1072.83,0.3637,64706,1078.33,0.9965,1,6,74,91169,58000,0.3638,57789,963.05,signed payment,1624,60,
2026-10-09T23:43:00Z,locus,ok,,true,573,9.551,276,4.601,99954,1666.15,64540,1075.83,0.3543,64735,1079.08,0.9952,1,6,135,90096,58331,0.3526,58024,967.21,signed payment,1624,60,
2026-10-09T23:44:00Z,locus,ok,,true,578,9.633,284,4.733,98704,1645.09,64910,1081.85,0.3424,65373,1089.57,0.998,1,6,106,88596,58673,0.3377,58545,975.77,signed payment,1624,60,
2026-10-09T23:45:00Z,locus,ok,,true,583,9.716,321,5.35,11420,190.33,6687,111.45,0.4144,7136,118.93,1,2,6,138,1228,489,0.6018,489,8.15,signed payment,1624,60,
2026-10-09T23:46:00Z,locus,ok,,true,604,10.065,346,5.766,9461,157.66,6229,103.8,0.3416,6475,107.9,0.9839,1,6,116,0,0,,0,0,signed payment,1624,60,
2026-10-09T23:47:00Z,locus,ok,,true,575,9.585,316,5.267,9170,152.86,6304,105.08,0.3125,6620,110.35,1,2,6,110,0,0,,0,0,signed payment,1624,60,
2026-10-09T23:48:00Z,locus,ok,,true,641,10.682,357,5.949,8675,144.57,6201,103.34,0.2852,6533,108.87,0.996,1,6,119,0,0,,0,0,signed payment,1624,60,
2026-10-09T23:49:00Z,locus,ok,,true,665,11.083,382,6.366,9022,150.36,6193,103.21,0.3136,6577,109.61,0.9963,1,6,132,0,0,,0,0,signed payment,1624,60,
2026-10-09T23:50:00Z,locus,ok,,true,681,11.349,400,6.666,5662,94.36,3720,62,0.343,4091,68.18,0.986,1,6,142,0,0,,0,0,signed payment,1624,60,
2026-10-09T23:51:00Z,locus,ok,,true,681,11.353,377,6.285,5595,93.27,3506,58.45,0.3734,3935,65.6,1,1,6,131,0,0,,0,0,signed payment,1624,60,
2026-10-09T23:52:00Z,locus,ok,,true,639,10.647,355,5.915,5330,88.81,3620,60.32,0.3208,3974,66.22,0.9997,0,6,130,0,0,,0,0,signed payment,1624,60,
2026-10-09T23:53:00Z,locus,ok,,true,718,11.969,396,6.601,5786,96.45,3758,62.64,0.3505,4152,69.21,0.9995,1,6,174,0,0,,0,0,signed payment,1624,60,
2026-10-09T23:54:00Z,locus,ok,,true,695,11.583,416,6.933,6021,100.35,3610,60.17,0.4004,4022,67.03,0.9989,1,6,122,0,0,,0,0,signed payment,1624,60,
2026-10-09T23:55:00Z,locus,ok,,true,670,11.168,380,6.334,5350,89.17,3615,60.26,0.3243,3943,65.72,0.9853,1,6,169,0,0,,0,0,signed payment,1624,60,
2026-10-09T23:56:00Z,locus,ok,,true,650,10.833,353,5.883,5432,90.53,3512,58.53,0.3535,3918,65.3,1,1,6,109,0,0,,0,0,signed payment,1624,60,
2026-10-09T23:57:00Z,locus,ok,,true,704,11.734,397,6.617,5185,86.42,3619,60.32,0.302,4009,66.82,0.9981,1,6,134,0,0,,0,0,signed payment,1624,60,
2026-10-09T23:58:00Z,locus,ok,,true,687,11.45,378,6.3,5207,86.78,3551,59.18,0.318,3936,65.6,1,1,6,150,0,0,,0,0,signed payment,1624,60,
2026-10-09T23:59:00Z,locus,ok,,true,628,10.466,359,5.983,5859,97.64,3620,60.33,0.3821,3921,65.34,0.984,1,6,118,0,0,,0,0,signed payment,1624,60,
2026-10-10T00:00:00Z,locus,ok,,true,609,10.151,352,5.867,9586,159.78,6043,100.72,0.3696,6453,107.56,1,1,6,133,0,0,,0,0,signed payment,1624,60,
2026-10-10T00:01:00Z,locus,ok,,true,650,10.833,378,6.3,9834,163.9,6270,104.5,0.3624,6648,110.8,1,1,6,121,0,0,,0,0,signed payment,1624,60,
2026-10-10T00:02:00Z,locus,ok,,true,622,10.365,361,6.016,9285,154.73,6266,104.42,0.3251,6551,109.17,0.9879,1,6,109,0,0,,0,0,signed payment,1624,60,
2026-10-10T00:03:00Z,locus,ok,,true,676,11.269,382,6.368,9414,156.93,6175,102.94,0.3441,6583,109.74,1,1,6,142,0,0,,0,0,signed payment,1624,60,
2026-10-10T00:04:00Z,locus,ok,,true,653,10.883,372,6.2,10137,168.94,6335,105.58,0.3751,6700,111.66,0.9989,1,6,116,0,0,,0,0,signed payment,1624,60,
2026-10-10T00:05:00Z,locus,ok,,true,628,10.465,365,6.083,9575,159.56,6339,105.64,0.338,6728,112.12,1,1,6,114,0,0,,0,0,signed payment,1624,60,
2026-10-10T00:06:00Z,locus,ok,,true,623,10.385,352,5.867,9286,154.79,6230,103.85,0.3291,6557,109.3,0.996,1,6,120,0,0,,0,0,signed payment,1624,60,
2026-10-10T00:07:00Z,locus,ok,,true,653,10.884,347,5.784,9829,163.82,6226,103.77,0.3666,6680,111.34,1,1,6,136,0,0,,0,0,signed payment,1624,60,
2026-10-10T00:08:00Z,locus,ok,,true,658,10.965,353,5.882,9884,164.71,6285,104.73,0.3641,6557,109.27,0.9871,1,6,161,0,0,,0,0,signed payment,1624,60,
2026-10-10T00:09:00Z,locus,ok,,true,629,10.484,356,5.934,8438,140.65,6256,104.28,0.2586,6612,110.21,1,1,6,131,0,0,,0,0,signed payment,1624,60,
2026-10-10T00:10:00Z,locus,ok,,true,625,10.415,355,5.916,9688,161.45,6230,103.82,0.3569,6578,109.62,0.9989,1,6,100,0,0,,0,0,signed payment,1624,60,
2026-10-10T00:11:00Z,locus,ok,,true,654,10.902,373,6.218,10050,167.54,6246,104.12,0.3785,6626,110.46,1,1,6,142,0,0,,0,0,signed payment,1624,60,
2026-10-10T00:12:00Z,locus,ok,,true,668,11.133,365,6.083,9688,161.46,6271,104.51,0.3527,6610,110.16,0.9959,1,6,135,0,0,,0,0,signed payment,1624,60,
2026-10-10T00:13:00Z,locus,ok,,true,636,10.601,360,6,9366,156.11,6229,103.82,0.3349,6608,110.14,0.9989,1,6,118,0,0,,0,0,signed payment,1624,60,
2026-10-10T00:14:00Z,locus,ok,,true,619,10.316,349,5.816,9997,166.61,6258,104.29,0.374,6562,109.36,0.9917,1,6,112,0,0,,0,0,signed payment,1624,60,
2026-10-10T00:15:00Z,locus,ok,,true,639,10.65,350,5.833,6188,103.13,3747,62.45,0.3945,4103,68.38,1,2,6,110,0,0,,0,0,signed payment,1624,60,
2026-10-10T00:16:00Z,locus,ok,,true,580,9.666,336,5.6,5814,96.89,3556,59.26,0.3884,3892,64.86,1,1,6,112,0,0,,0,0,signed payment,1624,60,
2026-10-10T00:17:00Z,locus,ok,,true,690,11.5,383,6.383,6078,101.3,3885,64.75,0.3608,4268,71.13,1,2,6,149,0,0,,0,0,signed payment,1624,60,
2026-10-10T00:18:00Z,locus,ok,,true,607,10.118,333,5.55,5738,95.64,3616,60.27,0.3698,3949,65.82,1,2,6,142,0,0,,0,0,signed payment,1624,60,
2026-10-10T00:19:00Z,locus,ok,,true,643,10.717,367,6.117,5554,92.57,3620,60.33,0.3482,3987,66.45,1,0,6,114,0,0,,0,0,signed payment,1624,60,
2026-10-10T00:20:00Z,locus,ok,,true,588,9.8,329,5.484,12441,207.36,8738,145.64,0.2976,9067,151.12,1,2,6,103,0,0,,0,0,signed payment,1624,60,
2026-10-10T00:21:00Z,locus,ok,,true,554,9.233,326,5.433,13011,216.85,8807,146.78,0.3231,9133,152.21,1,1,6,105,0,0,,0,0,signed payment,1624,60,
2026-10-10T00:22:00Z,locus,ok,,true,653,10.883,384,6.4,13457,224.28,8926,148.76,0.3367,9264,154.39,0.9948,1,6,132,0,0,,0,0,signed payment,1624,60,
2026-10-10T00:23:00Z,locus,ok,,true,621,10.348,351,5.849,13326,222.07,8876,147.91,0.3339,9273,154.53,1,1,6,108,0,0,,0,0,signed payment,1624,60,
2026-10-10T00:24:00Z,locus,ok,,true,621,10.352,366,6.101,13251,220.89,9035,150.61,0.3182,9303,155.08,0.9892,1,6,84,0,0,,0,0,signed payment,1624,60,
2026-10-10T00:25:00Z,locus,ok,,true,618,10.298,359,5.982,12999,216.61,8870,147.81,0.3176,9225,153.72,0.9941,1,6,119,0,0,,0,0,signed payment,1624,60,
2026-10-10T00:26:00Z,locus,ok,,true,573,9.551,312,5.2,51391,856.57,37305,621.79,0.2741,37356,622.64,0.993,1,6,123,38228,28507,0.2543,28246,470.8,signed payment,1624,60,
2026-10-10T00:27:00Z,locus,ok,,true,554,9.234,280,4.667,99425,1657.28,66925,1115.55,0.3269,67466,1124.56,1,2,6,103,84456,57997,0.3133,57997,966.73,signed payment,1624,60,
2026-10-10T00:28:00Z,locus,ok,,true,564,9.398,286,4.766,101886,1697.79,67416,1123.39,0.3383,67401,1123.14,0.9955,1,6,100,87817,58489,0.334,58249,970.64,signed payment,1624,60,
2026-10-10T00:29:00Z,locus,ok,,true,619,10.319,309,5.151,101264,1688.04,67559,1126.19,0.3328,67538,1125.84,0.9949,1,6,139,85680,58603,0.316,58304,971.91,signed payment,1624,60,
2026-10-10T00:30:00Z,locus,ok,,true,517,8.616,263,4.383,100131,1668.79,67146,1119.06,0.3294,67376,1122.9,0.9944,1,6,77,85795,58121,0.3226,57811,963.48,signed payment,1624,60,
2026-10-10T00:31:00Z,locus,ok,,true,542,9.033,283,4.717,97467,1624.42,67491,1124.83,0.3076,68917,1148.6,1,1,6,82,82761,58533,0.2927,58533,975.53,signed payment,1624,60,
2026-10-10T00:32:00Z,locus,ok,,true,552,9.2,269,4.483,102827,1713.81,66913,1115.24,0.3493,67464,1124.42,1,2,6,105,87739,58033,0.3386,58033,967.23,signed payment,1624,60,
2026-10-10T00:33:00Z,locus,ok,,true,550,9.165,287,4.783,97582,1626.15,67888,1131.32,0.3043,67889,1131.33,0.9958,1,6,114,83087,58980,0.2901,58749,979.02,signed payment,1624,60,
2026-10-10T00:34:00Z,locus,ok,,true,524,8.733,265,4.417,99883,1664.66,67662,1127.66,0.3226,67788,1129.76,0.9977,1,6,119,84781,58759,0.3069,58602,976.67,signed payment,1624,60,
2026-10-10T00:35:00Z,locus,ok,,true,554,9.235,286,4.767,87199,1453.56,61656,1027.77,0.2929,61670,1028,0.993,1,6,99,81548,57838,0.2907,57409,956.98,signed payment,1624,60,
2026-10-10T00:36:00Z,locus,ok,,true,563,9.383,303,5.05,85044,1417.33,62089,1034.76,0.2699,62309,1038.43,0.9942,1,6,118,79392,58436,0.264,58128,968.75,signed payment,1624,60,
2026-10-10T00:37:00Z,locus,ok,,true,578,9.633,288,4.8,89528,1492.13,62436,1040.6,0.3026,63008,1050.13,0.9988,1,6,107,84288,58870,0.3016,58792,979.87,signed payment,1624,60,
2026-10-10T00:38:00Z,locus,ok,,true,625,10.416,323,5.383,88193,1469.86,61792,1029.85,0.2994,62189,1036.47,0.9999,1,6,124,82677,58198,0.2961,58198,969.95,signed payment,1624,60,
2026-10-10T00:39:00Z,locus,ok,,true,615,10.25,320,5.333,88201,1469.97,61866,1031.07,0.2986,61879,1031.28,0.995,2,6,115,82389,58269,0.2928,57963,966.02,signed payment,1624,60,
2026-10-10T00:40:00Z,locus,ok,,true,527,8.783,270,4.5,108933,1815.55,72000,1200,0.339,71879,1197.98,0.9926,1,6,131,86206,58786,0.3181,58368,972.8,signed payment,1624,60,
2026-10-10T00:41:00Z,locus,ok,,true,640,10.668,318,5.301,108366,1806.28,73714,1228.69,0.3198,74003,1233.51,0.9957,1,6,128,84837,59273,0.3013,58987,983.21,signed payment,1624,60,
2026-10-10T00:42:00Z,locus,ok,,true,552,9.2,281,4.683,106591,1776.43,71562,1192.64,0.3286,72054,1200.84,1,1,6,100,84165,57508,0.3167,57508,958.42,signed payment,1624,60,
2026-10-10T00:43:00Z,locus,ok,,true,562,9.368,285,4.75,105726,1762.28,73211,1220.31,0.3075,73129,1218.94,0.995,1,6,126,81670,58760,0.2805,58486,974.86,signed payment,1624,60,
2026-10-10T00:44:00Z,locus,ok,,true,592,9.866,296,4.933,104656,1744.09,70479,1174.53,0.3266,70497,1174.83,0.9922,2,6,104,83593,58125,0.3047,57723,961.95,signed payment,1624,60,
2026-10-10T00:45:00Z,locus,ok,,true,583,9.717,299,4.983,112853,1880.95,72964,1216.11,0.3535,73367,1222.82,0.9945,1,6,96,88778,58669,0.3391,58361,972.72,signed payment,1624,60,
2026-10-10T00:46:00Z,locus,ok,,true,568,9.467,293,4.884,106295,1771.7,72319,1205.4,0.3196,72387,1206.53,0.9939,1,6,129,82841,58092,0.2988,57745,962.48,signed payment,1624,60,
2026-10-10T00:47:00Z,locus,ok,,true,545,9.082,281,4.683,110934,1848.65,73242,1220.54,0.3398,73857,1230.79,1,1,6,101,88010,59103,0.3285,59103,984.92,signed payment,1624,60,
2026-10-10T00:48:00Z,locus,ok,,true,580,9.668,307,5.117,102858,1714.5,71552,1192.67,0.3044,71541,1192.49,0.9956,1,6,95,79741,57903,0.2739,57602,960.15,signed payment,1624,60,
2026-10-10T00:49:00Z,locus,ok,,true,561,9.35,273,4.55,109138,1819.03,71815,1196.96,0.342,72294,1204.94,0.9957,1,6,127,85025,58484,0.3122,58189,969.85,signed payment,1624,60,
2026-10-10T00:50:00Z,locus,ok,,true,546,9.099,262,4.366,113010,1883.25,72890,1214.67,0.355,73117,1218.45,0.9953,1,6,138,89135,58597,0.3426,58314,971.77,signed payment,1624,60,
2026-10-10T00:51:00Z,locus,ok,,true,554,9.233,284,4.733,104330,1738.86,72872,1214.55,0.3015,72649,1210.84,0.9929,1,6,139,81540,58684,0.2803,58215,970.27,signed payment,1624,60,
2026-10-10T00:52:00Z,locus,ok,,true,595,9.917,290,4.834,95369,1589.59,66521,1108.76,0.3025,66927,1115.52,0.9966,1,6,124,83242,58818,0.2934,58652,977.6,signed payment,1624,60,
2026-10-10T00:53:00Z,locus,ok,,true,588,9.8,303,5.05,93472,1557.84,64182,1069.68,0.3134,64636,1077.25,0.9998,1,6,114,83578,58028,0.3057,58013,966.87,signed payment,1624,60,
2026-10-10T00:54:00Z,locus,ok,,true,589,9.816,286,4.766,86599,1443.24,61990,1033.12,0.2842,61951,1032.47,0.9945,1,6,135,80750,58193,0.2793,57860,964.29,signed payment,1624,60,
2026-10-10T00:55:00Z,locus,ok,,true,562,9.366,300,5,89214,1486.85,62491,1041.48,0.2995,62683,1044.68,0.9951,1,6,115,83649,59046,0.2941,58739,978.95,signed payment,1624,60,
2026-10-10T00:56:00Z,locus,ok,,true,602,10.034,316,5.267,85387,1423.14,62081,1034.7,0.2729,62700,1045.02,0.9999,1,6,132,79762,58501,0.2666,58497,974.97,signed payment,1624,60,
2026-10-10T00:57:00Z,locus,ok,,true,591,9.85,291,4.85,85740,1429,61324,1022.07,0.2848,61099,1018.32,0.9916,1,6,124,80783,58134,0.2804,57620,960.33,signed payment,1624,60,
2026-10-10T00:58:00Z,locus,ok,,true,565,9.416,305,5.083,88100,1468.21,61603,1026.63,0.3008,62238,1037.21,0.9992,1,6,103,82981,58352,0.2968,58352,972.45,signed payment,1624,60,
2026-10-10T00:59:00Z,locus,ok,,true,602,10.035,282,4.701,91315,1522.12,61365,1022.89,0.328,62712,1045.34,0.9996,1,6,114,86291,58190,0.3257,58164,969.53,signed payment,1624,60,
2026-10-10T01:00:00Z,locus,ok,,true,599,9.982,290,4.833,94950,1582.29,62268,1037.66,0.3442,62100,1034.86,0.9922,1,6,119,89409,58986,0.3403,58502,974.9,signed payment,1624,60,
2026-10-10T01:01:00Z,locus,ok,,true,599,9.985,299,4.984,95633,1594.23,61768,1029.69,0.3541,61902,1031.92,0.9945,1,6,118,90294,58527,0.3518,58188,970.01,signed payment,1624,60,
2026-10-10T01:02:00Z,locus,ok,,true,619,10.316,314,5.233,93049,1550.66,61416,1023.5,0.34,61579,1026.21,0.993,1,6,133,87954,58158,0.3388,57727,962.02,signed payment,1624,60,
2026-10-10T01:03:00Z,locus,ok,,true,593,9.883,286,4.766,95835,1597.14,61811,1030.11,0.355,61623,1026.98,0.991,1,6,94,90506,58625,0.3523,58070,967.77,signed payment,1624,60,
2026-10-10T01:04:00Z,locus,ok,,true,578,9.635,292,4.867,91976,1533.19,61906,1031.94,0.3269,62419,1040.49,0.9946,1,6,93,86550,58620,0.3227,58400,973.5,signed payment,1624,60,
2026-10-10T01:05:00Z,locus,ok,,true,576,9.6,307,5.117,91557,1525.92,62009,1033.47,0.3227,62388,1039.78,0.9975,1,6,138,86429,58741,0.3204,58589,976.47,signed payment,1624,60,
2026-10-10T01:06:00Z,locus,ok,,true,618,10.298,304,5.066,92907,1548.11,60898,1014.75,0.3445,61081,1017.8,0.998,1,6,111,87705,57690,0.3422,57566,959.23,signed payment,1624,60,
2026-10-10T01:07:00Z,locus,ok,,true,600,10.001,297,4.951,90096,1501.78,62426,1040.55,0.3071,62847,1047.57,1,2,6,133,85131,59053,0.3063,59053,984.33,signed payment,1624,60,
2026-10-10T01:08:00Z,locus,ok,,true,615,10.25,303,5.05,91955,1532.61,61516,1025.28,0.331,61637,1027.3,0.997,1,6,123,86699,58167,0.3291,58043,967.4,signed payment,1624,60,
2026-10-10T01:09:00Z,locus,ok,,true,584,9.733,287,4.783,88809,1480.1,61519,1025.28,0.3073,61848,1030.77,0.9977,1,6,118,83652,58322,0.3028,58189,969.78,signed payment,1624,60,
2026-10-10T01:10:00Z,locus,ok,,true,619,10.318,312,5.201,88996,1483.49,61805,1030.24,0.3055,62154,1036.06,0.9983,1,6,135,83774,58548,0.3011,58445,974.23,signed payment,1624,60,
2026-10-10T01:11:00Z,locus,ok,,true,613,10.214,322,5.366,88178,1469.31,61423,1023.49,0.3034,61541,1025.46,0.995,1,6,115,83296,58216,0.3011,57909,964.94,signed payment,1624,60,
2026-10-10T01:12:00Z,locus,ok,,true,600,10.001,296,4.934,88720,1478.84,61110,1018.62,0.3112,61656,1027.72,0.9991,1,6,98,84162,57918,0.3118,57864,964.51,signed payment,1624,60,
2026-10-10T01:13:00Z,locus,ok,,true,603,10.05,297,4.95,94399,1573.37,61748,1029.17,0.3459,62102,1035.07,1,1,6,99,89126,58505,0.3436,58505,975.12,signed payment,1624,60,
2026-10-10T01:14:00Z,locus,ok,,true,586,9.767,297,4.95,90793,1513.24,61821,1030.37,0.3191,61713,1028.57,0.9934,1,6,129,85492,58582,0.3148,58178,969.65,signed payment,1624,60,
2026-10-10T01:15:00Z,locus,ok,,true,580,9.666,308,5.133,90137,1502.23,62332,1038.83,0.3085,62485,1041.38,0.9951,1,6,126,85132,59133,0.3054,58826,980.4,signed payment,1624,60,
2026-10-10T01:16:00Z,locus,ok,,true,617,10.282,310,5.166,91792,1529.69,61285,1021.3,0.3323,61902,1031.58,1,1,6,119,86657,58028,0.3304,58028,967.02,signed payment,1624,60,
2026-10-10T01:17:00Z,locus,ok,,true,594,9.9,316,5.267,81518,1358.63,62172,1036.2,0.2373,62367,1039.45,0.9981,2,6,129,76895,58980,0.233,58859,980.98,signed payment,1624,60,
2026-10-10T01:18:00Z,locus,ok,,true,617,10.284,323,5.384,82159,1369.41,61389,1023.22,0.2528,61613,1026.95,0.9964,1,6,132,77410,58199,0.2482,57979,966.38,signed payment,1624,60,
2026-10-10T01:19:00Z,locus,ok,,true,592,9.868,289,4.817,85493,1425.1,61572,1026.35,0.2798,61686,1028.25,0.9936,1,6,125,80380,58178,0.2762,57783,963.19,signed payment,1624,60,
2026-10-10T01:20:00Z,locus,ok,,true,620,10.332,320,5.333,87176,1452.79,61526,1025.33,0.2942,62233,1037.11,0.9991,2,6,115,82394,58229,0.2933,58229,970.39,signed payment,1624,60,
2026-10-10T01:21:00Z,locus,ok,,true,606,10.099,318,5.3,86350,1439.05,60835,1013.83,0.2955,60982,1016.28,0.9963,1,6,124,81452,57648,0.2922,57477,957.87,signed payment,1624,60,
2026-10-10T01:22:00Z,locus,ok,,true,602,10.034,292,4.867,96136,1602.29,63038,1050.65,0.3443,63251,1054.2,0.9951,1,6,128,90523,59812,0.3393,59505,991.77,signed payment,1624,60,
2026-10-10T01:23:00Z,locus,ok,,true,567,9.451,294,4.901,84961,1416.21,60936,1015.74,0.2828,61775,1029.72,0.9992,1,6,108,80225,57712,0.2806,57712,961.99,signed payment,1624,60,
2026-10-10T01:24:00Z,locus,ok,,true,599,9.981,301,5.016,88247,1470.46,62224,1036.84,0.2949,62217,1036.73,0.9951,1,6,111,82689,58922,0.2874,58614,976.69,signed payment,1624,60,
2026-10-10T01:25:00Z,locus,ok,,true,566,9.434,296,4.933,86714,1445.28,61667,1027.82,0.2888,61696,1028.3,0.9939,1,6,107,81617,58459,0.2837,58097,968.32,signed payment,1624,60,
2026-10-10T01:26:00Z,locus,ok,,true,627,10.452,310,5.167,87512,1458.75,61106,1018.59,0.3017,61755,1029.4,1,1,6,125,82390,57851,0.2978,57851,964.33,signed payment,1624,60,
2026-10-10T01:27:00Z,locus,ok,,true,640,10.667,313,5.217,89520,1492.1,62197,1036.69,0.3052,62516,1042,0.9964,1,6,131,84197,58979,0.2995,58756,979.33,signed payment,1624,60,
2026-10-10T01:28:00Z,locus,not measured,locus down,false,284,4.733,,,42688,711.45,28592,476.53,0.3302,,,,0,6,45,40173,26989,0.3282,,,signed payment,1624,60,
2026-10-10T01:29:00Z,locus,not measured,locus down; no block-added events,false,0,0,,,0,0,0,0,,,,,0,6,0,0,0,,,,signed payment,1624,60,
2026-10-10T01:30:00Z,locus,not measured,locus down; no block-added events,false,0,0,,,0,0,0,0,,,,,0,6,0,0,0,,,,signed payment,1624,60,
2026-10-10T01:31:00Z,locus,not measured,locus down; no block-added events,false,0,0,,,0,0,0,0,,,,,0,6,0,0,0,,,,signed payment,1624,60,
2026-10-10T01:32:00Z,locus,not measured,locus down; no block-added events,false,0,0,,,0,0,0,0,,,,,0,6,0,0,0,,,,signed payment,1624,60,
2026-10-10T01:33:00Z,locus,not measured,locus down; no block-added events,false,0,0,,,0,0,0,0,,,,,0,6,0,0,0,,,,signed payment,1624,60,
2026-10-10T01:34:00Z,locus,not measured,locus down; no block-added events,false,0,0,,,0,0,0,0,,,,,0,6,0,0,0,,,,signed payment,1624,60,
2026-10-10T01:35:00Z,locus,not measured,locus down; no block-added events,false,0,0,,,0,0,0,0,,,,,0,6,0,0,0,,,,signed payment,1624,60,
2026-10-10T01:36:00Z,locus,not measured,locus down; no block-added events,false,0,0,,,0,0,0,0,,,,,0,6,0,0,0,,,,signed payment,1624,60,
2026-10-10T01:37:00Z,locus,not measured,locus down; no block-added events,false,0,0,,,0,0,0,0,,,,,0,6,0,0,0,,,,signed payment,1624,60,
2026-10-10T01:38:00Z,locus,not measured,locus down; no block-added events,false,0,0,,,0,0,0,0,,,,,0,6,0,0,0,,,,signed payment,1624,60,
2026-10-10T01:39:00Z,locus,not measured,locus down; no block-added events,false,0,0,,,0,0,0,0,,,,,0,6,0,0,0,,,,signed payment,1624,60,
2026-10-10T01:40:00Z,locus,not measured,locus down; no block-added events,false,0,0,,,0,0,0,0,,,,,0,6,0,0,0,,,,signed payment,1624,60,
2026-10-10T01:41:00Z,locus,not measured,locus down; no block-added events,false,0,0,,,0,0,0,0,,,,,0,6,0,0,0,,,,signed payment,1624,60,
2026-10-10T01:42:00Z,locus,not measured,locus down; no block-added events,false,0,0,,,0,0,0,0,,,,,0,6,0,0,0,,,,signed payment,1624,60,
2026-10-10T01:43:00Z,locus,not measured,locus down; no block-added events,false,0,0,,,0,0,0,0,,,,,0,6,0,0,0,,,,signed payment,1624,60,
2026-10-10T01:44:00Z,locus,not measured,locus down; no block-added events,false,0,0,,,0,0,0,0,,,,,0,6,0,0,0,,,,signed payment,1624,60,
2026-10-10T01:45:00Z,locus,not measured,locus down; no block-added events,false,0,0,,,0,0,0,0,,,,,0,6,0,0,0,,,,signed payment,1624,60,
2026-10-10T01:46:00Z,locus,not measured,locus down; no block-added events,false,0,0,,,0,0,0,0,,,,,0,6,0,0,0,,,,signed payment,1624,60,
2026-10-10T01:47:00Z,locus,not measured,locus down; no block-added events,false,0,0,,,0,0,0,0,,,,,0,6,0,0,0,,,,signed payment,1624,60,
2026-10-10T01:48:00Z,locus,not measured,locus down; no block-added events,false,0,0,,,0,0,0,0,,,,,0,6,0,0,0,,,,signed payment,1624,60,
2026-10-10T01:49:00Z,locus,not measured,locus down; no block-added events,false,0,0,,,0,0,0,0,,,,,0,6,0,0,0,,,,signed payment,1624,60,
2026-10-10T01:50:00Z,locus,not measured,locus down; no block-added events,false,0,0,,,0,0,0,0,,,,,0,6,0,0,0,,,,signed payment,1624,60,
2026-10-10T01:51:00Z,locus,not measured,locus down; no block-added events,false,0,0,,,0,0,0,0,,,,,0,6,0,0,0,,,,signed payment,1624,60,
2026-10-10T01:52:00Z,locus,not measured,locus down; no block-added events,false,0,0,,,0,0,0,0,,,,,0,6,0,0,0,,,,signed payment,1624,60,
2026-10-10T01:53:00Z,locus,not measured,locus down; no block-added events,false,0,0,,,0,0,0,0,,,,,0,6,0,0,0,,,,signed payment,1624,60,
2026-10-10T01:54:00Z,locus,not measured,locus down; no block-added events,false,0,0,,,0,0,0,0,,,,,0,6,0,0,0,,,,signed payment,1624,60,
2026-10-10T01:55:00Z,locus,not measured,locus down; no block-added events,false,0,0,,,0,0,0,0,,,,,0,6,0,0,0,,,,signed payment,1624,60,
2026-10-10T01:56:00Z,locus,not measured,locus down; no block-added events,false,0,0,,,0,0,0,0,,,,,0,6,0,0,0,,,,signed payment,1624,60,
2026-10-10T01:57:00Z,locus,not measured,locus down; no block-added events,false,0,0,,,0,0,0,0,,,,,0,6,0,0,0,,,,signed payment,1624,60,
2026-10-10T01:58:00Z,locus,not measured,locus down; no block-added events,false,0,0,,,0,0,0,0,,,,,0,6,0,0,0,,,,signed payment,1624,60,
2026-10-10T01:59:00Z,locus,not measured,locus down; no block-added events,false,0,0,,,0,0,0,0,,,,,0,6,0,0,0,,,,signed payment,1624,60,
2026-10-10T02:00:00Z,locus,not measured,locus down; no block-added events,false,0,0,,,0,0,0,0,,,,,0,6,0,0,0,,,,signed payment,1624,60,
2026-10-10T02:01:00Z,locus,not measured,locus down; no block-added events,false,0,0,,,0,0,0,0,,,,,0,6,0,0,0,,,,signed payment,1624,60,
2026-10-10T02:02:00Z,locus,not measured,locus down; no block-added events,false,0,0,,,0,0,0,0,,,,,0,6,0,0,0,,,,signed payment,1624,60,
2026-10-10T02:03:00Z,locus,not measured,locus down; no block-added events,false,0,0,,,0,0,0,0,,,,,0,6,0,0,0,,,,signed payment,1624,60,
2026-10-10T02:04:00Z,locus,not measured,locus down; no block-added events,false,0,0,,,0,0,0,0,,,,,0,6,0,0,0,,,,signed payment,1624,60,
2026-10-10T02:05:00Z,locus,not measured,locus down; no block-added events,false,0,0,,,0,0,0,0,,,,,0,6,0,0,0,,,,signed payment,1624,60,
2026-10-10T02:06:00Z,locus,not measured,locus down; no block-added events,false,0,0,,,0,0,0,0,,,,,0,6,0,0,0,,,,signed payment,1624,60,
2026-10-10T02:07:00Z,locus,not measured,locus down; no block-added events,false,0,0,,,0,0,0,0,,,,,0,6,0,0,0,,,,signed payment,1624,60,
2026-10-10T02:08:00Z,locus,not measured,locus down; no block-added events,false,0,0,,,0,0,0,0,,,,,0,6,0,0,0,,,,signed payment,1624,60,
2026-10-10T02:09:00Z,locus,not measured,locus down; no block-added events,false,0,0,,,0,0,0,0,,,,,0,6,0,0,0,,,,signed payment,1624,60,
2026-10-10T02:10:00Z,locus,not measured,locus down; no block-added events,false,0,0,,,0,0,0,0,,,,,0,6,0,0,0,,,,signed payment,1624,60,
2026-10-10T02:11:00Z,locus,not measured,locus down; no block-added events,false,0,0,,,0,0,0,0,,,,,0,6,0,0,0,,,,signed payment,1624,60,
2026-10-10T02:12:00Z,locus,not measured,locus down; no block-added events,false,0,0,,,0,0,0,0,,,,,0,6,0,0,0,,,,signed payment,1624,60,
2026-10-10T02:13:00Z,locus,not measured,locus down; no block-added events,false,0,0,,,0,0,0,0,,,,,0,6,0,0,0,,,,signed payment,1624,60,
2026-10-10T02:14:00Z,locus,not measured,locus down; no block-added events,false,0,0,,,0,0,0,0,,,,,0,5,0,0,0,,,,signed payment,1624,60,
2026-10-10T02:15:00Z,locus,not measured,locus down; no block-added events,false,0,0,,,0,0,0,0,,,,,0,6,0,0,0,,,,signed payment,1624,60,
2026-10-10T02:16:00Z,locus,not measured,locus down; no block-added events,false,0,0,,,0,0,0,0,,,,,0,6,0,0,0,,,,signed payment,1624,60,
2026-10-10T02:17:00Z,locus,not measured,locus down; no block-added events,false,0,0,,,0,0,0,0,,,,,0,6,0,0,0,,,,signed payment,1624,60,
2026-10-10T02:18:00Z,locus,not measured,locus down; no block-added events,false,0,0,,,0,0,0,0,,,,,0,6,0,0,0,,,,signed payment,1624,60,
2026-10-10T02:19:00Z,locus,not measured,locus down; no block-added events,false,0,0,,,0,0,0,0,,,,,0,6,0,0,0,,,,signed payment,1624,60,
2026-10-10T02:20:00Z,locus,not measured,locus down; no block-added events,false,0,0,,,0,0,0,0,,,,,0,6,0,0,0,,,,signed payment,1624,60,
2026-10-10T02:21:00Z,locus,not measured,locus down; no block-added events,false,0,0,,,0,0,0,0,,,,,0,6,0,0,0,,,,signed payment,1624,60,
2026-10-10T02:22:00Z,locus,not measured,locus down; no block-added events,false,0,0,,,0,0,0,0,,,,,0,6,0,0,0,,,,signed payment,1624,60,
2026-10-10T02:23:00Z,locus,not measured,locus down; no block-added events,false,0,0,,,0,0,0,0,,,,,0,6,0,0,0,,,,signed payment,1624,60,
2026-10-10T02:24:00Z,locus,not measured,locus down; no block-added events,false,0,0,,,0,0,0,0,,,,,0,6,0,0,0,,,,signed payment,1624,60,
2026-10-10T02:25:00Z,locus,not measured,locus down; no block-added events,false,0,0,,,0,0,0,0,,,,,0,6,0,0,0,,,,signed payment,1624,60,
2026-10-10T02:26:00Z,locus,not measured,locus down; no block-added events,false,0,0,,,0,0,0,0,,,,,0,6,0,0,0,,,,signed payment,1624,60,
2026-10-10T02:27:00Z,locus,not measured,locus down; no block-added events,false,0,0,,,0,0,0,0,,,,,0,6,0,0,0,,,,signed payment,1624,60,
2026-10-10T02:28:00Z,locus,not measured,locus down; no block-added events,false,0,0,,,0,0,0,0,,,,,0,6,0,0,0,,,,signed payment,1624,60,
2026-10-10T02:29:00Z,locus,not measured,locus down; no block-added events,false,0,0,,,0,0,0,0,,,,,0,6,0,0,0,,,,signed payment,1624,60,
2026-10-10T02:30:00Z,locus,not measured,locus down; no block-added events,false,0,0,,,0,0,0,0,,,,,0,6,0,0,0,,,,signed payment,1624,60,
2026-10-10T02:31:00Z,locus,not measured,locus down; no block-added events,false,0,0,,,0,0,0,0,,,,,0,6,0,0,0,,,,signed payment,1624,60,
2026-10-10T02:32:00Z,locus,not measured,locus down; no block-added events,false,0,0,,,0,0,0,0,,,,,0,6,0,0,0,,,,signed payment,1624,60,
2026-10-10T02:33:00Z,locus,not measured,locus down; no block-added events,false,0,0,,,0,0,0,0,,,,,0,6,0,0,0,,,,signed payment,1624,60,
2026-10-10T02:34:00Z,locus,not measured,locus down; no block-added events,false,0,0,,,0,0,0,0,,,,,0,6,0,0,0,,,,signed payment,1624,60,
2026-10-10T02:35:00Z,locus,not measured,locus down; no block-added events,false,0,0,,,0,0,0,0,,,,,0,6,0,0,0,,,,signed payment,1624,60,
2026-10-10T02:36:00Z,locus,not measured,locus down; no block-added events,false,0,0,,,0,0,0,0,,,,,0,6,0,0,0,,,,signed payment,1624,60,
2026-10-10T02:37:00Z,locus,not measured,locus down; no block-added events,false,0,0,,,0,0,0,0,,,,,0,6,0,0,0,,,,signed payment,1624,60,
2026-10-10T02:38:00Z,locus,not measured,locus down; no block-added events,false,0,0,,,0,0,0,0,,,,,0,6,0,0,0,,,,signed payment,1624,60,
2026-10-10T02:39:00Z,locus,not measured,locus down; no block-added events,false,0,0,,,0,0,0,0,,,,,0,6,0,0,0,,,,signed payment,1624,60,
2026-10-10T02:40:00Z,locus,not measured,locus down; no block-added events,false,0,0,,,0,0,0,0,,,,,0,6,0,0,0,,,,signed payment,1624,60,
2026-10-10T02:41:00Z,locus,not measured,locus down; no block-added events,false,0,0,,,0,0,0,0,,,,,0,6,0,0,0,,,,signed payment,1624,60,
2026-10-10T02:42:00Z,locus,not measured,locus down; no block-added events,false,0,0,,,0,0,0,0,,,,,0,6,0,0,0,,,,signed payment,1624,60,
2026-10-10T02:43:00Z,locus,not measured,locus down; no block-added events,false,0,0,,,0,0,0,0,,,,,0,6,0,0,0,,,,signed payment,1624,60,
2026-10-10T02:44:00Z,locus,not measured,locus down; no block-added events,false,0,0,,,0,0,0,0,,,,,0,6,0,0,0,,,,signed payment,1624,60,
2026-10-10T02:45:00Z,locus,not measured,locus down; no block-added events,false,0,0,,,0,0,0,0,,,,,0,6,0,0,0,,,,signed payment,1624,60,
2026-10-10T02:46:00Z,locus,not measured,locus down; no block-added events,false,0,0,,,0,0,0,0,,,,,0,6,0,0,0,,,,signed payment,1624,60,
2026-10-10T02:47:00Z,locus,not measured,locus down; no block-added events,false,0,0,,,0,0,0,0,,,,,0,6,0,0,0,,,,signed payment,1624,60,
2026-10-10T02:48:00Z,locus,not measured,locus down; no block-added events,false,0,0,,,0,0,0,0,,,,,0,6,0,0,0,,,,signed payment,1624,60,
2026-10-10T02:49:00Z,locus,not measured,locus down; no block-added events,false,0,0,,,0,0,0,0,,,,,0,6,0,0,0,,,,signed payment,1624,60,
2026-10-10T02:50:00Z,locus,not measured,locus down; no block-added events,false,0,0,,,0,0,0,0,,,,,0,6,0,0,0,,,,signed payment,1624,60,
2026-10-10T02:51:00Z,locus,not measured,locus down; no block-added events,false,0,0,,,0,0,0,0,,,,,0,6,0,0,0,,,,signed payment,1624,60,
2026-10-10T02:52:00Z,locus,not measured,locus down; no block-added events,false,0,0,,,0,0,0,0,,,,,0,6,0,0,0,,,,signed payment,1624,60,
2026-10-10T02:53:00Z,locus,not measured,locus down; no block-added events,false,0,0,,,0,0,0,0,,,,,0,6,0,0,0,,,,signed payment,1624,60,
2026-10-10T02:54:00Z,locus,not measured,locus down; no block-added events,false,0,0,,,0,0,0,0,,,,,0,6,0,0,0,,,,signed payment,1624,60,
2026-10-10T02:55:00Z,locus,not measured,locus down; no block-added events,false,0,0,,,0,0,0,0,,,,,0,6,0,0,0,,,,signed payment,1624,60,
2026-10-10T02:56:00Z,locus,not measured,locus down; no block-added events,false,0,0,,,0,0,0,0,,,,,0,6,0,0,0,,,,signed payment,1624,60,
2026-10-10T02:57:00Z,locus,not measured,locus down; no block-added events,false,0,0,,,0,0,0,0,,,,,0,6,0,0,0,,,,signed payment,1624,60,
2026-10-10T02:58:00Z,locus,not measured,locus down; no block-added events,false,0,0,,,0,0,0,0,,,,,0,6,0,0,0,,,,signed payment,1624,60,
2026-10-10T02:59:00Z,locus,not measured,locus down; no block-added events,false,0,0,,,0,0,0,0,,,,,0,6,0,0,0,,,,signed payment,1624,60,
2026-10-10T03:00:00Z,locus,not measured,locus down; no block-added events,false,0,0,,,0,0,0,0,,,,,0,6,0,0,0,,,,signed payment,1624,60,
2026-10-10T03:01:00Z,locus,not measured,locus down; no block-added events,false,0,0,,,0,0,0,0,,,,,0,6,0,0,0,,,,signed payment,1624,60,
2026-10-10T03:02:00Z,locus,not measured,locus down; no block-added events,false,0,0,,,0,0,0,0,,,,,0,6,0,0,0,,,,signed payment,1624,60,
2026-10-10T03:03:00Z,locus,not measured,locus down; no block-added events,false,0,0,,,0,0,0,0,,,,,0,6,0,0,0,,,,signed payment,1624,60,
2026-10-10T03:04:00Z,locus,not measured,locus down; no block-added events,false,0,0,,,0,0,0,0,,,,,0,6,0,0,0,,,,signed payment,1624,60,
2026-10-10T03:05:00Z,locus,not measured,locus down; no block-added events,false,0,0,,,0,0,0,0,,,,,0,6,0,0,0,,,,signed payment,1624,60,
2026-10-10T03:06:00Z,locus,not measured,locus down; no block-added events,false,0,0,,,0,0,0,0,,,,,0,6,0,0,0,,,,signed payment,1624,60,
2026-10-10T03:07:00Z,locus,not measured,locus down; no block-added events,false,0,0,,,0,0,0,0,,,,,0,6,0,0,0,,,,signed payment,1624,60,
2026-10-10T03:08:00Z,locus,not measured,locus down; no block-added events,false,0,0,,,0,0,0,0,,,,,0,6,0,0,0,,,,signed payment,1624,60,
2026-10-10T03:09:00Z,locus,not measured,locus down; no block-added events,false,0,0,,,0,0,0,0,,,,,0,6,0,0,0,,,,signed payment,1624,60,
2026-10-10T03:10:00Z,locus,not measured,locus down; no block-added events,false,0,0,,,0,0,0,0,,,,,0,6,0,0,0,,,,signed payment,1624,60,
2026-10-10T03:11:00Z,locus,not measured,locus down; no block-added events,false,0,0,,,0,0,0,0,,,,,0,6,0,0,0,,,,signed payment,1624,60,
2026-10-10T03:12:00Z,locus,not measured,locus down; no block-added events,false,0,0,,,0,0,0,0,,,,,0,6,0,0,0,,,,signed payment,1624,60,
2026-10-10T03:13:00Z,locus,not measured,locus down; no block-added events,false,0,0,,,0,0,0,0,,,,,0,6,0,0,0,,,,signed payment,1624,60,
2026-10-10T03:14:00Z,locus,not measured,locus down; no block-added events,false,0,0,,,0,0,0,0,,,,,0,6,0,0,0,,,,signed payment,1624,60,
2026-10-10T03:15:00Z,locus,not measured,locus down; no block-added events,false,0,0,,,0,0,0,0,,,,,0,6,0,0,0,,,,signed payment,1624,60,
2026-10-10T03:16:00Z,locus,not measured,locus down; no block-added events,false,0,0,,,0,0,0,0,,,,,0,6,0,0,0,,,,signed payment,1624,60,
2026-10-10T03:17:00Z,locus,not measured,locus down; no block-added events,false,0,0,,,0,0,0,0,,,,,0,6,0,0,0,,,,signed payment,1624,60,
2026-10-10T03:18:00Z,locus,not measured,locus down; no block-added events,false,0,0,,,0,0,0,0,,,,,0,6,0,0,0,,,,signed payment,1624,60,
2026-10-10T03:19:00Z,locus,not measured,locus down; no block-added events,false,0,0,,,0,0,0,0,,,,,0,6,0,0,0,,,,signed payment,1624,60,
2026-10-10T03:20:00Z,locus,not measured,locus down; no block-added events,false,0,0,,,0,0,0,0,,,,,0,6,0,0,0,,,,signed payment,1624,60,
2026-10-10T03:21:00Z,locus,not measured,locus down; no block-added events,false,0,0,,,0,0,0,0,,,,,0,6,0,0,0,,,,signed payment,1624,60,
2026-10-10T03:22:00Z,locus,not measured,locus down; no block-added events,false,0,0,,,0,0,0,0,,,,,0,6,0,0,0,,,,signed payment,1624,60,
2026-10-10T03:23:00Z,locus,not measured,locus down; no block-added events,false,0,0,,,0,0,0,0,,,,,0,6,0,0,0,,,,signed payment,1624,60,
2026-10-10T03:24:00Z,locus,not measured,locus down; no block-added events,false,0,0,,,0,0,0,0,,,,,0,6,0,0,0,,,,signed payment,1624,60,
2026-10-10T03:25:00Z,locus,not measured,locus down; no block-added events,false,0,0,,,0,0,0,0,,,,,0,6,0,0,0,,,,signed payment,1624,60,
2026-10-10T03:26:00Z,locus,not measured,locus down; no block-added events,false,0,0,,,0,0,0,0,,,,,0,6,0,0,0,,,,signed payment,1624,60,
2026-10-10T03:27:00Z,locus,not measured,locus down; no block-added events,false,0,0,,,0,0,0,0,,,,,0,6,0,0,0,,,,signed payment,1624,60,
2026-10-10T03:28:00Z,locus,not measured,locus down; no block-added events,false,0,0,,,0,0,0,0,,,,,0,6,0,0,0,,,,signed payment,1624,60,
2026-10-10T03:29:00Z,locus,not measured,locus down; no block-added events,false,0,0,,,0,0,0,0,,,,,0,6,0,0,0,,,,signed payment,1624,60,
2026-10-10T03:30:00Z,locus,not measured,locus down; no block-added events,false,0,0,,,0,0,0,0,,,,,0,6,0,0,0,,,,signed payment,1624,60,
2026-10-10T03:31:00Z,locus,not measured,locus down; no block-added events,false,0,0,,,0,0,0,0,,,,,0,6,0,0,0,,,,signed payment,1624,60,
2026-10-10T03:32:00Z,locus,not measured,locus down; no block-added events,false,0,0,,,0,0,0,0,,,,,0,6,0,0,0,,,,signed payment,1624,60,
2026-10-10T03:33:00Z,locus,not measured,locus down; no block-added events,false,0,0,,,0,0,0,0,,,,,0,6,0,0,0,,,,signed payment,1624,60,
2026-10-10T03:34:00Z,locus,not measured,locus down; no block-added events,false,0,0,,,0,0,0,0,,,,,0,6,0,0,0,,,,signed payment,1624,60,
2026-10-10T03:35:00Z,locus,not measured,locus down; no block-added events,false,0,0,,,0,0,0,0,,,,,0,6,0,0,0,,,,signed payment,1624,60,
2026-10-10T03:36:00Z,locus,not measured,locus down; no block-added events,false,0,0,,,0,0,0,0,,,,,0,6,0,0,0,,,,signed payment,1624,60,
2026-10-10T03:37:00Z,locus,not measured,locus down; no block-added events,false,0,0,,,0,0,0,0,,,,,0,6,0,0,0,,,,signed payment,1624,60,
2026-10-10T03:38:00Z,locus,not measured,locus down; no block-added events,false,0,0,,,0,0,0,0,,,,,0,6,0,0,0,,,,signed payment,1624,60,
2026-10-10T03:39:00Z,locus,not measured,locus down; no block-added events,false,0,0,,,0,0,0,0,,,,,0,6,0,0,0,,,,signed payment,1624,60,
2026-10-10T03:40:00Z,locus,not measured,locus down; no block-added events,false,0,0,,,0,0,0,0,,,,,0,6,0,0,0,,,,signed payment,1624,60,
2026-10-10T03:41:00Z,locus,not measured,locus down; no block-added events,false,0,0,,,0,0,0,0,,,,,0,6,0,0,0,,,,signed payment,1624,60,
2026-10-10T03:42:00Z,locus,not measured,locus down; no block-added events,false,0,0,,,0,0,0,0,,,,,0,6,0,0,0,,,,signed payment,1624,60,
2026-10-10T03:43:00Z,locus,not measured,locus down; no block-added events,false,0,0,,,0,0,0,0,,,,,0,6,0,0,0,,,,signed payment,1624,60,
2026-10-10T03:44:00Z,locus,not measured,locus down; no block-added events,false,0,0,,,0,0,0,0,,,,,0,6,0,0,0,,,,signed payment,1624,60,
2026-10-10T03:45:00Z,locus,not measured,locus down; no block-added events,false,0,0,,,0,0,0,0,,,,,0,6,0,0,0,,,,signed payment,1624,60,
2026-10-10T03:46:00Z,locus,not measured,locus down; no block-added events,false,0,0,,,0,0,0,0,,,,,0,6,0,0,0,,,,signed payment,1624,60,
2026-10-10T03:47:00Z,locus,not measured,locus down; no block-added events,false,0,0,,,0,0,0,0,,,,,0,6,0,0,0,,,,signed payment,1624,60,
2026-10-10T03:48:00Z,locus,not measured,locus down; no block-added events,false,0,0,,,0,0,0,0,,,,,0,6,0,0,0,,,,signed payment,1624,60,
2026-10-10T03:49:00Z,locus,not measured,locus down; no block-added events,false,0,0,,,0,0,0,0,,,,,0,6,0,0,0,,,,signed payment,1624,60,
2026-10-10T03:50:00Z,locus,not measured,locus down; no block-added events,false,0,0,,,0,0,0,0,,,,,0,6,0,0,0,,,,signed payment,1624,60,
2026-10-10T03:51:00Z,locus,not measured,locus down; no block-added events,false,0,0,,,0,0,0,0,,,,,0,6,0,0,0,,,,signed payment,1624,60,
2026-10-10T03:52:00Z,locus,not measured,locus down; no block-added events,false,0,0,,,0,0,0,0,,,,,0,6,0,0,0,,,,signed payment,1624,60,
2026-10-10T03:53:00Z,locus,not measured,locus down; no block-added events,false,0,0,,,0,0,0,0,,,,,0,6,0,0,0,,,,signed payment,1624,60,
2026-10-10T03:54:00Z,locus,not measured,locus down; no block-added events,false,0,0,,,0,0,0,0,,,,,0,6,0,0,0,,,,signed payment,1624,60,
2026-10-10T03:55:00Z,locus,not measured,locus down; no block-added events,false,0,0,,,0,0,0,0,,,,,0,6,0,0,0,,,,signed payment,1624,60,
2026-10-10T03:56:00Z,locus,not measured,locus down; no block-added events,false,0,0,,,0,0,0,0,,,,,0,6,0,0,0,,,,signed payment,1624,60,
2026-10-10T03:57:00Z,locus,not measured,locus down; no block-added events,false,0,0,,,0,0,0,0,,,,,0,6,0,0,0,,,,signed payment,1624,60,
2026-10-10T03:58:00Z,locus,not measured,locus down; no block-added events,false,0,0,,,0,0,0,0,,,,,0,6,0,0,0,,,,signed payment,1624,60,
2026-10-10T03:59:00Z,locus,not measured,locus down; no block-added events,false,0,0,,,0,0,0,0,,,,,0,6,0,0,0,,,,signed payment,1624,60,
2026-10-10T04:00:00Z,locus,not measured,locus down; no block-added events,false,0,0,,,0,0,0,0,,,,,0,6,0,0,0,,,,signed payment,1624,60,
2026-10-10T04:01:00Z,locus,not measured,locus down; no block-added events,false,0,0,,,0,0,0,0,,,,,0,6,0,0,0,,,,signed payment,1624,60,
2026-10-10T04:02:00Z,locus,not measured,locus down; no block-added events,false,0,0,,,0,0,0,0,,,,,0,6,0,0,0,,,,signed payment,1624,60,
2026-10-10T04:03:00Z,locus,not measured,locus down; no block-added events,false,0,0,,,0,0,0,0,,,,,0,6,0,0,0,,,,signed payment,1624,60,
2026-10-10T04:04:00Z,locus,not measured,locus down; no block-added events,false,0,0,,,0,0,0,0,,,,,0,6,0,0,0,,,,signed payment,1624,60,
2026-10-10T04:05:00Z,locus,not measured,locus down; no block-added events,false,0,0,,,0,0,0,0,,,,,0,6,0,0,0,,,,signed payment,1624,60,
2026-10-10T04:06:00Z,locus,not measured,locus down; no block-added events,false,0,0,,,0,0,0,0,,,,,0,6,0,0,0,,,,signed payment,1624,60,
2026-10-10T04:07:00Z,locus,not measured,locus down; no block-added events,false,0,0,,,0,0,0,0,,,,,0,6,0,0,0,,,,signed payment,1624,60,
2026-10-10T04:08:00Z,locus,not measured,locus down; no block-added events,false,0,0,,,0,0,0,0,,,,,0,6,0,0,0,,,,signed payment,1624,60,
2026-10-10T04:09:00Z,locus,not measured,locus down; no block-added events,false,0,0,,,0,0,0,0,,,,,0,6,0,0,0,,,,signed payment,1624,60,
2026-10-10T04:10:00Z,locus,not measured,locus down; no block-added events,false,0,0,,,0,0,0,0,,,,,0,6,0,0,0,,,,signed payment,1624,60,
2026-10-10T04:11:00Z,locus,not measured,locus down; no block-added events,false,0,0,,,0,0,0,0,,,,,0,6,0,0,0,,,,signed payment,1624,60,
2026-10-10T04:12:00Z,locus,not measured,locus down; no block-added events,false,0,0,,,0,0,0,0,,,,,0,6,0,0,0,,,,signed payment,1624,60,
2026-10-10T04:13:00Z,locus,not measured,locus down; no block-added events,false,0,0,,,0,0,0,0,,,,,0,6,0,0,0,,,,signed payment,1624,60,
2026-10-10T04:14:00Z,locus,not measured,locus down; no block-added events,false,0,0,,,0,0,0,0,,,,,0,6,0,0,0,,,,signed payment,1624,60,
2026-10-10T04:15:00Z,locus,not measured,locus down; no block-added events,false,0,0,,,0,0,0,0,,,,,0,6,0,0,0,,,,signed payment,1624,60,
2026-10-10T04:16:00Z,locus,not measured,locus down; no block-added events,false,0,0,,,0,0,0,0,,,,,0,6,0,0,0,,,,signed payment,1624,60,
2026-10-10T04:17:00Z,locus,not measured,locus down; no block-added events,false,0,0,,,0,0,0,0,,,,,0,6,0,0,0,,,,signed payment,1624,60,
2026-10-10T04:18:00Z,locus,not measured,locus down; no block-added events,false,0,0,,,0,0,0,0,,,,,0,6,0,0,0,,,,signed payment,1624,60,
2026-10-10T04:19:00Z,locus,not measured,locus down; no block-added events,false,0,0,,,0,0,0,0,,,,,0,6,0,0,0,,,,signed payment,1624,60,
2026-10-10T04:20:00Z,locus,not measured,locus down; no block-added events,false,0,0,,,0,0,0,0,,,,,0,6,0,0,0,,,,signed payment,1624,60,
2026-10-10T04:21:00Z,locus,not measured,locus down; no block-added events,false,0,0,,,0,0,0,0,,,,,0,6,0,0,0,,,,signed payment,1624,60,
2026-10-10T04:22:00Z,locus,not measured,locus down; no block-added events,false,0,0,,,0,0,0,0,,,,,0,6,0,0,0,,,,signed payment,1624,60,
2026-10-10T04:23:00Z,locus,not measured,locus down; no block-added events,false,0,0,,,0,0,0,0,,,,,0,6,0,0,0,,,,signed payment,1624,60,
2026-10-10T04:24:00Z,locus,not measured,locus down; no block-added events,false,0,0,,,0,0,0,0,,,,,0,6,0,0,0,,,,signed payment,1624,60,
2026-10-10T04:25:00Z,locus,not measured,locus down; no block-added events,false,0,0,,,0,0,0,0,,,,,0,6,0,0,0,,,,signed payment,1624,60,
2026-10-10T04:26:00Z,locus,not measured,locus down; no block-added events,false,0,0,,,0,0,0,0,,,,,0,6,0,0,0,,,,signed payment,1624,60,
2026-10-10T04:27:00Z,locus,not measured,locus down; no block-added events,false,0,0,,,0,0,0,0,,,,,0,6,0,0,0,,,,signed payment,1624,60,
2026-10-10T04:28:00Z,locus,not measured,locus down; no block-added events,false,0,0,,,0,0,0,0,,,,,0,6,0,0,0,,,,signed payment,1624,60,
2026-10-10T04:29:00Z,locus,not measured,locus down; no block-added events,false,0,0,,,0,0,0,0,,,,,0,6,0,0,0,,,,signed payment,1624,60,
2026-10-10T04:30:00Z,locus,not measured,locus down; no block-added events,false,0,0,,,0,0,0,0,,,,,0,6,0,0,0,,,,signed payment,1624,60,
2026-10-10T04:31:00Z,locus,not measured,locus down; no block-added events,false,0,0,,,0,0,0,0,,,,,0,6,0,0,0,,,,signed payment,1624,60,
2026-10-10T04:32:00Z,locus,not measured,locus down; no block-added events,false,0,0,,,0,0,0,0,,,,,0,6,0,0,0,,,,signed payment,1624,60,
2026-10-10T04:33:00Z,locus,not measured,locus down; no block-added events,false,0,0,,,0,0,0,0,,,,,0,6,0,0,0,,,,signed payment,1624,60,
2026-10-10T04:34:00Z,locus,not measured,locus down; no block-added events,false,0,0,,,0,0,0,0,,,,,0,6,0,0,0,,,,signed payment,1624,60,
2026-10-10T04:35:00Z,locus,not measured,locus down; no block-added events,false,0,0,,,0,0,0,0,,,,,0,6,0,0,0,,,,signed payment,1624,60,
2026-10-10T04:36:00Z,locus,not measured,locus down; no block-added events,false,0,0,,,0,0,0,0,,,,,0,6,0,0,0,,,,signed payment,1624,60,
2026-10-10T04:37:00Z,locus,not measured,locus down; no block-added events,false,0,0,,,0,0,0,0,,,,,0,6,0,0,0,,,,signed payment,1624,60,
2026-10-10T04:38:00Z,locus,not measured,locus down; no block-added events,false,0,0,,,0,0,0,0,,,,,0,6,0,0,0,,,,signed payment,1624,60,
2026-10-10T04:39:00Z,locus,not measured,locus down; no block-added events,false,0,0,,,0,0,0,0,,,,,0,6,0,0,0,,,,signed payment,1624,60,
2026-10-10T04:40:00Z,locus,not measured,locus down; no block-added events,false,0,0,,,0,0,0,0,,,,,0,6,0,0,0,,,,signed payment,1624,60,
2026-10-10T04:41:00Z,locus,not measured,locus down; no block-added events,false,0,0,,,0,0,0,0,,,,,0,6,0,0,0,,,,signed payment,1624,60,
2026-10-10T04:42:00Z,locus,not measured,locus down; no block-added events,false,0,0,,,0,0,0,0,,,,,0,6,0,0,0,,,,signed payment,1624,60,
2026-10-10T04:43:00Z,locus,not measured,locus down; no block-added events,false,0,0,,,0,0,0,0,,,,,0,6,0,0,0,,,,signed payment,1624,60,
2026-10-10T04:44:00Z,locus,not measured,locus down; no block-added events,false,0,0,,,0,0,0,0,,,,,0,6,0,0,0,,,,signed payment,1624,60,
2026-10-10T04:45:00Z,locus,not measured,locus down; no block-added events,false,0,0,,,0,0,0,0,,,,,0,6,0,0,0,,,,signed payment,1624,60,
2026-10-10T04:46:00Z,locus,not measured,locus down; no block-added events,false,0,0,,,0,0,0,0,,,,,0,6,0,0,0,,,,signed payment,1624,60,
2026-10-10T04:47:00Z,locus,not measured,locus down; no block-added events,false,0,0,,,0,0,0,0,,,,,0,6,0,0,0,,,,signed payment,1624,60,
2026-10-10T04:48:00Z,locus,not measured,locus down; no block-added events,false,0,0,,,0,0,0,0,,,,,0,6,0,0,0,,,,signed payment,1624,60,
2026-10-10T04:49:00Z,locus,not measured,locus down; no block-added events,false,0,0,,,0,0,0,0,,,,,0,6,0,0,0,,,,signed payment,1624,60,
2026-10-10T04:50:00Z,locus,not measured,locus down; no block-added events,false,0,0,,,0,0,0,0,,,,,0,6,0,0,0,,,,signed payment,1624,60,
2026-10-10T04:51:00Z,locus,not measured,locus down; no block-added events,false,0,0,,,0,0,0,0,,,,,0,6,0,0,0,,,,signed payment,1624,60,
2026-10-10T04:52:00Z,locus,not measured,locus down; no block-added events,false,0,0,,,0,0,0,0,,,,,0,6,0,0,0,,,,signed payment,1624,60,
2026-10-10T04:53:00Z,locus,not measured,locus down; no block-added events,false,0,0,,,0,0,0,0,,,,,0,6,0,0,0,,,,signed payment,1624,60,
2026-10-10T04:54:00Z,locus,not measured,locus down; no block-added events,false,0,0,,,0,0,0,0,,,,,0,6,0,0,0,,,,signed payment,1624,60,
2026-10-10T04:55:00Z,locus,not measured,locus down; no block-added events,false,0,0,,,0,0,0,0,,,,,0,6,0,0,0,,,,signed payment,1624,60,
2026-10-10T04:56:00Z,locus,not measured,locus down; no block-added events,false,0,0,,,0,0,0,0,,,,,0,6,0,0,0,,,,signed payment,1624,60,
2026-10-10T04:57:00Z,locus,not measured,locus down; no block-added events,false,0,0,,,0,0,0,0,,,,,0,6,0,0,0,,,,signed payment,1624,60,
2026-10-10T04:58:00Z,locus,not measured,locus down; no block-added events,false,0,0,,,0,0,0,0,,,,,0,6,0,0,0,,,,signed payment,1624,60,
